ID,Título,Validado,sitio,fecha,link
1,GATILLO FÁCIL en LUGANO: confirman que el VECINO MURIÓ por un DISPARO de la POLICÍA - El Destape,VALIDO,El Destape,"Sat, 27 Dec 2025 19:29:00 GMT",https://www.eldestapeweb.com/sociedad/policia-de-la-ciudad/confirman-que-el-vecino-de-lugano-fallecido-recibio-un-disparo-letal-20251227192952
2,"Casación agravó la calificación en un caso por ""gatillo fácil"" y ordenó recalcular la pena - Página|12",VALIDO,Pagina 12,"Sat, 21 May 2022 03:01:00 GMT",https://www.pagina12.com.ar/423124-casacion-agravo-la-calificacion-en-un-caso-por-gatillo-facil/
3,Se viene la 8va Marcha Nacional contra el Gatillo Fácil - ANRed,NO RELEVANTE,ANRed,"Tue, 23 Aug 2022 00:00:00 GMT",https://www.anred.org/se-viene-la-8va-marcha-nacional-contra-el-gatillo-facil/
4,Detenido por traidor - El Nueve,NO RELEVANTE,Canal 9,"Thu, 08 Jan 2026 10:47:00 GMT",https://www.elnueve.com.ar/telenueve/34425-detenido-por-traidor
5,Un detenido por venta de drogas en una casilla en Barrio Matera - Diariolaprimera,NO RELEVANTE,diariolaprimera.com.ar,,https://diariolaprimera.com.ar/contenido/8264/un-detenido-por-venta-de-drogas-en-una-casilla-en-barrio-matera
6,La esposa del fiscal que buscaba a la adolescente desaparecida en La Matanza la encontró: un detenido - Infobae,NO RELEVANTE,infobae,"Mon, 27 Oct 2025 16:00:00 GMT",https://www.infobae.com/sociedad/policiales/2025/10/28/la-esposa-del-fiscal-que-buscaba-a-la-adolescente-desaparecida-en-la-matanza-la-encontro-un-detenido/
7,Persecución y tiroteo de Lanús a Lomas: ladrones robaron un auto y fueron detenidos - El Diario Sur,NO RELEVANTE,ElDiarioSur,"Tue, 22 Aug 2023 08:51:00 GMT",https://www.eldiariosur.com/lomas-de-zamora/2023/8/22/persecucion-tiroteo-de-lanus-lomas-ladrones-robaron-un-auto-fueron-detenidos-62560.html
8,Detuvieron en Capital Federal a dos sospechosos del crimen en Playa Magagna - Canal 12 Web,NO RELEVANTE,Canal 12 Web,"Sat, 13 Dec 2025 17:26:00 GMT",https://canal12web.com/detuvieron-en-capital-federal-a-dos-sospechosos-del-crimen-en-playa-magagna/
9,"Detuvieron a ""La Cheta"" en Corrientes por fiestas clandestinas en Buenos Aires - Radio Dos Corrientes",NO RELEVANTE,radiodos.com.ar,,https://www.radiodos.com.ar/68616-detuvieron-a-la-cheta-en-corrientes-por-fiestas-clandestinas-en-buenos-aires-
10,Más de 100 kilos de cocaína en dos camionetas que viajaban de Tucumán a Buenos Aires: cuatro detenidos - Infobae,NO RELEVANTE,infobae,"Thu, 10 Jul 2025 12:54:00 GMT",https://www.infobae.com/sociedad/policiales/2025/07/10/mas-de-100-kilos-de-cocaina-en-dos-camionetas-que-viajaban-de-tucuman-a-buenos-aires-cuatro-detenidos/
11,Un empleado del Servicio Penitenciario fue detenido acusado de vender estupefacientes - Conexión 7400,NO RELEVANTE,Conexión 7400,"Mon, 24 Mar 2025 00:00:00 GMT",https://lu32.com.ar/policiales/un-empleado-del-servicio-penitenciario-fue-detenido-acusado-de-vender-estupefacientes_a6837b6447af5dba70a6f6ac5
12,Mujer policía manejó borracha en contramano por la Panamericana y fingió un abuso para no ser detenida - Crónica,NO RELEVANTE,Crónica - Firme junto al pueblo,"Tue, 02 Nov 2021 09:40:00 GMT",https://www.cronica.com.ar/policiales/Mujer-policia-manejo-borracha-en-contramano-por-la-Panamericana-y-fingio-un-abuso-para-no-ser-detenida-20211102-0028.html
13,Represión a trabajadores de FATE: al menos 40 atendidos por la Posta de Salud y el CeProDH - La Izquierda Diario,VALIDO,La Izquierda Diario,"Wed, 04 Mar 2015 00:00:00 GMT",https://www.laizquierdadiario.com/Represion-a-trabajadores-de-FATE-al-menos-40-atendidos-por-la-Posta-de-Salud-y-el-CeProDH
14,Estaba prófugo por intentar asesinar a un gendarme y fue detenido - Agencia Noticias Argentinas,NO RELEVANTE,Noticias Argentinas,"Tue, 13 Jan 2026 10:14:00 GMT",https://noticiasargentinas.com/sociedad/estaba-profugo-por-intentar-asesinar-a-un-gendarme-y-fue-detenido_a69663bd7cbf033dd99b27b80
15,Escándalo en la Ciudad: detuvieron a dos policías por fraude y abuso sexual durante el operativo de Argentina-Bolivia - Diario Registrado,NO RELEVANTE,Diario Registrado,"Thu, 06 Feb 2025 20:22:00 GMT",https://www.diarioregistrado.com/politica/escandalo-en-la-ciudad--detuvieron-a-dos-policias-por-fraude-y-abuso-sexual-durante-el-operativo-de-argentina-bolivia_a67a53fd7a20b0819e434ba3c
16,"Villa Lugano en luto: oficial a disponibilidad por balear a vecino en Navidad, CORREPI grita “gatillo fácil” y exige justicia – Diario CEMBA - Diario CEMBA",VALIDO,cemba.com.ar,,https://cemba.com.ar/2025/12/29/villa-lugano-en-luto-oficial-a-disponibilidad-por-balear-a-vecino-en-navidad-correpi-grita-gatillo-facil-y-exige-justicia/
17,Otra vez gatillo fácil: la Policía porteña le disparó a un hombre en situación de calle - Infonews,VALIDO,Infonews,"Mon, 29 Dec 2025 10:09:00 GMT",https://infonews.com/otra-vez-gatillo-facil-la-policia-portena-le-disparo-a-un-hombre-en-situacion-de-calle.html
18,"Marcha de Jubilados: Esta vez, una periodista salteña fue víctima de la represión policial - El Expreso de Salta",VALIDO,elexpresodesalta.com.ar,,https://elexpresodesalta.com.ar/contenido/50172/marcha-de-jubilados-esta-vez-una-periodista-saltena-fue-victima-de-la-represion-
19,Intento de robo en Mataderos: persecución policial terminó con un detenido y un cómplice prófugo - Pura Ciudad,NO RELEVANTE,Pura Ciudad,"Wed, 11 Mar 2026 12:21:12 GMT",https://news.google.com/rss/articles/CBMixAFBVV95cUxQZk5KdTBlRmhnLUczMENvVkViQ1c3U0NTLVpEcEw4R2kzcEZSMHI0WG5xdHVPOXlLaVBHUVJ2cTdPRGEyTHFDdWFxbENXWHJTT3NNeXlsNUZ5dWlyN2VSSlFkbTZwZk9oQXpPd2dIWEFId3VWcXhNNmt6c0tFUkVxbmN4cjRVZV8xUjBsZHNDLXp2TUZCaDBqeUJWLUFKUDkxYms2SWpCVFN0UW5remJUcDExQWI2U3NQWmhyZWdiTGNxdVVS?oc=5&hl=en-US&gl=US&ceid=US:en
20,Más de 20 detenidos e imputados tras una ola de operativos en distintas ciudades del país por delitos sexuales - Infobae,NO RELEVANTE,infobae,"Sat, 13 Dec 2025 19:01:00 GMT",https://www.infobae.com/sociedad/policiales/2025/12/13/mas-de-20-detenidos-e-imputados-tras-una-ola-de-operativos-en-distintas-ciudades-del-pais-por-delitos-sexuales/
21,Tres hombres fueron detenidos en Constitución por robar una camioneta con un inhibidor de señal - Infobae,NO RELEVANTE,infobae,"Wed, 15 Oct 2025 13:13:00 GMT",https://www.infobae.com/sociedad/policiales/2025/10/15/tres-colombianos-fueron-detenidos-en-constitucion-por-robar-una-camioneta-utilizando-un-inhibidor-de-senal/
22,"Un hombre perdió el control de su auto en Flores, chocó contra un árbol y terminó detenido - Canal26",NO RELEVANTE,Canal26,"Fri, 26 Dec 2025 12:52:00 GMT",https://www.canal26.com/general/2025/12/26/un-hombre-perdio-el-control-de-su-auto-en-flores-choco-contra-un-arbol-y-termino-detenido/
23,Tras una dramática persecución detuvieron a un delincuente con una camioneta robada en la autopista Cámpora - Big Bang! News,NO RELEVANTE,Big Bang! News,"Tue, 02 Sep 2025 10:20:00 GMT",https://www.bigbangnews.com/policiales/tras-una-dramatica-persecucion-detuvieron-delincuente-una-camioneta-robada-autopista-campora-n97058
24,Video: detuvieron a un barra de All Boys acusado de incendiar un patrullero en la última marcha al Congreso - TN,NO RELEVANTE,Todo Noticias,"Wed, 19 Mar 2025 11:36:56 GMT",https://tn.com.ar/policiales/2025/03/19/video-detuvieron-a-un-barra-de-all-boys-acusado-de-incendiar-un-patrullero-en-la-ultima-marcha-al-congreso/
25,Resistencia: detuvieron a un hombre con pedidos de captura por robo y lesiones en CABA - TN24.com.ar,NO RELEVANTE,TN24,"Mon, 24 Feb 2025 18:10:39 GMT",https://news.google.com/rss/articles/CBMiugFBVV95cUxPS0VkWkhmQ3Z0dFk0blE2T2trOVZZTEhON1dvVFpZT2Y4QXllUEhnVmpQRndTUF9uWmJxcEtlNEw2OFplbUZsa25uVDFnT1JPdVFFMmNIZXl1REtiZzFSeVFKalRsS0VIM3RGaU1CTTBxSS1tMFBsa3ptYmpmdXd1RTEzRkpwX21aNUV1N1drdDJnUlh3N3IyQlk5dUh4RUtrNl9WcGRUaV8zLUxld2E0ZGZQTllmTGE2N3c?oc=5&hl=en-US&gl=US&ceid=US:en
26,"Un conductor sin licencia fue detenido en la autopista Buenos Aires-La Plata y le dio 2,73 en el control de alcoholemia - Infobae",NO RELEVANTE,infobae,"Wed, 11 Mar 2026 20:40:00 GMT",https://www.infobae.com/sociedad/2026/03/11/un-conductor-sin-licencia-fue-detenido-en-la-autopista-buenos-aires-la-plata-y-le-dio-273-en-el-control-de-alcoholemia/
27,Gatillo Fácil en CABA: el asesinato de Gabriel González confirma a la policía porteña como “la fuerza más letal” - Agencia Hoy,VALIDO,agenciahoy.com,"Sun, 28 Dec 2025 12:32:00 GMT",https://www.agenciahoy.com/noticia/gatillo-facil-en-caba-la-policia-portena-es-la-fuerza-mas-letal
28,Detuvieron a dos delincuentes que se dedicaban a asaltar a choferes de aplicaciones en Villa Soldati - Infobae,NO RELEVANTE,infobae,"Sun, 18 Jan 2026 18:07:00 GMT",https://www.infobae.com/sociedad/policiales/2026/01/18/detuvieron-a-dos-delincuentes-que-se-dedicaban-a-asaltar-a-choferes-de-aplicaciones-en-villa-soldati/
29,"Un delincuente quiso robarle un reloj a un turista italiano, lo detuvieron y descubrieron que tenía 17 antecedentes penalestece - TN",NO RELEVANTE,Todo Noticias,"Sat, 10 Jan 2026 17:07:40 GMT",https://tn.com.ar/policiales/2026/01/10/detuvieron-a-un-delincuente-que-intento-robarle-un-reloj-a-un-turista-italiano-en-monserrat/
30,Denuncian un nuevo caso de gatillo fácil en la Ciudad - Página|12,VALIDO,Pagina 12,"Mon, 29 Dec 2025 03:01:00 GMT",https://www.pagina12.com.ar/2025/12/28/denuncian-un-nuevo-caso-de-gatillo-facil-en-la-ciudad/
31,"Vecinos de Balvanera y San Cristóbal, sobre el caso denunciado como gatillo fácil en Villa Lugano: “Exigimos el pronto esclarecimiento” – Revista el Abasto - Revista el Abasto",VALIDO,revistaelabasto.com.ar,"Sun, 28 Dec 2025 15:50:22 GMT",https://www.revistaelabasto.com.ar/vecinos-de-balvanera-y-san-cristobal-sobre-el-caso-denunciado-como-gatillo-facil-en-villa-lugano-exigimos-el-pronto-esclarecimiento/
32,"Policía de la Ciudad: incluyen casos en Almagro, Boedo y San Cristóbal en el mapa del gatillo fácil - Revista el Abasto",VALIDO,google.com,"Tue, 12 Jul 2022 00:00:00 GMT",https://news.google.com/rss/articles/CBMizgFBVV95cUxNSHRLcWhnaklVR2QzZGJDSW9hX2pPY3NFM2NqXzhucDZOVW9XTjRFWnhHSkg2OWhlcDdmM04tVXgzVEpvN2hEc0J3MkJUeV9rTy1LMmxweDFMYmVIMmJsek9XWUxOeVVmSXpkcTNzRERpMDFXUXc1VmU4cy1rVFZwOXhmakVzRzhzbmpJV2lSbldhaksxVWNWU3dETi1DUUo3YUxwemFxT3lsSERpQ21RRXhESWM5Q1h2TkdqMkdSMHRNZDhya19PVng2Ynlvdw?oc=5&hl=en-US&gl=US&ceid=US:en
33,"""Una aberración"". Georgina Barbarossa criticó a Roberto García Moritán por su tuit sobre la represión policial - La Voz del Interior",NO RELEVANTE,La Voz del Interior,"Fri, 13 Sep 2024 20:20:29 GMT",https://www.lavoz.com.ar/espectaculos/tv/georgina-barbarossa-critico-a-roberto-garcia-moritan-por-su-tuit-sobre-la-represion-policial/
34,Detuvieron al supuesto autor material de la decapitación en Ciudadela - Página|12,NO RELEVANTE,Pagina 12,"Sun, 27 Apr 2025 01:56:40 GMT",https://www.pagina12.com.ar/821324-detuvieron-al-supuesto-autor-material-de-la-decapitacion-en-/
35,Detuvieron a un hombre que amenazó a Milei por redes sociales en Berazategui - Infobae,NO RELEVANTE,infobae,"Thu, 26 Jun 2025 14:51:00 GMT",https://www.infobae.com/sociedad/policiales/2025/06/27/detuvieron-a-un-hombre-que-amenazo-a-milei-por-redes-sociales-en-berazategui/
36,Corrientes: Detenido al intentar transportar más de 600 pastillas de éxtasis desde Posadas a Buenos Aires - Argentina.gob.ar,NO RELEVANTE,,,
37,CABA. Represión a trabajadores de FATE: al menos 40 atendidos por la Posta de Salud y el CeProDH - laizquierdadiario.mx,VALIDO,,,
38,Liberan al hombre con problemas de salud mental apresado en la represión del viernes - Página|12,VALIDO,Pagina 12,"Sun, 04 Feb 2024 16:56:22 GMT",https://www.pagina12.com.ar/709989-preocupacion-por-un-hombre-con-problemas-de-salud-mental-det/
39,Detuvieron a una banda de adolescentes que llegaban desde el Conurbano para robar en CABA - Cronos Noticias,NO RELEVANTE,Cronos Noticias,"Tue, 02 Sep 2025 00:00:00 GMT",https://infocronos.com.ar/nota/51231/detuvieron-a-una-banda-de-adolescentes-que-llegaban-desde-el-conurbano-para-robar-en-caba/
40,Multas por usar el celular con el auto detenido: cuándo se aplican - eldebate.com.ar,NO RELEVANTE,eldebate.com.ar,"Tue, 03 Feb 2026 19:00:00 GMT",https://eldebate.com.ar/multas-por-usar-el-celular-con-el-auto-detenido-cuando-se-aplican/
41,Recapturaron a uno de los seis detenidos que se fugaron de la comisaría en Balvanera - TN,NO RELEVANTE,Todo Noticias,"Tue, 18 Feb 2025 10:57:56 GMT",https://tn.com.ar/policiales/2025/02/18/otra-fuga-en-caba-seis-presos-se-escaparon-de-una-comisaria-en-balvanera/
42,Navidad trágica y gatillo fácil: la Policía de la Ciudad acribilló a un hombre en Villa Lugano - Página|12,NO RELEVANTE,Pagina 12,"Fri, 26 Dec 2025 14:58:47 GMT",https://www.pagina12.com.ar/2025/12/26/navidad-tragica-y-gatillo-facil-la-policia-de-la-ciudad-acribillo-a-un-hombre-en-villa-lugano/
43,La trama detrás de la represión policial en la plaza Congreso - Página|12,VALIDO,Pagina 12,"Fri, 13 Feb 2026 03:01:00 GMT",https://www.pagina12.com.ar/2026/02/13/infiltrados-o-militantes-la-trama-detras-de-la-represion-en-la-plaza-congreso/
44,"Atraparon a ""Pequeño J"" y a Matías Ozorio: quiénes son todos los detenidos por el triple femicidio de Florencio Varela - Página|12",NO RELEVANTE,Pagina 12,"Wed, 01 Oct 2025 00:25:16 GMT",https://www.pagina12.com.ar/862003-quienes-son-todos-los-detenidos-por-el-triple-femicidio-de-f/
45,"""Pequeño J"" rechazó la extradición voluntaria, pero quedó detenido - Página|12",NO RELEVANTE,Pagina 12,"Fri, 03 Oct 2025 18:34:56 GMT",https://www.pagina12.com.ar/862964-pequeno-j-rechazo-la-extradicion-voluntaria/
46,Detuvieron en CABA a tres sospechosos por la millonaria estafa al empresario piquense Faruelo - infopico.com,NO RELEVANTE,infopico.com,"Sat, 28 Feb 2026 22:29:33 GMT",https://www.infopico.com/2026/02/28/detuvieron-en-caba-a-tres-sospechosos-por-la-millonaria-estafa-al-empresario-piquense-faruelo/
47,"Día de furia en Moreno: fuego, corridas y represión en la municipalidad tras el asesinato de un repartidor - La Política Online",NO RELEVANTE,LapoliticaOnline,"Fri, 31 Jan 2025 20:36:55 GMT",https://www.lapoliticaonline.com/conurbano/dia-de-furia-en-moreno-fuego-corridas-y-represion-en-la-municipalidad-tras-el-asesinato-de-un-repartidor/
48,Fuerte represión policial en la marcha de jubilados convocada por hinchas - Il Globo,NO RELEVANTE,IL GLOBO,"Mon, 28 Jul 2025 00:00:00 GMT",https://news.google.com/rss/articles/CBMirgFBVV95cUxNTDFCVmJNX1JEd3JHUGs1cG9saXZVbFo3MmRwd2ZnbmZBN3VGRWpLdjBwc3REel91cWtWSlRxR09qSkJ0ZjRIbmtqbUJHWjFqc3lrNzdPM0R5bDFpQm1oRnBlbm9wUnFHOWtmRV82V1FpWmFvYndIWWNjVm91cjNiYUFrZHlrOG14Q0d5S3FSRk1laHBGRXJwblpqRV9JOUtQbVZhcllVZDYxN0lEMWc?oc=5&hl=en-US&gl=US&ceid=US:en
49,Cayó un bunker narco en Barrio Fraga: el detenido intentó sobornar a la Policía - villaortuzar.ar,NO RELEVANTE,Villa Ortúzar Periódico,"Mon, 09 Mar 2026 19:22:17 GMT",https://villaortuzar.ar/cayo-un-bunker-narco-en-barrio-fraga-el-detenido-intento-sobornar-a-la-policia/
50,"Detuvieron al joven que atacó a su bebé, a su pareja y a su suegra - Página|12",NO RELEVANTE,Pagina 12,"Sun, 14 Dec 2025 03:01:00 GMT",https://www.pagina12.com.ar/2025/12/13/detuvieron-al-joven-que-ataco-a-su-bebe-a-su-pareja-y-a-su-suegra/
51,Hay cuatro detenidos por el triple crimen en Buenos Aires - La Gaceta,NO RELEVANTE,La Gaceta,"Thu, 25 Sep 2025 14:21:42 GMT",https://www.lagaceta.com.ar/nota/1104562/seguridad/hay-cuatro-detenidos-triple-crimen-buenos-aires.html
52,"Detuvieron al otro hermano de Pimpi Camino, ex jefe de la barra de Newell‘s’ - La Capital",NO RELEVANTE,La Capital On Line,"Mon, 13 Apr 2009 15:29:00 GMT",https://www.lacapital.com.ar/policiales/detuvieron-al-otro-hermano-pimpi-camino-ex-jefe-la-barra-newells-n327557.html
53,Detuvieron en Córdoba a un hombre que era intensamente buscado en Buenos Aires por abuso sexual - Infobae,NO RELEVANTE,infobae,"Tue, 09 Sep 2025 16:57:00 GMT",https://www.infobae.com/sociedad/policiales/2025/09/10/detuvieron-en-cordoba-a-un-hombre-que-era-intensamente-buscado-en-buenos-aires-por-abuso-sexual/
54,Trabajadoras sexuales denuncian un plan de “limpieza” tras los casos de gatillo fácil en Navidad y fin de año - Página|12,VALIDO,Pagina 12,"Fri, 02 Jan 2026 03:15:00 GMT",https://www.pagina12.com.ar/2026/01/01/violencia-policial-en-constitucion-trabajadoras-sexuales-denuncian-un-plan-de-limpieza-tras-los-casos-de-gatillo-facil-en-navidad-y-fin-de-ano/
55,Gatillo fácil y detenciones en la Villa 31: “La polícia apagó la luz y los golpearon a bastonazos y patadas” - Agencia Paco Urondo,NO RELEVANTE,Agencia Paco Urondo,"Tue, 05 Jun 2018 00:00:00 GMT",https://www.agenciapacourondo.com.ar/violencia-institucional/gatillo-facil-y-detenciones-en-la-villa-31-la-policia-apago-la-luz-y-los
56,Gatillo fácil: 38 casos en seis años - El Grito del Sur,VALIDO,El Grito del Sur,"Wed, 13 Jul 2022 15:22:13 GMT",https://news.google.com/rss/articles/CBMie0FVX3lxTE80cDBiZ1JTeGVLOVpWU2NuYVYycmNnMDBBT3I1MFFFN0lRZlVVbXNiRnRBSEY3YlU4TE51TzZoWmR0WjZXa2xPdnBlWEp5M2VxelJNUHFUenQ5SFFKUGlqMDhxcmJ3cXM5Ukk3WmtPUDdEZ3V2OUJkR3ZDMA?oc=5&hl=en-US&gl=US&ceid=US:en
57,Balvanera: seis detenidos en operativo contra el narcotráfico - Cadena 3 Argentina,NO RELEVANTE,Cadena 3 Argentina,"Sat, 07 Mar 2026 14:06:00 GMT",https://www.cadena3.com/amp/noticia/sociedad/balvanera-seis-detenidos-en-operativo-contra-el-narcotrafico_526917
58,Calles empedradas y bodegones que siguen intactos: el encantador pueblo bonaerense donde el tiempo parece haberse detenido - Canal26,NO RELEVANTE,Canal26,"Fri, 06 Mar 2026 07:00:00 GMT",https://www.canal26.com/turismo/2026/03/06/calles-empedradas-y-bodegones-que-siguen-intactos-el-encantador-pueblo-bonaerense-donde-el-tiempo-parece-haberse-detenido/
59,Marchan a la Gobernación en La Plata contra el gatillo fácil y la violencia estatal - 0221,NO RELEVANTE,0221.com.ar,"Thu, 26 Aug 2021 13:15:00 GMT",https://www.0221.com.ar/nota/2021-8-26-10-15-0-marchan-a-la-gobernacion-en-la-plata-contra-el-gatillo-facil-y-la-violencia-estatal
60,Luis Pericás fue detenido en Buenos Aires - La Gaceta,NO RELEVANTE,La Gaceta,"Wed, 14 Sep 2016 17:38:19 GMT",https://www.lagaceta.com.ar/nota/699030/politica/luis-pericas-fue-detenido-buenos-aires.html
61,"Detuvieron a Mauro Martin, el jefe de La 12 - La Voz del Interior",NO RELEVANTE,La Voz del Interior,"Mon, 07 Jan 2013 21:17:35 GMT",https://www.lavoz.com.ar/deportes/futbol/detuvieron-mauro-martin-el-jefe-de-la-12/
62,Enjuiciarán a los policías que en 2013 reprimieron brutalmente en la Sala Alberdi - Agencia Paco Urondo,NO RELEVANTE,Agencia Paco Urondo,"Tue, 02 May 2017 00:00:00 GMT",https://www.agenciapacourondo.com.ar/violencia-institucional/enjuiciaran-los-policias-que-en-2013-reprimieron-brutalmente-en-la-sala
63,La Marcha de la Gorra contra el gatillo fácil - Página|12,NO RELEVANTE,google.com,,https://news.google.com/rss/articles/CBMiiAFBVV95cUxNUGp3NTR5QVlWdGxsVGY0QVpEeXdoUm5yTElTM3ZhaTFiYm95MHdETnM5c0ZqUWtManJXOGNfX0drSnZLZ1lxSks4LUhGakY1T3pzQnpURk40VEFXM2hpTm85NmszM3B5NEZGbU41eXotZkxUaFpySktPcENfSUtoZ1YzZml0NW9K?oc=5&hl=en-US&gl=US&ceid=US:en
64,La Ciudad sumó 900 nuevos policías a las calles en medio de cuestionamientos por el accionar represivo - Nota al Pie,NO RELEVANTE,Nota al Pie,"Sat, 05 Jul 2025 13:00:00 GMT",https://www.notaalpie.com.ar/2025/07/05/ciudad-nuevos-policias-represion/
65,Detuvieron a un policía de la Ciudad por abuso sexual: eyaculó sobre una soldado del Ejército en el tren Roca - Infobae,NO RELEVANTE,infobae,"Fri, 14 Jun 2024 18:18:00 GMT",https://www.infobae.com/sociedad/policiales/2024/06/14/detuvieron-a-un-policia-de-la-ciudad-por-abuso-sexual-eyaculo-sobre-una-soldado-del-ejercito-en-el-tren-roca/
66,Se realizó la 8va marcha nacional contra el gatillo fácil - Agencia de Noticias FARCO,NO RELEVANTE,Agencia de Noticias FARCO,"Tue, 28 Jul 2026 00:00:00 GMT",https://agencia.farco.org.ar/2022/08/29/se-realizo-la-8va-marcha-nacional-contra-el-gatillo-facil/
67,Gatillo fácil: un policía de civil asesinó a un hombre en Saavedra - La Izquierda Diario,NO RELEVANTE,La Izquierda Diario,"Tue, 28 Jul 2026 03:59:08 GMT",https://www.laizquierdadiario.com/Gatillo-facil-un-policia-de-civil-asesino-a-un-hombre-en-Saavedra
68,Lucas González: a un año del crimen por gatillo fácil en plena Ciudad de Buenos Aires - La Izquierda Diario,NO RELEVANTE,La Izquierda Diario,"Thu, 17 Nov 2022 11:00:05 GMT",https://www.laizquierdadiario.com/Lucas-Gonzalez-a-un-ano-del-crimen-por-gatillo-facil-en-plena-Ciudad-de-Buenos-Aires
69,Realizarán una nueva Marcha Nacional Contra el Gatillo Fácil - TV Pública,NO RELEVANTE,TVP,"Thu, 25 Aug 2022 14:57:16 GMT",https://www.tvpublica.com.ar/post/realizaran-una-nueva-marcha-nacional-contra-el-gatillo-facil
70,Detuvieron al policía de Jorge Macri que asesinó a escopetazos a Juan Gabriel González - La Izquierda Diario,NO RELEVANTE,La Izquierda Diario,"Sat, 02 Jan 2010 00:00:00 GMT",https://www.laizquierdadiario.com/Detuvieron-al-policia-de-Jorge-Macri-que-asesino-a-escopetazos-a-Juan-Gabriel-Gonzalez
71,Gatillo fácil en Constitución pasó a la Justicia nacional - El Tribuno,NO RELEVANTE,El Tribuno,"Thu, 22 Jan 2026 00:18:00 GMT",https://www.eltribuno.com/policiales/2026-1-22-0-0-0-gatillo-facil-en-constitucion-paso-a-la-justicia-nacional
72,Gatillo fácil en Villa Lugano: Procesaron con prisión preventiva al policía que mató a Gabriel González - laciudadweb.com.ar,NO RELEVANTE,Diario La Ciudad,"Sat, 10 Jan 2026 14:44:01 GMT",https://news.google.com/rss/articles/CBMiygFBVV95cUxPNEdSNFlIeDBqMnYyT0xiNDZKUVV6eVlhYlVaeXlXaVQwa09WY3BMSEg5YloweXlhN1hOZ21ta3YwazZGOHBadE1TbGRhUkNYb1RKUmRlZ1l5ZTVmU1hRbUFsNVB2MmVYbHphWjBpOUYtNnJ2ejlrVTZPOXRtRi12SHZwRzVwSDBsdGVGRzBoTk1RdE95QUJoUk5LcHhIUWVaUjNGLWpRWXRkSk1CQVRKMk01S0ViMHpJcXUtNTJtR2xnb0QwLVVaSjhB?oc=5&hl=en-US&gl=US&ceid=US:en
73,Audiencia frente a la Legislatura porteña por el asesinato de un vecino de la Villa 20: denuncia de gatillo fácil mientras avanza la investigación - Pura Ciudad,NO RELEVANTE,Pura Ciudad,"Wed, 31 Dec 2025 02:56:39 GMT",https://www.puraciudad.com.ar/audiencia-frente-a-la-legislatura-portena-por-el-asesinato-de-un-vecino-de-la-villa-20-denuncia-de-gatillo-facil-mientras-avanza-la-investigacion/
74,Gatillo fácil en Lugano: la autopsia confirmó que Gabriel González murió por disparo de escopeta - argentina.indymedia.org,NO RELEVANTE,Indymedia Argentina Centro de Medios Independientes (( i )),"Sat, 27 Dec 2025 21:27:44 GMT",https://news.google.com/rss/articles/CBMi1gFBVV95cUxNckJ6VU9kdlVlZlRaUmJuS1JpY29sZXAtU0xXMFA1eWJsdUVEMlRUN3dmWkNySTN4XzUzdVFQY2Z6bzVVVmt1OTBzT0EtZTQtNkQxS081UGRLNkFpOHA4NHdNd1FfZUpobjI2d0toYUZiVHVRNUpjOFRONDRJVHhDV2IwZFh4YVgxUUxiNnpGc0NGT3l6V3FRaFVQNnFIV2tGTVdHa3NDNUJTYTByZ1lxZm1Ia0tSb1B2OC1mQzR1S0szcmVhVjhIT0pkenhxY2F2a3hweklB?oc=5&hl=en-US&gl=US&ceid=US:en
75,"Vecinos de Balvanera y San Cristóbal, sobre el caso denunciado como gatillo fácil en Villa Lugano: “Exigimos el pronto esclarecimiento” – Diario CEMBA - Diario CEMBA",NO RELEVANTE,cemba.com.ar,,https://cemba.com.ar/2025/12/28/vecinos-de-balvanera-y-san-cristobal-sobre-el-caso-denunciado-como-gatillo-facil-en-villa-lugano-exigimos-el-pronto-esclarecimiento/
76,Gatillo fácil en Lugano. La Policía de Macri fusiló a un vecino en plena calle y ante la vista de todo el barrio - LaIzquierdaDiario.cl,NO RELEVANTE,La Izquierda Diario,"Fri, 26 Dec 2025 12:04:12 GMT",https://www.laizquierdadiario.cl/La-Policia-de-Macri-fusilo-a-un-vecino-en-plena-calle-y-ante-la-vista-de-todo-el-barrio
77,Pasan a la Justicia nacional causa por presunto gatillo fácil - Diario El Norte - San Nicolás,NO RELEVANTE,diarioelnorte.com.ar,,https://diarioelnorte.com.ar/pasan-a-la-justicia-nacional-causa-por-presunto-gatillo-facil/
78,Morón ahora tiene gatillo fácil - Diario Anticipos,NO RELEVANTE,Diario Anticipos,"Sun, 07 Dec 2025 21:51:51 GMT",https://diarioanticipos.com/2025/12/07/moron-ahora-tiene-gatillo-facil/
79,Denuncian un caso de gatillo fácil en Lugano: “Lo asesinaron a quemarropa” - Diario Digital Conclusión,NO RELEVANTE,Diario Digital Conclusión,"Fri, 26 Dec 2025 14:53:02 GMT",https://www.conclusion.com.ar/policiales/denuncian-un-caso-de-gatillo-facil-en-lugano-lo-asesinaron-a-quemarropa/12/2025/
80,Justicia por el fusilamiento de Juan Gabriel González: detuvieron al policía Daniel Miño - argentina.indymedia.org,NO RELEVANTE,Indymedia Argentina Centro de Medios Independientes (( i )),"Wed, 31 Dec 2025 22:27:10 GMT",https://news.google.com/rss/articles/CBMiywFBVV95cUxPbmpDUHNtTHJrZFRseFFiQ2RxOE9JT3lHNUk4XzM4YmkyOXYweEJ3N0llbnAxcVp5WFdGcWNYS3h6V2ZJSnRhVmlOUF9PbGFfUGF4LXlvS0pGUXd0c0U5R0t4UF8wc1B4V1lHSDdES0dFS3pTMl9QbHFzMFBsWmNGVTRKM0R6X01yV0tBRmNDNXIzSFVLVnZLTkxSWWRFMjY1SV9JeW9iNm4tWWRlVmhmMTI4RUFsZ2RKenlQdHExV1d5U0N0b214ejhPSQ?oc=5&hl=en-US&gl=US&ceid=US:en
81,Gatillo fácil en Lugano: detuvieron a un policía de la Ciudad de Buenos Aires - Diario Digital Conclusión,NO RELEVANTE,Diario Digital Conclusión,"Wed, 31 Dec 2025 20:35:28 GMT",https://www.conclusion.com.ar/policiales/gatillo-facil-en-lugano-detuvieron-a-un-policia-de-la-ciudad-de-buenos-aires/12/2025/
82,Denuncian un nuevo caso de gatillo fácil de la Policía de la Ciudad - Nueva Ciudad,NO RELEVANTE,nueva-ciudad.com.ar,"Mon, 29 Dec 2025 00:00:00 GMT",https://www.nueva-ciudad.com.ar/notas/202512/57308-denuncian-un-nuevo-caso-de-gatillo-facil-de-la-policia-de-la-ciudad.html
83,Otra vez gatillo fácil: la Policía porteña le disparó a un hombre en situación de calle - Infonews,NO RELEVANTE,Infonews,"Mon, 29 Dec 2025 10:09:00 GMT",https://infonews.com/otra-vez-gatillo-facil-la-policia-portena-le-disparo-a-un-hombre-en-situacion-de-calle.html
84,Policía de la Ciudad: El gatillo fácil no para - CORREPI,NO RELEVANTE,CORREPI,"Wed, 10 Aug 2022 20:02:25 GMT",https://www.correpi.org/2022/policia-de-la-ciudad-el-gatillo-facil-no-para/
85,Basta de gatillo fácil - Asociación Gremial Docente de la UBA,NO RELEVANTE,,,
86,#Fallos Gatillo fácil: Procesamiento de los agentes de policía que sin justificación alguna interceptaron un automóvil conducido por menores y dieron muerte a uno de ellos - al día | argentina,NO RELEVANTE,AL DÍA | ARGENTINA,"Wed, 16 Feb 2022 11:00:44 GMT",https://aldiaargentina.microjuris.com/2022/02/16/fallos-gatillo-facil-procesamiento-de-los-agentes-de-policia-que-sin-justificacion-alguna-interceptaron-un-automovil-conducido-por-menores-y-dieron-muerte-a-uno-de-ellos/
87,Euforia represiva II – Bullrich y el gatillo fácil - CORREPI,NO RELEVANTE,CORREPI,"Fri, 09 Feb 2024 18:58:39 GMT",https://www.correpi.org/2024/euforia-represiva-ii-bullrich-y-el-gatillo-facil/
88,Gatillo fácil en Villa Crespo: Piden prisión perpetua para tres policías de la Ciudad por gatillo fácil - CORREPI,NO RELEVANTE,CORREPI,"Fri, 13 Sep 2024 22:07:16 GMT",https://www.correpi.org/2024/gatillo-facil-en-villa-crespo-piden-prision-perpetua-para-tres-policias-de-la-ciudad-por-gatillo-facil/
89,Orden de matar con impunidad: El gatillo fácil es ley - CORREPI,NO RELEVANTE,CORREPI,"Mon, 03 Dec 2018 17:42:53 GMT",https://www.correpi.org/2018/orden-de-matar-con-impunidad-el-gatillo-facil-es-ley/
90,10º Marcha contra el gatillo fácil en Plaza de Mayo - Agencia de Noticias FARCO,NO RELEVANTE,Agencia de Noticias FARCO,"Tue, 28 Jul 2026 00:00:00 GMT",https://agencia.farco.org.ar/2024/08/28/10o-marcha-contra-el-gatillo-facil-en-plaza-de-mayo/
91,Cinco años de prisión para el policía que “plantó” un arma en un caso de gatillo fácil - La Nación,NO RELEVANTE,La Nacion,"Fri, 25 Oct 2024 20:16:58 GMT",https://www.lanacion.com.ar/seguridad/cinco-anos-de-prision-para-el-policia-acusado-de-plantar-un-arma-en-un-caso-de-gatillo-facil-nid25102024/
92,Se realiza hoy la 9º Marcha Nacional contra el Gatillo Fácil - Agencia de Noticias FARCO,NO RELEVANTE,Agencia de Noticias FARCO,"Tue, 28 Jul 2026 00:00:00 GMT",https://agencia.farco.org.ar/2023/08/28/se-realiza-hoy-la-9o-marcha-nacional-contra-el-gatillo-facil/
93,Policía de la Ciudad: El gatillo fácil no para - argentina.indymedia.org,NO RELEVANTE,Indymedia Argentina Centro de Medios Independientes (( i )),"Wed, 10 Aug 2022 18:59:21 GMT",https://argentina.indymedia.org/2022/08/10/policia-de-la-ciudad-el-gatillo-facil-no-para/
94,A 34 años de la Masacre de Budge: Seguimos luchando contra el gatillo fácil y la represión. - CORREPI,NO RELEVANTE,CORREPI,"Sun, 09 May 2021 01:14:36 GMT",https://www.correpi.org/2021/a-34-anos-de-la-masacre-de-budge-seguimos-luchando-contra-el-gatillo-facil-y-la-represion/
95,Caso de gatillo fácil en Lugano: un hombre murió en un operativo de seguridad y denuncian que lo fusiló la policía - La Noticia Web,NO RELEVANTE,La Noticia Web,"Fri, 26 Dec 2025 14:43:30 GMT",https://www.lanoticiaweb.com.ar/caso-de-gatillo-facil-en-lugano-un-hombre-murio-en-un-operativo-de-seguridad-y-denuncian-que-lo-fusilo-la-policia/
96,Gatillo fácil: murió el hombre baleado por la Policía de la Ciudad - Política Argentina,NO RELEVANTE,politicargentina.com,"Fri, 02 Jan 2026 00:00:00 GMT",https://www.politicargentina.com/notas/202601/70925-gatillo-facil-murio-el-hombre-baleado-por-la-policia-de-la-ciudad.html
97,"VIDEO Gatillo fácil en Morón: graves incidentes entre la Policía, vecinos y familiares del joven asesinado - Primer Plano Online",NO RELEVANTE,Primer Plano Online,"Sun, 07 Dec 2025 01:32:46 GMT",https://primerplanoonline.com.ar/gatillo-facil-en-moron-graves-incidentes-entre-la-policia-vecinos-y-familiares-del-joven-asesinado/
98,La Corte rechazó un planteo del policía condenado por gatillo fácil que acusaba a un juez de influir en su condena - Revista Quórum,NO RELEVANTE,Revista Quórum,"Mon, 21 Jul 2025 19:11:17 GMT",https://revistaquorum.com.ar/2025/07/21/la-corte-rechazo-un-planteo-del-policia-condenado-por-gatillo-facil-que-acusaba-a-un-juez-de-influir-en-su-condena/
99,Movilización en Cruz y Escalada: denuncia de gatillo fácil - Pura Ciudad,NO RELEVANTE,Pura Ciudad,"Fri, 26 Dec 2025 13:17:02 GMT",https://news.google.com/rss/articles/CBMikgFBVV95cUxOaS1vZG1VRUROajRobWVlc0tqVE5Ib29nSmpfZV9uX2JSbHhSV1g4MWt3WnMxOWFpV2w0SEY4N180ci1ua29jY1BmaUdmSE51ZW5KMVo2MkdFWDgxNTE5QTJZYUR1SDZ4UmdaaFMzNHpxakhBcUs4ZmFJWUczcGhvelVJRzJFRzBERnpHZnlnSWszQQ?oc=5&hl=en-US&gl=US&ceid=US:en
100,Gatillo fácil: efectivos de la Policía asesinaron a un hombre en Villa Lugano - Sumario Noticias,NO RELEVANTE,diariosumario.com.ar,,https://diariosumario.com.ar/contenido/49777/gatillo-facil-efectivos-de-la-policia-asesinaron-a-un-hombre-en-villa-lugano
101,Gatillo Fácil: legisladores piden interpelar al Ministro de Seguridad de Jorge Macri - La Izquierda Diario,NO RELEVANTE,La Izquierda Diario,"Mon, 29 Dec 2025 21:41:00 GMT",https://www.laizquierdadiario.com/Gatillo-Facil-Legisladores-piden-interpelar-al-Ministro-de-Seguridad-de-Jorge-Macri
102,"Gatillo fácil en Caba: según la autopsia, Juan Gabriel González murió por un escopetazo - El Ciudadano",NO RELEVANTE,El Ciudadano Web,"Sun, 28 Dec 2025 00:15:43 GMT",https://elciudadanoweb.com/gatillo-facil-en-caba-segun-la-autopsia-juan-gabriel-gonzalez-murio-por-un-escopetazo/
103,Otra vez gatillo fácil: La Policía de la Ciudad fue denunciada por un ataque ocurrido en Constitución - laciudadweb.com.ar,NO RELEVANTE,Diario La Ciudad,"Mon, 29 Dec 2025 14:59:18 GMT",https://laciudadweb.com.ar/otra-vez-gatillo-facil-la-policia-de-la-ciudad-fue-denunciada-por-un-ataque-ocurrido-en-constitucion/
104,Gatillo fácil en Villa 20: la autopsia le da la razón a la familia de Gabriel González - Prensa Obrera,NO RELEVANTE,Prensa Obrera,"Sun, 28 Dec 2025 11:55:09 GMT",https://prensaobrera.com/libertades-democraticas/gatillo-facil-en-villa-20-la-autopsia-le-da-la-razon-a-la-familia-de-gabriel-gonzalez
105,Gatillo fácil en Navidad: detuvieron a un policía de la Ciudad - Grupo La Provincia,NO RELEVANTE,grupolaprovincia.com,,https://grupolaprovincia.com/contenido/593470/gatillo-facil-en-navidad-cayo-un-policia-de-la-ciudad
106,Gatillo fácil en Lugano: la autopsia confirmó que Gabriel González murió por el disparo de una escopeta - Nueva Ciudad,NO RELEVANTE,nueva-ciudad.com.ar,"Sun, 28 Dec 2025 00:00:00 GMT",https://www.nueva-ciudad.com.ar/notas/202512/57303-gatillo-facil-en-lugano-la-autopsia-confirmo-que-gabriel-gonzalez-murio-por-el-disparo-de-una-escopeta.html
107,Gatillo fácil en Navidad: fusilaron a un vecino de Lugano - AM 530 - Somos Radio,NO RELEVANTE,am530somosradio.com,"Fri, 26 Dec 2025 22:41:25 GMT",https://am530somosradio.com/gatillo-facil-en-navidad-fusilaron-a-un-vecino-de-lugano/
108,Gatillo fácil en Lugano. La maldita policía en los barrios - Periodismo de Izquierda,NO RELEVANTE,Periodismo de Izquierda,"Sun, 28 Dec 2025 16:54:28 GMT",https://periodismodeizquierda.com/gatillo-facil-en-lugano-la-maldita-policia-en-los-barrios/
109,"Tras el asesinato de Gabriel González, denuncian un nuevo caso de gatillo fácil por parte de la Policía - Tiempo Argentino",NO RELEVANTE,Tiempo Argentino,"Mon, 29 Dec 2025 11:06:02 GMT",https://www.tiempoar.com.ar/ta_article/tras-el-asesinato-de-gabriel-gonzalez-denuncian-un-nuevo-caso-de-gatillo-facil-por-parte-de-la-policia-portena/
110,"Audiencia contra el gatillo fácil: participaron familiares, legisladores de la oposición, organismos de DDHH, sindicatos y centros de estudiantes - La Izquierda Diario",NO RELEVANTE,La Izquierda Diario,"Tue, 30 Dec 2025 20:26:49 GMT",https://www.laizquierdadiario.com/Audiencia-contra-el-gatillo-facil-participaron-familiares-legisladores-de-la-oposicion-organismos
111,Los curas villeros denuncian “gatillo fácil” y exigen el cese de la violencia institucional - Página|12,NO RELEVANTE,Pagina 12,"Fri, 02 Jan 2026 03:11:00 GMT",https://www.pagina12.com.ar/2026/01/02/los-curas-villeros-denuncian-gatillo-facil-y-exigen-el-cese-de-la-violencia-institucional/
112,Gatillo fácil en Lugano: procesaron con prisión preventiva al policía Miño - argentina.indymedia.org,NO RELEVANTE,Indymedia Argentina Centro de Medios Independientes (( i )),"Thu, 08 Jan 2026 23:55:12 GMT",https://argentina.indymedia.org/2026/01/08/gatillo-facil-en-lugano-procesaron-con-prision-preventiva-al-policia-mino/
113,Investigan un posible caso de gatillo fácil en un operativo en Lugano - Perfil,NO RELEVANTE,Perfil.com,"Sat, 27 Dec 2025 05:21:28 GMT",https://www.perfil.com/noticias/policia/investigan-un-posible-caso-de-gatillo-facil-en-un-operativo-en-lugano.phtml
114,Gatillo fácil y pedagogía del miedo: pistolas que no se disparan solas - Rolling Stone en Español,NO RELEVANTE,Rolling Stone,"Wed, 07 Jan 2026 19:21:16 GMT",https://es.rollingstone.com/arg-gatillo-facil-y-pedagogia-del-miedo-pistolas-que-no-se-disparan-solas/
115,Gatillo fácil en Navidad: policía de Buenos Aires asesina a un vecino de Villa Lugano - teleSUR,NO RELEVANTE,TeleSURtv.net,,https://www.telesurtv.net/policia-asesina-vecino-villa-lugano-navidad/
116,Bercovich denunció el caso de gatillo fácil en Villa Lugano y advirtió sobre el hundimiento social en la Ciudad - Radio con vos,NO RELEVANTE,FM 89.9 Radio con vos,"Fri, 24 Jul 2026 12:00:00 GMT",https://news.google.com/rss/articles/CBMiYEFVX3lxTE9VS1ljTlYzYi1GaEVRYlZCNzhhTWNCRG81WWtMWmRWeFZkLUx1REVXTFhaRVktM0t4ZEFnMFJpU3psWkk4TVE2UEZoY1BLT2UxTkc5S3F5TDJxdWNaMy1Zcg?oc=5&hl=en-US&gl=US&ceid=US:en
117,"Gatillo fácil: quién era Gabriel, el hombre asesinado por la Policía de Jorge Macri en Lugano durante Navidad - Tiempo Argentino",NO RELEVANTE,Tiempo Argentino,"Fri, 26 Dec 2025 13:59:40 GMT",https://www.tiempoar.com.ar/ta_article/gatillo-facil-gabriel-navidad/
118,Gatillo fácil en Morón: un policía de CABA asesinó de dos disparos a un joven - La Izquierda Diario,NO RELEVANTE,La Izquierda Diario,"Sun, 07 Dec 2025 23:38:45 GMT",https://www.laizquierdadiario.com/Gatillo-facil-en-Moron-un-policia-de-CABA-asesino-de-dos-disparos-a-un-joven
119,Denuncian nuevo caso de gatillo fácil en la Ciudad de Buenos Aires; esta vez en Constitución - CHACODIAPORDIA.COM,NO RELEVANTE,CHACODIAPORDIA.COM,"Mon, 29 Dec 2025 12:11:29 GMT",https://chacodiapordia.com/denuncian-nuevo-caso-de-gatillo-facil-en-la-ciudad-de-buenos-aires-esta-vez-en-constitucion/
120,Se viene una nueva Marcha Nacional contra el Gatillo Fácil - ANRed,NO RELEVANTE,ANRed,"Fri, 15 Aug 2025 00:00:00 GMT",https://www.anred.org/se-viene-una-nueva-marcha-nacional-contra-el-gatillo-facil/
121,La reconstrucción de Mapa de la Policía que expone que el asesinato de Juan Gabriel González es un caso de gatillo fácil - elDiarioAR.com,NO RELEVANTE,elDiarioAR.com,"Sat, 27 Dec 2025 18:51:34 GMT",https://www.eldiarioar.com/politica/reconstruccion-mapa-policia-expone-asesinato-juan-gabriel-gonzalez-caso-gatillo-facil_1_12873213.html
122,Gatillo fácil en Lugano: Policía de la Ciudad fusiló a un vecino en Navidad - argentina.indymedia.org,NO RELEVANTE,Indymedia Argentina Centro de Medios Independientes (( i )),"Fri, 26 Dec 2025 15:32:43 GMT",https://argentina.indymedia.org/2025/12/26/gatillo-facil-en-lugano-policia-de-la-ciudad-fusilo-a-un-vecino-en-navidad/
123,Denuncian a la Policía de la Ciudad por un caso de gatillo fácil en Villa Lugano - elDiarioAR.com,NO RELEVANTE,elDiarioAR.com,"Fri, 26 Dec 2025 14:00:26 GMT",https://www.eldiarioar.com/sociedad/denuncian-policia-ciudad-caso-gatillo-facil-villa-lugano_1_12871730.html
124,Una reconstrucción confirma que el asesinato de Víctor Vargas fue un caso de gatillo fácil - Página|12,NO RELEVANTE,Pagina 12,"Wed, 14 Jan 2026 01:03:09 GMT",https://www.pagina12.com.ar/2026/01/14/una-reconstruccion-confirma-que-el-asesinato-de-victor-vargas-fue-un-caso-de-gatillo-facil/
125,Legislatura porteña: el peronismo pide citar al ministro de Seguridad de CABA por los casos de gatillo fácil - Ambito,NO RELEVANTE,ámbito.com,"Tue, 30 Dec 2025 19:54:00 GMT",https://www.ambito.com/politica/legislatura-portena-el-peronismo-pide-citar-al-ministro-seguridad-caba-los-casos-gatillo-facil-n6229518
126,Mural de voces contra el gatillo fácil - El Grito del Sur,NO RELEVANTE,El Grito del Sur,"Wed, 24 Nov 2021 12:46:52 GMT",https://news.google.com/rss/articles/CBMilgFBVV95cUxQUWJlTmxtNnp0Y3c2aU0zOU03Vko2TlBOZHphY2tuWkZiMV9QVXd3UzNSUG56dmFhX2tsMG9oOXNrV2FieTg4dEszeVhoWGVJREgyb3dLTGdHMHlfakRzdXN0TkdBQzlkVS1MNEs0cWkwTWZaZFdHZi1BUW9JNW50R1BEZ19hZEZiN01kLWo5czVYQldrZ0E?oc=5&hl=en-US&gl=US&ceid=US:en
127,Gatillo Fácil. Policía de la ciudad asesina a un joven en José C. Paz - La Izquierda Diario,NO RELEVANTE,La Izquierda Diario,"Wed, 01 Dec 2021 00:03:00 GMT",https://www.laizquierdadiario.com/Policia-de-la-ciudad-asesina-a-un-joven-en-Jose-C-Paz
128,Gatillo fácil en Navidad en Villa Lugano: crece la violencia policial en CABA - Agencia Paco Urondo,NO RELEVANTE,Agencia Paco Urondo,"Mon, 29 Dec 2025 00:00:00 GMT",https://www.agenciapacourondo.com.ar/violencia-institucional/gatillo-facil-en-navidad-en-villa-lugano-crece-la-violencia-policial-en
129,"Ante el avance represivo, el Mapa de la Policía presenta su nueva web - Canal Abierto",NO RELEVANTE,Canal Abierto,"Tue, 28 May 2024 21:15:14 GMT",https://canalabierto.com.ar/2024/05/28/ante-el-avance-represivo-el-mapa-de-la-policia-presenta-su-nueva-web/
130,EN 2021 CRECIERON LOS CASOS DE GATILLO FÁCIL Y VIOLENCIA POLICIAL CONTRA JÓVENES DE LOS BARRIOS POPULARES – ISEPCI - ISEPCI,NO RELEVANTE,google.com,"Thu, 30 Dec 2021 00:00:00 GMT",https://news.google.com/rss/articles/CBMixwFBVV95cUxQLXlvWkdBU191MEt5eU01VGU5R0Rvand3dE5OamFwN2hmR1RxeXRMaXZJbWpxX190aW9YS0h0VTV5Mkl1MzJoZEo2Qm1vSE8yS2tmLXVYYVpmc1Z1VkppMjdyaV9ILWVhOEZzMTlzMVFoUWhVZG1MY3d0VU9qZl9EVVlIc1hsRzVkdF8xdjA2LWg3bnhWZEh2NFIxXzYyRnpqeXpZTkFoSTFIZFZua3hEQ3N5a2FnaFVYQ09ETWlJMnVwQWZ2S0c0?oc=5&hl=en-US&gl=US&ceid=US:en
131,Violencia policial y gatillo fácil: el crimen de Lucas González reavivó el debate sobre la falta de estadísticas oficiales - TN,NO RELEVANTE,Todo Noticias,"Sun, 05 Dec 2021 08:34:00 GMT",https://tn.com.ar/policiales/2021/12/05/violencia-policial-y-gatillo-facil-el-crimen-de-lucas-gonzales-reavivo-el-debate-sobre-la-falta-de-estadisticas-oficiales/
132,Cayó una banda que se dedicaba a robar casas y autos en Mar del Plata: los antecedentes de los detenidos - Infobae,NO RELEVANTE,infobae,"Sun, 11 Jan 2026 17:28:00 GMT",https://www.infobae.com/sociedad/policiales/2026/01/11/cayo-una-banda-que-se-dedicaba-a-robar-casas-y-autos-en-mar-del-plata-los-antecedentes-de-los-detenidos/
133,Tragedia de Once: De Vido fue a Comodoro Py y quedó detenido - La Capital,NO RELEVANTE,La Capital On Line,"Thu, 13 Nov 2025 18:49:00 GMT",https://www.lacapital.com.ar/politica/tragedia-once-vido-fue-comodoro-py-y-quedo-detenido-n10229637.html
134,Detuvieron a un hombre de 63 años por filmar a menores con su celular en una cafetería en Posadas - Infobae,NO RELEVANTE,infobae,"Sat, 22 Nov 2025 11:57:00 GMT",https://www.infobae.com/sociedad/policiales/2025/11/22/detuvieron-a-un-hombre-de-63-anos-por-filmar-a-menores-con-su-celular-en-una-cafeteria-en-posadas/
135,"Previa virtual a la Marcha contra el Gatillo fácil con madres, familiares y amigos de víctimas - ANRed",NO RELEVANTE,ANRed,"Fri, 27 Aug 2021 00:00:00 GMT",https://www.anred.org/previa-virtual-a-la-marcha-contra-el-gatillo-facil-con-madres-familiares-y-amigos/
136,María del Carmen Verdú: “El gatillo fácil es una política de estado y en la CABA se expresa de manera brutal” - REALPOLITIK,NO RELEVANTE,REALPOLITIK - La realidad de la política argentina,"Sun, 25 Jan 2026 00:00:00 GMT",https://realpolitik.com.ar/nota/70546/maria-del-carmen-verdu-el-gatillo-facil-es-una-politica-de-estado-y-en-la-caba-se-expresa-de-manera-brutal/
137,Gatillo fácil en CABA: la violencia policial bajo la sombra de Larreta - Agencia Paco Urondo,NO RELEVANTE,Agencia Paco Urondo,"Fri, 19 Nov 2021 00:00:00 GMT",https://www.agenciapacourondo.com.ar/violencia-institucional/gatillo-facil-en-caba-la-violencia-policial-bajo-la-sombra-de-larreta
138,Detuvieron en plena ruta a una oficial de la Policía Federal con 14 kilos de cocaína en Entre Ríos - Infobae,NO RELEVANTE,infobae,"Thu, 04 Dec 2025 07:21:00 GMT",https://www.infobae.com/sociedad/policiales/2025/12/04/detuvieron-en-plena-ruta-a-una-oficial-de-la-policia-federal-con-14-kilos-de-cocaina-en-entre-rios/
139,"Detuvieron a Santiago Lara, el falso hijo de Diego Maradona, acusado de integrar una banda dedicada a la venta de drogas - Infobae",NO RELEVANTE,infobae,"Fri, 06 Mar 2026 16:57:00 GMT",https://www.infobae.com/sociedad/policiales/2026/03/06/detuvieron-a-santiago-lara-el-falso-hijo-de-diego-maradona-acusado-de-integrar-una-banda-dedicada-a-la-venta-de-drogas/
140,Detuvieron a sargento de Gendarmería nacional con 18 kilos de éxtasis en operativo interprovincial - Mercurio Noticias,NO RELEVANTE,google.com,"Mon, 23 Jun 2025 13:14:00 GMT",https://news.google.com/rss/articles/CBMi8gFBVV95cUxQZDFqYm94T3pIcC1UQ2VuUFRZUGhYTGtacXhEX2o1VEprZkVrcHpRanVTQUxsYTVkcVA5SkJYR1IwR2dYajEtMmlMNUtiVGFHWDJhSV9kRUNKQWwtNHU4aWFzWTFWTEM1VmFhdDlyWk9BMDVfREZodEZrR2dzaFp5YnFqTEVsYXYzYUZiTXRobmJfV2pNTjRnRGVQb0lSLVBNU2VrLUJZTHp6YTRIY1FUb29ULXdfblhOT08tdmQ2S1BIbDk3OE5ERVlZNmtNc2dhUjl5VTQzcUtPTlVsTmVYdmFxSE1hdEpKMlF5RW9GWXEtZw?oc=5&hl=en-US&gl=US&ceid=US:en
141,Plaza de Mayo: clases públicas por el paro docente y contra la represión - La Izquierda Diario,NO RELEVANTE,La Izquierda Diario,"Tue, 11 Apr 2017 18:40:38 GMT",https://www.laizquierdadiario.com/Plaza-de-Mayo-clases-publicas-por-el-paro-docente-y-contra-la-represion
142,"Tras seis años, procesaron a un funcionario de Larreta por la represión en el Borda - Nueva Ciudad",NO RELEVANTE,nueva-ciudad.com.ar,"Thu, 15 Aug 2019 00:00:00 GMT",https://www.nueva-ciudad.com.ar/notas/201908/41507-tras-seis-anos-procesaron-a-un-funcionario-de-larreta-por-la-represion-en-el-borda.html
143,#detenida en Buenos Aires - El Nacional - El diario de los lectores influyentes,NO RELEVANTE,El Nacional,,https://elnacional.com.py/tags/detenida-buenos-aires-t57662
144,Trata de personas: 14 detenidos en operativos sorpresa en los aeropuertos de Bariloche y Buenos Aires - Clarin.com,NO RELEVANTE,Clarín,"Sat, 29 Mar 2025 12:33:00 GMT",https://www.clarin.com/policiales/trata-personas-14-detenidos-operativos-sorpresa-aeropuertos-bariloche-buenos-aires_0_piBnlC7uoA.html
145,"Siete prófugos fueron a votar y los detuvieron: eran buscados por hurto, abuso sexual y violencia de género - MinutoUno",NO RELEVANTE,Minutouno.com,"Mon, 27 Oct 2025 00:40:00 GMT",https://www.minutouno.com/sociedad/siete-profugos-fueron-votar-y-los-detuvieron-eran-buscados-hurto-abuso-sexual-y-violencia-genero-n6206510
146,El caso del iraní detenido en Concepción llega a Comodoro Py - R2820,NO RELEVANTE,,,
147,Efedrina: indagan a los últimos tres detenidos - Infobae,NO RELEVANTE,infobae,"Sun, 26 Apr 2009 19:50:00 GMT",https://www.infobae.com/2009/04/27/444676-efedrina-indagan-los-ultimos-tres-detenidos/
148,"Lo detuvieron por cultivar cannabis medicinal y ahora vive una ""muerte civil"" | Infocielo - Infocielo",NO RELEVANTE,Infocielo | Toda la provincia en un solo lugar,"Wed, 31 Aug 2022 19:07:00 GMT",https://www.infocielo.com/municipios/lo-detuvieron-cultivar-cannabis-medicinal-y-ahora-vive-una-muerte-civil-n745355
149,"La exministra de Seguridad de la A rgentina y actual senadora nacional por la Ciudad de Buenos Aires, Patricia Bullrich, reclamó la liberación del abogado Germán Giuliani, quien se encuentra detenido de forma arbitraria en Venezuela. El reclamo lo realizó - Facebook",NO RELEVANTE,facebook.com,"Fri, 06 Mar 2026 00:00:00 GMT",https://www.facebook.com/talcualdigital/posts/la-exministra-de-seguridad-de-la-argentina-y-actual-senadora-nacional-por-la-ciu/1364012645754630/
150,“La única respuesta del Gobierno es violencia y represión”: la CGT repudió el operativo contra trabajadores de FATE - Mundo Gremial,NO RELEVANTE,MUNDO GREMIAL,"Thu, 05 Mar 2026 15:00:32 GMT",https://mundogremial.com/la-unica-respuesta-del-gobierno-es-violencia-y-represion-la-cgt-repudio-el-operativo-contra-trabajadores-de-fate/
151,dETENIDO - TN,NO RELEVANTE,Todo Noticias,,https://tn.com.ar/videos/policiales/2026/02/09/detuvieron-a-26-acusados-de-integrar-la-banda-de-la-chispa-robaban-motos-en-caba-y-subian-las-fotos-en-redes/
152,Tensión y represión a los trabajadores de FATE frente a la Secretaría de Trabajo - Ambito,NO RELEVANTE,ámbito.com,"Wed, 04 Mar 2026 13:26:00 GMT",https://www.ambito.com/politica/tension-y-represion-los-trabajadores-fate-frente-la-secretaria-trabajo-n6252131
153,Los Hornos: un policía de la Ciudad detenido por narcotráfico junto a tres cómplices - Data Diario,NO RELEVANTE,Data Diario,"Mon, 05 May 2025 10:26:44 GMT",https://www.datadiario.com/laplata/los-hornos-un-policia-de-la-ciudad-detenido-por-narcotrafico-junto-a-tres-complices-202555050
154,Cayó en Liniers. Buenos Aires: detuvieron a un estafador serial prófugo con pedido de captura de Interpol - La Voz del Interior,NO RELEVANTE,La Voz del Interior,"Thu, 28 Aug 2025 10:39:27 GMT",https://www.lavoz.com.ar/sucesos/buenos-aires-detuvieron-a-un-estafador-serial-profugo-con-pedido-de-captura-de-interpol/
155,Ocho meses detenido: nuevo revés judicial para el jubilado chaqueño acusado de amenazar a Milei - Motor Economico,NO RELEVANTE,google.com,"Fri, 06 Mar 2026 00:00:00 GMT",https://news.google.com/rss/articles/CBMiwwFBVV95cUxQc01SOXBwRS1vd2RqSU1YdEJOLURfUVY0V2hNQUdzOHg0SHpJQ2J0WFNOZjc4aUVEZDVLNUtDVWxWR3Vfc3hTR1I2MGU2cnVIbFBGRXB3QVVXMHNrVUY5SUNZSjlCeWlraDFrWHFObW9iZm5GZkNwSjEtN0FiQTRZUENUMGVDQjg3eFdNZU1mMWxGRUtuS2FlQUlITWFoRkpxZUlaZklwWUpSYkFRREhrTnJsQl9PcEFYcEJDMDRxOC0zVjA?oc=5&hl=en-US&gl=US&ceid=US:en
156,"El Colegio Público de la Abogacía de Capital reclama la libertad de Germán Giuliani, detenido ilegalmente en Venezuela - diariopopular.com.ar",NO RELEVANTE,Popular,"Fri, 06 Mar 2026 23:05:00 GMT",https://www.diariopopular.com.ar/sociedad/el-colegio-publico-la-abogacia-capital-reclama-la-libertad-german-giuliani-detenido-ilegalmente-venezuela-n889299
157,Cuál es el pueblo bonaerense detenido en el tiempo que es perfecto para descansar en una escapada de fin de semana - Diario Registrado,NO RELEVANTE,Diario Registrado,"Fri, 06 Mar 2026 08:50:00 GMT",https://www.diarioregistrado.com/sociedad/cual-es-el-pueblo-bonaerense-detenido-en-el-tiempo-que-es-perfecto-para-descansar-en-una-escapada-de-fin-de-semana_a69a89dafc471b277c1c103d1
158,"La trama detrás de los tiros en Villa Celina: un delincuente muerto, un prófugo recapturado y otros dos detenidos - Infobae",NO RELEVANTE,infobae,"Mon, 17 Nov 2025 20:42:00 GMT",https://www.infobae.com/sociedad/policiales/2025/11/17/la-trama-detras-de-los-tiros-en-villa-celina-un-delincuente-muerto-un-profugo-recapturado-y-otros-dos-detenidos/
159,Gil Lavedra reiteró el reclamo por la libertad del abogado detenido en Venezuela - Revista Quórum,NO RELEVANTE,Revista Quórum,"Thu, 05 Mar 2026 21:00:53 GMT",https://revistaquorum.com.ar/2026/03/05/gil-lavedra-reitero-el-reclamo-por-la-libertad-del-abogado-detenido-en-venezuela/
160,VIDEO | Murió un periodista y ex guerrillero de izquierda por la represión de la Policía de CABA en el Obelisco - Agencia NOVA,NO RELEVANTE,Agencia NOVA,"Wed, 14 Feb 1996 00:00:00 GMT",https://www.agencianova.com/nota.asp?n=2023_8_10&id=128063&id_tiponota=24
161,Abuso infantil: detuvieron en Paraguay a un hombre imputado por violar a una menor en CABA - Infobae,NO RELEVANTE,infobae,"Tue, 28 Jan 2025 11:10:00 GMT",https://www.infobae.com/judiciales/2025/01/28/abuso-infantil-detuvieron-en-paraguay-a-un-hombre-imputado-por-violar-a-una-menor-en-caba/
162,Un prófugo uruguayo fue localizado y detenido tras un operativo en el barrio de Once - NewsDigitales,NO RELEVANTE,NewsDigitales,"Thu, 05 Mar 2026 00:00:00 GMT",https://www.newsdigitales.com/nota/327107/un-profugo-uruguayo-fue-localizado-y-detenido-tras-un-operativo-en-el-barrio-de-once/
163,Extraditaron a sicario de Paraguay detenido en Devoto con un nombre falso - Perfil,NO RELEVANTE,Perfil.com,"Tue, 13 May 2025 13:30:16 GMT",https://www.perfil.com/noticias/policia/extraditaron-a-uno-de-los-sicarios-mas-peligrosos-de-paraguay-estaba-detenido-en-la-carcel-de-devoto-con-un-nombre-falso.phtml
164,Cayó por la pasión: prófugo jugaba todos los martes al fútbol y fue detenido - Infobae,NO RELEVANTE,infobae,"Sun, 11 May 2025 14:34:00 GMT",https://www.infobae.com/sociedad/policiales/2025/05/11/cayo-por-la-pasion-profugo-jugaba-todos-los-martes-al-futbol-y-fue-detenido/
165,Fueron detenidos los cabecillas de la banda que se disfrazaba de policía para robar - Argentina.gob.ar,NO RELEVANTE,Argentina.gob.ar,"Sat, 16 Nov 2024 12:38:03 GMT",https://www.argentina.gob.ar/noticias/fueron-detenidos-los-cabecillas-de-la-banda-que-se-disfrazaba-de-policia-para-robar
166,Marchas en paz en casi todo el país por Cristina: represión policial e incidentes en CABA - MinutoUno,NO RELEVANTE,Minutouno.com,"Sat, 27 Aug 2022 22:20:00 GMT",https://www.minutouno.com/politica/frente-todos/marchas-paz-casi-todo-el-pais-cristina-represion-policial-e-incidentes-caba-n5520439
167,"CABA, Sábado 4/10, 16hs: Colocación de baldosa en homenaje a Norberto Hugo Palermo, detenido-desaparecido por el terrorismo de Estado siendo conscripto - ANRed",NO RELEVANTE,ANRed,"Sat, 04 Oct 2014 00:00:00 GMT",https://www.anred.org/caba-sabado-4-10-16hs-colocacion-de-baldosa-en-homenaje-a-norberto-hugo-palermo-detenido-desaparecido-por-el-terrorismo-de-estado-siendo-conscripto/
168,"Viernes, 17h acto por la libertad de los detenidos frente a la casa de Catamarca en CABA - po.org.ar",NO RELEVANTE,Partido Obrero en el Frente de Izquierda Unidad,"Thu, 15 Apr 2021 23:19:40 GMT",https://news.google.com/rss/articles/CBMiugFBVV95cUxQSjVFb09yRTVfcHR0S0hrbVNYbS15Q2VpNUEzekFYZUpRTGxtNFJOZGRKSFdMb2NpYVltbzNZRkk3UGRod0FNSE1ZcnRtY2lfWUtHQ2Z4QVV3V2RFSWJ6OTdRLXdmR3Uwa1ZrSkJodzBOcjQ2SVFrM1k2LTVkUkpva1lhV3VMbkppWC1sQTZEaFRZdW1sRVpMVkR4TWtLTVphWUdBeTd2MTZhakZhT1dkOFFPVnNtV2V0Q3c?oc=5&hl=en-US&gl=US&ceid=US:en
169,La Justicia Federal de Quilmes dirigió un megaoperativo antidroga que terminó con cinco detenidos en CABA - diario5dias.com.ar,NO RELEVANTE,DIARIO 5 DÍAS,"Sat, 12 Apr 2025 00:00:00 GMT",https://diario5dias.com.ar/noticia/Juticia-Federal-Quilmes-dirigi%C3%B3-megaoperativo-5-detenidos-CABA
170,CABA. Represión a trabajadores de FATE: al menos 40 atendidos por la Posta de Salud y el CeProDH - laizquierdadiario.com.ve,NO RELEVANTE,La Izquierda Diario,"Wed, 04 Mar 2026 19:16:35 GMT",https://www.laizquierdadiario.com.ve/Represion-a-trabajadores-de-FATE-al-menos-40-atendidos-por-la-Posta-de-Salud-y-el-CeProDH
171,Brutal represión contra quienes protestaban por la reforma laboral de Milei - Página|12,NO RELEVANTE,Pagina 12,"Wed, 11 Feb 2026 20:40:34 GMT",https://www.pagina12.com.ar/2026/02/11/brutal-represion-contra-quienes-protestaban-por-la-reforma-laboral-de-milei/
172,Represión a trabajadores de FATE: al menos 40 atendidos por la Posta de Salud y el CeProDH - La Izquierda Diario,NO RELEVANTE,La Izquierda Diario,"Wed, 04 Mar 2015 00:00:00 GMT",https://www.laizquierdadiario.com/Represion-a-trabajadores-de-FATE-al-menos-40-atendidos-por-la-Posta-de-Salud-y-el-CeProDH?amp=1
173,Detuvieron en Buenos Aires a un italiano acusado de violar a una inglesa en un hostel de Mendoza - Mendoza Today,NO RELEVANTE,Diario Mendoza Today,"Thu, 22 Feb 2024 17:20:51 GMT",https://mendozatoday.com.ar/2024/02/22/detuvieron-en-buenos-aires-a-un-italiano-acusado-de-violar-a-una-inglesa-en-un-hostel-de-mendoza/
174,Megaoperativo en Buenos Aires: 21 detenidos y más de 135 kilos de estupefacientes secuestrados - Argentina.gob.ar,NO RELEVANTE,Argentina.gob.ar,"Thu, 06 Jun 2019 15:11:27 GMT",https://news.google.com/rss/articles/CBMiugFBVV95cUxNeGI4NFpMaWF6OXJXQkZmZ0lUVnJFV2RjZUYxR0k4Ukd4ckVTZ180eGJIbGJBaFZIaGV2Tk9UQzFvS3pFbndJa3A4aWtOT0ZwMk1nSWlhaVR2ekhDeVRqUm10WHBRVXF2WmhQUmp4ZThyNnFDZndMdlEyWTFwdlc3VS0tSV9tRGVkaFE3QTJDcXBLT05xSGRrQnpmRUpmeWxOUFBBeDRaMTFNYkNxXy1uMXRjRkNpR25EdUE?oc=5&hl=en-US&gl=US&ceid=US:en
175,Violenta represión a trabajadores de FATE frente a Trabajo - Medios Rioja,NO RELEVANTE,Medios Rioja,"Wed, 04 Mar 2026 21:30:51 GMT",https://mediosrioja.com.ar/violenta-represion-a-trabajadores-de-fate-frente-a-trabajo/
176,Video viral: un policía se cayó de la moto en plena represión y en C5N lo tildaron de “papelonesco” - Corrientes Hoy,NO RELEVANTE,Corrientes Hoy,"Wed, 04 Mar 2026 20:46:49 GMT",https://www.corrienteshoy.com/nacionales/video-viral-un-policia-se-cayo-de-la-moto-en-plena-represion-y-en-c5n-lo-tildaron-de-papelonesco.htm
177,"Video viral: un policía se cayó de la moto en plena represión y en C5N lo tildaron de ""papelonesco"" - Diario Registrado",NO RELEVANTE,Diario Registrado,"Wed, 04 Mar 2026 17:46:00 GMT",https://www.diarioregistrado.com/redes/video-viral--un-policia-se-cayo-de-la-moto-en-plena-represion-y-en-c5n-lo-tildaron-de--papelonesco-_a69a896f5c471b277c1c07d4e
178,El sindicalismo combativo y una posición de principios frente a la represión policial - La Izquierda Diario,NO RELEVANTE,La Izquierda Diario,"Sat, 25 Apr 2020 23:05:38 GMT",https://www.laizquierdadiario.com/El-sindicalismo-combativo-y-una-posicion-de-principios-frente-a-la-represion-policial
179,El pueblo que parece detenido en el tiempo y queda a 150 km de la Ciudad - Clarin.com,NO RELEVANTE,Clarín,"Wed, 04 Mar 2026 06:52:00 GMT",https://www.clarin.com/informacion-general/pueblo-parece-detenido-tiempo-queda-150-km-ciudad_0_2c1QXaFwHX.html
180,Ya son tres los menores detenidos por el robo de un auto a un vecino de La Boca: el video - Infobae,NO RELEVANTE,infobae,"Mon, 29 Sep 2025 10:46:00 GMT",https://www.infobae.com/sociedad/policiales/2025/09/29/ya-son-tres-los-menores-detenidos-por-el-robo-de-un-auto-a-un-vecino-de-la-boca-el-video/
181,Caso Nicole: joven detenido luego de que lo entregara su familia - diariopopular.com.ar,NO RELEVANTE,Popular,"Sun, 09 Nov 2014 17:11:00 GMT",https://www.diariopopular.com.ar/policiales/caso-nicole-joven-detenido-luego-que-lo-entregara-su-familia-n208525
182,"El fotógrafo Pablo Grillo, herido en la represión, está en terapia intensiva con pronóstico crítico - El Submarino Jujuy",NO RELEVANTE,El Submarino Jujuy,"Thu, 13 Mar 2025 14:35:01 GMT",https://news.google.com/rss/articles/CBMiygFBVV95cUxPWkQxMFBIMFFQNjNtYlR3WTlJRFZLbTZfV0p2eWpSQzNDaWVCcmcweXJkb1RkWlFoekhEcGJkTjlncHc5eS1DWVY1cWRnNXBwZFMtYlZwVUJjSmVKZnhva2ZsZjlQMWVQOGl0UkN3bXFEUXNqLVFrWVRGTnd4ZWt5ZTZROWtqMHZ3a2s1b21IVW1iRnhtcUNKNnlwZ2RVZGllb1VXS29VOFNybDE4Y090bFRZd0V6b3JEM2hUOVdmNGRabWpMblFCWEJB0gHPAUFVX3lxTE5QWWE2c0pYY0k3ZGJFa2RaWDlCRTJPbnAwQTRadFljSGhfNm9kbmoxYnhTVG11Z0xqUURMclVJX2tBdjJJalRLQ3hjaFcweHRtMDVESjhtQXpMY0MyVG5oNEE4cFhkcy1TOUVuYXdFLWVWM29Ia1dveW9ldXZGV3ZJZnBmUjY1b0RtczZKZkcwbEJoNDQ5RjNDc29rT19teUFGRmsyTnBOaVRfVS1GUk1lclN5M1FFN2paNm44OHBvTTlUVkZWc2xoWWY0WDZxVQ?oc=5&hl=en-US&gl=US&ceid=US:en
183,Polémico fallo por represión policial en CABA: sobreseyeron a los altos mandos y procesaron a los choferes de las motos - Agencia NOVA,NO RELEVANTE,Agencia NOVA,"Wed, 14 Feb 1996 00:00:00 GMT",https://www.agencianova.com/nota.asp?n=2022_12_31&id=118027&id_tiponota=24
184,CABA. Represión a trabajadores de FATE: al menos 40 atendidos por la Posta de Salud y el CeProDH - LaIzquierdaDiario.cl,NO RELEVANTE,La Izquierda Diario,"Wed, 04 Mar 2026 18:16:35 GMT",https://www.laizquierdadiario.cl/Represion-a-trabajadores-de-FATE-al-menos-40-atendidos-por-la-Posta-de-Salud-y-el-CeProDH
185,Abuso sexual. Buenos Aires: detuvieron al padrastro y a la madre de la nena de 13 años que dio a luz en Saladillo - La Voz del Interior,NO RELEVANTE,La Voz del Interior,"Mon, 20 Jan 2025 19:32:10 GMT",https://www.lavoz.com.ar/sucesos/una-nina-de-13-anos-dio-a-luz-en-saladillo-e-investigan-a-su-madre-y-al-padrastro-por-abuso/
186,Detuvieron a dos narcos que intentaron traficar 12 kilos de cocaína a Alemania ocultos entre tablas para asado - Infobae,NO RELEVANTE,infobae,"Fri, 13 Jun 2025 13:03:00 GMT",https://www.infobae.com/sociedad/policiales/2025/06/14/detuvieron-a-dos-narcos-que-intentaron-traficar-12-kilos-de-cocaina-a-alemania-ocultos-entre-tablas-para-asado/
187,“Agarren 300 dólares y queda acá”: detuvieron a dos hombres que vendían droga en Constitución y quisieron sobornar a la policía - Infobae,NO RELEVANTE,infobae,"Fri, 12 Dec 2025 18:08:00 GMT",https://www.infobae.com/sociedad/policiales/2025/12/12/agarren-300-dolares-y-queda-aca-detuvieron-a-dos-hombres-que-vendian-droga-en-constitucion-y-quisieron-sobornar-a-la-policia/
188,"Detuvieron al ""Terror de los Supermercados"": robó en grandes cadenas de CABA y amenazó a empleados - El Destape",NO RELEVANTE,El Destape,"Tue, 29 Aug 2023 15:07:01 GMT",https://www.eldestapeweb.com/sociedad/ciudad-de-buenos-aires/detuvieron-al-terror-de-los-supermercados-robo-en-grandes-cadenas-de-caba-y-amenazo-a-empleados-20238291270
189,Ocho meses detenido: nuevo revés judicial para el jubilado chaqueño acusado de amenazar a Milei - Litigio Periodismo Judicial,NO RELEVANTE,Litigio,"Tue, 03 Mar 2026 14:17:37 GMT",https://litigio.com.ar/2026/03/03/el-jubilado-chaqueno-acusado-de-amenazar-a-milei-cumplio-ocho-meses-en-detencion-con-un-nuevo-reves-judicial/
190,VIDEO | Un periodista argentino denunció que fue golpeado y detenido por la Policía durante protestas en el Congreso - Agencia NOVA,NO RELEVANTE,Agencia NOVA,"Tue, 03 Mar 2026 02:12:00 GMT",https://www.agencianova.com/nota.asp?n=2026_3_3&id=164473&id_tiponota=80
191,"Un hombre fue detenido tras manejar haciendo zigzag por la Ruta 11: tenía 2,26 g/l de alcohol en sangre - Infobae",NO RELEVANTE,infobae,"Mon, 23 Feb 2026 11:27:00 GMT",https://www.infobae.com/sociedad/2026/02/23/un-hombre-fue-detenido-tras-manejar-haciendo-zigzag-por-la-ruta-11-tenia-226-gl-de-alcohol-en-sangre/
192,Liberaron a casi todos los manifestantes detenidos durante la marcha contra la reforma laboral - Infobae,NO RELEVANTE,infobae,"Sat, 14 Feb 2026 15:31:00 GMT",https://www.infobae.com/sociedad/policiales/2026/02/14/liberaron-a-casi-todos-los-manifestantes-detenidos-durante-la-marcha-contra-la-reforma-laboral/
193,"Detuvieron en Perú a “Pequeño J”, presunto autor intelectual del triple femicidio de Brenda, Lara y Morena - Perfil",NO RELEVANTE,Perfil.com,"Wed, 01 Oct 2025 02:06:00 GMT",https://www.perfil.com/noticias/politica/detuvieron-en-peru-a-pequeno-j-presunto-autor-intelectual-del-triple-femicidio-de-brenda-lara-y-morena.phtml
194,"Una protesta de jubilados en Argentina, apoyada por hinchas de fútbol, desata la violenta represión de Javier Milei - La Vanguardia",NO RELEVANTE,La Vanguardia,"Thu, 13 Mar 2025 08:00:00 GMT",https://www.lavanguardia.com/internacional/20250313/10474709/protesta-jubilados-argentinos-desata-mayor-represion-gobierno-milei.html
195,Cómo atraparon al quinto detenido por el triple crimen de Florencio Varela - Clarin.com,NO RELEVANTE,Clarín,"Sat, 27 Sep 2025 20:26:15 GMT",https://www.clarin.com/policiales/atraparon-quinto-detenido-triple-crimen-florencio-varela_0_yCn56znGCB.html
196,Menores de 14 y 15 años detenidos 27 veces en Capital Federal por robos - Cadena 3 Argentina,NO RELEVANTE,20,"Fri, 21 Nov 2025 07:52:00 GMT",https://www.cadena3.com/noticia/sociedad/menores-de-14-y-15-anos-detenidos-27-veces-en-capital-federal-por-robos_489106
197,Detuvieron a una pareja con éxtasis y más de 4.000 dólares - Perfil,NO RELEVANTE,Perfil.com,"Thu, 14 Aug 2025 14:14:00 GMT",https://www.perfil.com/noticias/policia/detuvieron-a-una-pareja-con-extasis-y-mas-de-4000-dolares-intentaron-coimear-a-la-policia-para-que-no-les-saquen-la-droga.phtml
198,"Es de Neuquén y lo detuvieron en Buenos Aires por estafas bajo la modalidad ""cuento del tío"" - Diario Río Negro",NO RELEVANTE,Diario Río Negro,"Thu, 08 Jun 2023 21:16:00 GMT",https://www.rionegro.com.ar/policiales/es-de-neuquen-y-lo-detuvieron-en-buenos-aires-por-estafas-bajo-la-modalidad-cuento-del-tio-2957965/
199,"Desmantelaron una megared de lavado del juego ilegal: allanamientos en countries, 19 detenidos y $17.000 millones incautados - Infobae",NO RELEVANTE,infobae,"Wed, 15 Oct 2025 11:24:00 GMT",https://www.infobae.com/sociedad/policiales/2025/10/15/desmantelaron-una-megared-de-lavado-del-juego-ilegal-allanamientos-en-countries-19-detenidos-y-120-millones-incautados/
200,Otro capítulo en la era de la crueldad: un jubilado internado por la represión policial en el Congreso - Página|12,NO RELEVANTE,Pagina 12,"Wed, 06 Nov 2024 19:52:13 GMT",https://www.pagina12.com.ar/780829-otro-capitulo-en-la-era-del-crueldad-un-jubilado-internado-p/
201,Detuvieron a un cartero y al encargado de un edificio por una estafa millonaria con una tarjeta de débito - Infobae,NO RELEVANTE,infobae,"Mon, 29 Sep 2025 14:07:00 GMT",https://www.infobae.com/sociedad/policiales/2025/09/29/detuvieron-a-un-cartero-y-al-encargado-de-un-edificio-por-una-estafa-millonaria-con-una-tarjeta-de-debito/
202,"""El Grinch"" mendocino: un detenido por intentar incendiar un árbol de navidad - Agencia Noticias Argentinas",NO RELEVANTE,Noticias Argentinas,"Sat, 03 Jan 2026 13:08:00 GMT",https://noticiasargentinas.com/sociedad/-el-grinch--mendocino--un-detenido-por-intentar-incendiar-un-arbol-de-navidad_a69593e0acbf033dd99ae7380
203,Tiroteo en plena calle: un policía federal alcoholizado disparó 14 veces en Villa Crespo y fue detenido - Diario de Cuyo,NO RELEVANTE,Diario de Cuyo,"Tue, 20 Jan 2026 18:36:00 GMT",https://www.diariodecuyo.com.ar/policiales/tiroteo-en-plena-calle-un-policia-federal-alcoholizado-disparo-14-veces-en-villa-crespo-y-fue-detenido-1632249.html
204,Cuatro detenidos por el crimen de una agente de la Policía Federal en Quilmes - Agencia Noticias Argentinas,NO RELEVANTE,Noticias Argentinas,"Mon, 17 Aug 2020 20:48:00 GMT",https://noticiasargentinas.com/policiales/cuatro-detenidos-el-crimen-una-agente-la-policia-federal-quilmes-n90359
205,Un ex policía prófugo y acusado de filtrar información a la banda de Los Monos fue detenido por la policía de la Ciudad en Barracas - Infobae,NO RELEVANTE,infobae,"Tue, 11 Mar 2025 16:08:00 GMT",https://www.infobae.com/sociedad/policiales/2025/03/11/cayo-en-barracas-un-ex-policia-profugo-acusado-de-ser-parte-de-la-banda-de-los-monos/
206,Argentina: la Policía de la ciudad de Buenos Aires asesinó en una represión a un manifestante - La Izquierda Diario,NO RELEVANTE,La Izquierda Diario,"Thu, 10 Aug 2023 21:23:00 GMT",https://www.laizquierdadiario.com/Argentina-la-Policia-de-la-ciudad-de-Buenos-Aires-asesino-en-una-represion-a-un-manifestante
207,CABA: Un muerto tras represión policial en el Obelisco - pausa.com.ar,NO RELEVANTE,Pausa,"Thu, 10 Aug 2023 19:42:58 GMT",https://www.pausa.com.ar/2023/08/caba-un-muerto-tras-represion-policial-en-el-obelisco/
208,Detuvieron a tres policías investigados por torturas y abuso sexual durante un motín en una comisaría - La Voz del Interior,NO RELEVANTE,La Voz del Interior,"Sun, 30 Mar 2025 18:57:50 GMT",https://www.lavoz.com.ar/sucesos/detuvieron-a-tres-policias-investigados-por-torturas-y-abuso-sexual-durante-un-motin-en-una-comisaria/
209,Hinojo: un empleado del SPB detenido por venta de droga - Verte,NO RELEVANTE,Canal Verte,"Sun, 23 Mar 2025 12:00:00 GMT",https://www.verte.tv/noticias/42207-Hinojo-un-empleado-del-SPB-detenido-por-venta-de-droga
210,"Tras la represión en el Congreso, hubo cacerolazos en Córdoba, Buenos Aires y distintos puntos del país - La Nueva Mañana",NO RELEVANTE,lmdiario.com.ar,,https://lmdiario.com.ar/contenido/475818/tras-la-represion-en-el-congreso-hubo-cacerolazos-en-cordoba-buenos-aires-y-dist
211,Detuvieron al policía que mató a Juan Gabriel González en Villa Lugano - Página|12,NO RELEVANTE,Pagina 12,"Wed, 31 Dec 2025 11:55:00 GMT",https://www.pagina12.com.ar/2025/12/31/detuvieron-al-policia-que-mato-a-juan-gabriel-gonzalez-en-villa-lugano/
212,Once detenidos por integrar una banda federal de ciberestafas - Página|12,NO RELEVANTE,Pagina 12,,https://www.pagina12.com.ar/794259-once-detenidos-por-integrar-una-banda-federal-de-ciberestafa/
213,Allanamientos en CABA por un caso de narcomenudeo: 14 personas fueron detenidas - Filo News,NO RELEVANTE,Filo News,"Sun, 01 Mar 2026 19:35:08 GMT",https://www.filo.news/noticia/2026/03/01/allanamientos-en-caba-por-un-caso-de-narcomenudeo-14-personas-fueron-detenidas
214,"Allanamientos en CABA por narcomenudeo: 14 detenidos y secuestro de drogas, armas y dinero - Diario El Norte - San Nicolás",NO RELEVANTE,diarioelnorte.com.ar,,https://diarioelnorte.com.ar/allanamientos-en-caba-por-narcomenudeo-14-detenidos-y-secuestro-de-drogas-armas-y-dinero/
215,Allanamientos en CABA por un caso de narcomenudeo: 14 personas fueron detenidas - C5N,NO RELEVANTE,C5N,"Sun, 01 Mar 2026 14:01:00 GMT",https://www.c5n.com/sociedad/allanamientos-caba-un-caso-narcomenudeo-14-personas-fueron-detenidas-n230957
216,Cristina Kirchner denunció la represión de la Policía de la Ciudad a los miles de militantes que se acercaron a su casa - Página|12,NO RELEVANTE,Pagina 12,"Mon, 22 Aug 2022 23:50:45 GMT",https://www.pagina12.com.ar/475447-cristina-kirchner-denuncio-la-represion-de-la-policia-de-la-/
217,Ciudad Universitaria: detuvieron a un joven que abusó de dos estudiantes - Página|12,NO RELEVANTE,Pagina 12,"Thu, 13 Nov 2025 14:09:56 GMT",https://www.pagina12.com.ar/2025/11/13/ciudad-universitaria-detuvieron-a-un-joven-que-abuso-de-dos-estudiantes/
218,Escándalo en el Congreso: un agente de la PFA fue atrapado plantando un arma en medio de la represión - Big Bang! News,NO RELEVANTE,Big Bang! News,"Wed, 12 Mar 2025 23:28:00 GMT",https://www.bigbangnews.com/policiales/escandalo-congreso-agente-pfa-fue-atrapado-plantando-arma-medio-represion-n94404
219,Detuvieron a un acusado de una entradera que era buscado por un robo en CABA - Diario La Capital de Mar del Plata,NO RELEVANTE,La Capital de Mar del Plata,"Fri, 13 Jun 2025 14:25:16 GMT",https://www.lacapitalmdp.com/detuvieron-a-un-acusado-de-una-entradera-que-era-buscado-por-un-robo-en-caba/
220,Detuvieron a un joven acusado por presuntos abusos sexuales en dos barrios porteños - La Voz del Interior,NO RELEVANTE,La Voz del Interior,"Thu, 31 Mar 2022 19:06:53 GMT",https://www.lavoz.com.ar/ciudadanos/detuvieron-a-un-joven-acusado-por-presuntos-abusos-sexuales-en-dos-barrios-portenos/
221,Viajaban desde Córdoba a CABA para robar celulares en fiestas electrónicas y fueron detenidos - Infobae,NO RELEVANTE,infobae,"Wed, 28 May 2025 12:59:00 GMT",https://www.infobae.com/sociedad/policiales/2025/05/28/viajaban-desde-cordoba-a-caba-para-robar-celulares-en-fiestas-electronicas-y-fueron-detenidos/
222,González Catán: Rescataron a una niña de 8 años víctima de explotación sexual y su madre fue detenida - La Voz del Interior,NO RELEVANTE,La Voz del Interior,"Sat, 28 Feb 2026 21:33:48 GMT",https://www.lavoz.com.ar/sucesos/gonzalez-catan-rescataron-nina-8-anos-victima-explotacion-sexual-madre-detenida_0_x6jEvB5l81.html
223,Detuvieron en CABA a tres sospechosos por la millonaria estafa al empresario piquense Faruelo - infopico.com,NO RELEVANTE,infopico.com,"Sat, 28 Feb 2026 22:29:33 GMT",https://www.infopico.com/2026/02/28/detuvieron-en-caba-a-tres-sospechosos-por-la-millonaria-estafa-al-empresario-piquense-faruelo/
224,Detuvieron en Palermo a un ciudadano ruso acusado por una estafa millonaria en su país - Infobae,NO RELEVANTE,infobae,"Thu, 26 Jun 2025 10:42:00 GMT",https://www.infobae.com/sociedad/policiales/2025/06/26/detuvieron-en-palermo-a-un-ciudadano-ruso-acusado-por-una-estafa-millonaria-en-su-pais/
225,"Lucha magisterial. Desde Argentina, docentes en lucha repudian la represión a maestros de Oaxaca - laizquierdadiario.com.ve",NO RELEVANTE,La Izquierda Diario,"Sun, 19 Jun 2016 23:23:37 GMT",https://www.laizquierdadiario.com.ve/Desde-Argentina-docentes-en-lucha-repudian-la-represion-a-maestros-de-Oaxaca
226,Cacerolazos en el AMBA tras la brutal represión frente al Congreso - Data Diario,NO RELEVANTE,Data Diario,"Thu, 13 Mar 2025 12:46:35 GMT",https://www.datadiario.com/politica/cacerolazos-en-varios-puntos-del-amba-en-repudio-a-la-represion-policial-en-la-marcha-de-los-jubilados-20253139350
227,"Una joven murió al caer de un segundo piso, las circunstancias son investigadas y el novio fue detenido - La Voz del Interior",NO RELEVANTE,La Voz del Interior,"Fri, 07 Nov 2025 15:46:13 GMT",https://www.lavoz.com.ar/sucesos/una-joven-murio-al-caer-de-un-segundo-piso-las-circunstancias-son-investigadas-y-el-novio-fue-detenido/
228,Seis detenidos por el ataque a la comisaría de San Justo - El Litoral,NO RELEVANTE,El Litoral,"Wed, 02 May 2018 06:23:00 GMT",https://www.ellitoral.com/sucesos/detenidos-ataque-comisaria-san-justo_0_oSHNe4Yn6q.html
229,"Tiroteo en Capital Federal: más de 30 disparos, al menos tres heridos y dos detenidos - Diario de Cuyo",NO RELEVANTE,Diario de Cuyo,"Tue, 06 Feb 2018 00:00:00 GMT",https://www.diariodecuyo.com.ar/noticias/tiroteo-en-capital-federal-mas-de-30-disparos-al-menos-tres-heridos-y-dos-detenidos-297577.html
230,"""Adorni es $Libra"" y ""Adorni es represión"": los afiches que aparecieron contra el vocero y candidato - Página|12",NO RELEVANTE,Pagina 12,"Thu, 01 May 2025 21:18:38 GMT",https://www.pagina12.com.ar/822490-adorni-es-libra-y-adorni-es-represion-los-afiches-que-aparec/
231,"Marcha de jubilados: represión policial, balas de goma y siete detenidos frente al Congreso - Página|12",NO RELEVANTE,Pagina 12,"Wed, 30 Jul 2025 20:13:24 GMT",https://www.pagina12.com.ar/845979-represion-en-la-marcha-de-jubilados-fuerte-operativo-y-al-me/
232,Represión policial a jubilados: al menos 10 heridos y dos detenidos - El Argentino Diario,NO RELEVANTE,El Argentino Diario,"Thu, 27 Feb 2025 00:45:30 GMT",https://elargentinodiario.com.ar/actualidad/caba/26/02/2025/represion-policial-a-manifestantes-jubilados-al-menos-10-heridos-y-dos-detenidos/
233,"Tiago Palacios, demorado: cuál es la pena y la multa por manejar borracho en CABA - Diario El Día de La Plata",NO RELEVANTE,El Dia On Line,"Mon, 06 May 2024 15:08:42 GMT",https://www.eldia.com/nota/2024-5-6-11-49-0-tiago-palacios-demorado-cual-es-la-pena-y-la-multa-por-manejar-borracho-en-caba-deportes
234,"En un año detuvieron a 179 menores en Balvanera y San Cristóbal, uno de cada 10 en CABA - Revista el Abasto",NO RELEVANTE,revistaelabasto.com.ar,"Thu, 26 Sep 2019 21:30:55 GMT",https://www.revistaelabasto.com.ar/en-un-ano-detuvieron-a-179-menores-en-balvanera-y-san-cristobal-uno-de-cada-10-en-caba/
235,Fuerte represión policial en la previa del debate por la Reforma Laboral en el Congreso - Tiempo Judicial,NO RELEVANTE,Tiempo Judicial -,"Fri, 27 Feb 2026 16:30:51 GMT",https://tiempojudicial.com/2026/02/27/fuerte-represion-policial-en-la-previa-del-debate-por-la-reforma-laboral-en-el-congreso/
236,Así fue la feroz represión a maestros y trabajadores que llegaban al Congreso - Diario Registrado,NO RELEVANTE,Diario Registrado,"Fri, 27 Feb 2026 12:25:49 GMT",https://www.diarioregistrado.com/politica/asi-fue-la-feroz-represion-a-maestros-y-trabajadores-que-llegaban-al-congreso_a69a18dc2c471b277c1044511
237,"Argentinos rechazan ""ley esclavista"" de Milei pese a represión policial - teleSUR - teleSUR",NO RELEVANTE,TeleSURtv.net,"Fri, 27 Feb 2026 19:08:50 GMT",https://www.telesurtv.net/argentinos-rechazan-ley-esclavista-milei/
238,Represión a los jubilados: Bullrich acumula denuncias en el país y en el exterior - Página|12,NO RELEVANTE,Pagina 12,"Fri, 14 Mar 2025 03:01:00 GMT",https://www.pagina12.com.ar/810435-el-cels-denuncio-la-represion-de-bullrich-ante-la-onu-y-la-c/
239,Moreno. Brutal represión a los trabajadores del reparto - Periodismo de Izquierda,NO RELEVANTE,Periodismo de Izquierda,"Sat, 01 Feb 2025 00:33:43 GMT",https://periodismodeizquierda.com/moreno-brutal-represion-a-los-trabajadores-del-reparto/
240,"Represión: Pablo Grillo, el fotógrafo herido en la marcha, está en estado crítico - Data Diario",NO RELEVANTE,Data Diario,"Thu, 13 Mar 2025 15:38:07 GMT",https://news.google.com/rss/articles/CBMipAJBVV95cUxORzRCcWhwQThaNE9iLTJ6ckRyX2VqUkZMdG1GX1B2Z3lTZFVMM1dsVE9QU05vQkEycXhnaU1wQWdwYklXQ2hFSG5oZVJYOFlyckI4RzVNLVlXQzhPeXkyYWFkbnptcHVGWGJrUzB6UHdYaHBLMkRrdkdkS3c3SVVabWtzUjJVaU5HWU44LU1IMG0zZjZJeTEwbkhFZnA2N0lKV240YTZYejdDRlZya09pZmk4ZnpVczZrZm1CLUtBT3YtNHA1bjhwSWJkTlJqbEtMVTZkRFZUTEtpdGpkYnpBaTJXOWFBTEFzSlRxQ0hxSGR3VTdSZmg4NGpLUnJkU3hLRGRpdl9PRFdHMVhyM2ZGNEdpVVZsc2dPWmQzTEJfNXA1SlpY?oc=5&hl=en-US&gl=US&ceid=US:en
241,Echarán al empleado estatal detenido por los destrozos en TN y Canal 13 - LM Neuquén,NO RELEVANTE,LM Neuquen,"Thu, 12 Jun 2025 13:52:00 GMT",https://www.lmneuquen.com/pais/echaran-al-empleado-estatal-detenido-los-destrozos-tn-y-canal-13-n1195015
242,"Alejo Arias, libre: el único argentino preso en cárceles de Bukele vuelve a casa tras casi 2 años detenido - La Voz del Interior",NO RELEVANTE,La Voz del Interior,"Thu, 05 Jun 2025 14:49:13 GMT",https://www.lavoz.com.ar/sucesos/alejo-arias-libre-el-unico-argentino-preso-en-carceles-de-bukele-vuelve-a-casa-tras-casi-2-anos-detenido/
243,Megaoperativo en Villa Fiorito: cayó una banda de motochorros con 26 detenidos - Ambito,NO RELEVANTE,ámbito.com,"Mon, 09 Feb 2026 17:31:00 GMT",https://www.ambito.com/informacion-general/megaoperativo-villa-fiorito-cayo-una-banda-motochorros-26-detenidos-n6243956
244,Seis meses detenido por un tuit contra Milei - Página|12,NO RELEVANTE,Pagina 12,"Mon, 05 Jan 2026 03:01:00 GMT",https://www.pagina12.com.ar/2026/01/04/seis-meses-detenido-por-un-tuit-contra-milei/
245,Represión a primera hora: la policía golpeó a manifestantes que reclamaban por Fate - 0223.com.ar,NO RELEVANTE,0223,"Fri, 27 Feb 2026 10:27:00 GMT",https://www.0223.com.ar/nota/2026-2-27-10-27-0-represion-a-primera-hora-la-policia-golpeo-a-manifestantes-que-reclamaban-por-fate
246,Jubilados vuelven a ser víctimas de la represión policial - Página|12,NO RELEVANTE,Pagina 12,"Wed, 28 May 2025 19:02:15 GMT",https://www.pagina12.com.ar/829414-jubilados-vuelven-a-ser-victimas-de-la-represion-policial/
247,Para los jubilados solo hay represión - Página|12,NO RELEVANTE,Pagina 12,"Thu, 20 Feb 2025 03:01:00 GMT",https://www.pagina12.com.ar/805389-para-los-jubilados-solo-hay-represion/
248,Detuvieron a una joven de 23 años por la muerte del economista en Palermo - Página|12,NO RELEVANTE,Pagina 12,"Sun, 22 Jun 2025 03:01:00 GMT",https://www.pagina12.com.ar/836033-detuvieron-a-una-joven-de-23-anos-por-la-muerte-del-economis/
249,Detenidos tras una larga persecución que comenzó en Buenos Aires y terminó en Villa Celina - Cadena 3 Argentina,NO RELEVANTE,20,"Tue, 27 Jan 2026 11:39:00 GMT",https://www.cadena3.com/noticia/sociedad/detenidos-tras-una-larga-persecucion-que-comenzo-en-buenos-aires-y-termino-en-villa-celina_513035
250,Trasladaron a Buenos Aires al quinto detenido por el triple crimen de Florencio Varela - TN,NO RELEVANTE,Todo Noticias,"Sun, 28 Sep 2025 17:45:00 GMT",https://tn.com.ar/policiales/2025/09/28/trasladan-de-jujuy-a-buenos-aires-al-quinto-detenido-por-el-triple-crimen-de-florencio-varela/
251,Una protesta de jubilados desata la mayor represión del Gobierno de Milei - infoLibre,NO RELEVANTE,InfoLibre,"Thu, 13 Mar 2025 07:39:50 GMT",https://www.infolibre.es/internacional/protesta-jubilados-desata-mayor-represion-gobierno-milei_1_1959679.html
252,Le dieron la excarcelación al prófugo de la Justicia de EEUU detenido en Palermo por una estafa de más de USD 2 millones - Infobae,NO RELEVANTE,infobae,"Thu, 26 Feb 2026 19:47:00 GMT",https://www.infobae.com/sociedad/policiales/2026/02/26/le-dieron-la-excarcelacion-al-profugo-de-la-justicia-de-eeuu-detenido-en-palermo-por-una-estafa-de-mas-de-usd-2-millones/
253,VIDEO | Un periodista argentino denunció que fue golpeado y detenido por la Policía durante protestas en el Congreso - Agencia NOVA,NO RELEVANTE,Agencia NOVA,"Thu, 26 Feb 2026 03:59:00 GMT",https://www.agencianova.com/nota.asp?n=2026_2_26&id=164473&id_tiponota=80
254,Movilización y represión - Página|12,NO RELEVANTE,Pagina 12,,https://www.pagina12.com.ar/853743-movilizacion-y-represion/
255,CABA | Represión a trabajadores estatales - Izquierda Web,NO RELEVANTE,Izquierda Web,"Thu, 21 Mar 2019 00:36:31 GMT",https://izquierdaweb.com/caba-represion-a-trabajadores-estatales/
256,Un nene de 11 años murió atropellado en la autopista Buenos Aires-La Plata: detuvieron al conductor - Infobae,NO RELEVANTE,infobae,"Sat, 15 Nov 2025 12:13:00 GMT",https://www.infobae.com/sociedad/policiales/2025/11/16/un-nene-de-11-anos-murio-atropellado-en-la-autopista-buenos-aires-la-plata-detuvieron-al-conductor/
257,"Protesta, represión y acampe - pulsonoticias.com.ar",NO RELEVANTE,Pulso noticias,"Wed, 11 Sep 2019 22:20:12 GMT",https://pulsonoticias.com.ar/protesta-represion-y-acampe/
258,Excarcelan bajo fianza de casi $ 1 mil millones al prófugo estadounidense detenido por una estafa millonaria - La Voz del Interior,NO RELEVANTE,La Voz del Interior,"Thu, 26 Feb 2026 22:08:16 GMT",https://www.lavoz.com.ar/mundo/excarcelan-fianza-1-mil-millones-profugo-estadounidense-detenido-estafa-millonaria_0_08WgNw9qc5.html
259,“La Policía Federal fue una pieza clave de la represión en Neuquén” - LM Neuquén,NO RELEVANTE,LM Neuquen,"Tue, 31 Jul 2012 00:00:00 GMT",https://www.lmneuquen.com/la-policia-federal-fue-una-pieza-clave-la-represion-neuquen-n156698
260,"Ordenaron la liberación del ensenadense que había sido detenido en la ""operación Dubai"" - 0221",NO RELEVANTE,0221.com.ar,"Fri, 02 Sep 2022 21:41:00 GMT",https://www.0221.com.ar/nota/2022-9-2-18-41-0-ordenaron-la-liberacion-del-ensenadense-que-habia-sido-detenido-en-la-operacion-dubai
261,Por un correo electrónico detuvieron a empresario que estuvo prófugo tres meses - Infobae,NO RELEVANTE,infobae,"Wed, 28 Oct 2009 06:17:00 GMT",https://www.infobae.com/2009/10/28/480566-por-un-correo-electronico-detuvieron-empresario-que-estuvo-profugo-tres-meses/
262,Juninenses detenidos por estafas millonarias en Capital Federal - Diario Junin,NO RELEVANTE,Diario Junin,,https://www.diariojunin.com/
263,Violenta represión frente al Congreso mientras Diputados debate la reforma laboral - Página|12,NO RELEVANTE,Pagina 12,"Thu, 19 Feb 2026 18:47:37 GMT",https://www.pagina12.com.ar/2026/02/19/megaoperativo-en-congreso-la-policia-espera-la-orden-para-aplicar-el-protocolo-antiprotestas/
264,Detuvieron a un líder narco en CABA y le encontraron un lanzacohetes - Mendoza Post,NO RELEVANTE,Mendoza Post,"Tue, 10 Jun 2025 15:35:00 GMT",https://www.mendozapost.com/policiales/detienen-lider-narco-y-encuentran-lanzacohetes/
265,Una multitud marchó en La Plata contra la represión estatal y el gatillo fácil - 0221,NO RELEVANTE,0221.com.ar,"Mon, 26 Aug 2019 21:17:00 GMT",https://www.0221.com.ar/nota/2019-8-26-18-17-0-una-multitud-marcho-en-la-plata-contra-la-represion-estatal-y-el-gatillo-facil
266,"Sin luz y sin agua, pero con represión - La Izquierda Diario",NO RELEVANTE,La Izquierda Diario,"Wed, 15 Feb 2023 17:30:00 GMT",https://www.laizquierdadiario.com/Sin-luz-y-sin-agua-pero-con-represion
267,Otro tren partió demorado hacia la costa - Infobae,NO RELEVANTE,infobae,"Mon, 21 Jan 2008 09:00:00 GMT",https://www.infobae.com/2008/01/21/360177-otro-tren-partio-demorado-la-costa/
268,Operativo. Buenos Aires: detuvieron a un sicario buscado por Interpol desde hace 13 años - La Voz del Interior,NO RELEVANTE,La Voz del Interior,"Sun, 27 Jul 2025 16:48:03 GMT",https://www.lavoz.com.ar/sucesos/buenos-aires-detuvieron-a-un-sicario-buscado-por-interpol-desde-hace-13-anos/
269,Detuvieron a una cuidadora de personas mayores sospechada de al menos cuatro robos - MinutoUno,NO RELEVANTE,Minutouno.com,"Thu, 08 Jan 2026 16:30:00 GMT",https://www.minutouno.com/sociedad/detuvieron-una-cuidadora-personas-mayores-sospechada-al-menos-cuatro-robos-n6232091
270,Detuvieron en CABA a una viuda negra que sedó a un jubilado de Berisso y lo desvalijó - 0221,NO RELEVANTE,0221.com.ar,"Sun, 08 Jun 2025 20:04:00 GMT",https://www.0221.com.ar/policiales/detuvieron-caba-una-viuda-negra-que-sedo-un-jubilado-berisso-y-lo-desvalijo-n110977
271,Detuvieron a dos delincuentes que robaron un comercio de autopartes - Pilar a Diario,NO RELEVANTE,Pilar a Diario,"Tue, 06 Aug 2024 18:25:00 GMT",https://www.pilaradiario.com/policiales/detuvieron-dos-delincuentes-que-robaron-un-comercio-autopartes-n5455324
272,Caba. Violencia en el Congreso: quedó detenido un manifestante que tenía orden de captura vigente por robo - La Voz del Interior,NO RELEVANTE,La Voz del Interior,"Fri, 13 Feb 2026 01:38:13 GMT",https://www.lavoz.com.ar/politica/violencia-en-el-congreso-quedo-detenido-un-manifestante-que-tenia-orden-de-captura-vigente-por-robo/
273,"“Tengo fe en que vamos a recibir pronto a Nahuel”, dijo la esposa del gendarme argentino detenido en Venezuela - Radiocanal",NO RELEVANTE,radiocanal.com.ar,"Thu, 08 Jan 2026 19:00:00 GMT",http://www.radiocanal.com.ar/noticia/tengo-fe-en-que-vamos-a-recibir-pronto-a-nahuel-dijo-la-esposa-del-gendarme-argentino-detenido-en-venezuela-179717
274,Bolsos en el convento. José Lopez viajó para presentarse en Comodoro Py y quedar detenido nuevamente - La Voz del Interior,NO RELEVANTE,La Voz del Interior,"Mon, 16 Jun 2025 21:09:06 GMT",https://www.lavoz.com.ar/politica/jose-lopez-viajo-para-presentarse-en-comodoro-py-y-quedar-detenido-nuevamente/
275,Video: la impactante persecución que duró más de 50 cuadras y terminó con dos ladrones detenidos - La Voz del Interior,NO RELEVANTE,La Voz del Interior,"Tue, 27 Jan 2026 18:49:54 GMT",https://www.lavoz.com.ar/sucesos/video-la-impactante-persecucion-que-duro-mas-de-50-cuadras-y-termino-con-dos-ladrones-detenidos/
276,"Estaba prófugo de la Justicia, fue a votar y terminó detenido - Crónica",NO RELEVANTE,cronica.com.ar,,https://www.cronica.com.ar/policiales/Estaba-profugo-de-la-Justicia-fue-a-votar-y-termino-detenido-20251026-0066.html
277,“Muerte a los enemigos del pueblo”: detuvieron a un simpatizante Antifa por amenazas a Patricia Bullrich - Infobae,NO RELEVANTE,infobae,"Wed, 25 Feb 2026 17:46:00 GMT",https://www.infobae.com/sociedad/policiales/2026/02/25/muerte-a-los-enemigos-del-pueblo-detuvieron-a-un-simpatizante-antifa-por-amenazas-a-patricia-bullrich/
278,Detuvieron a un hombre por amenazas a Patricia Bullrich y hallaron una AK-47 en su casa - Diario El Norte - San Nicolás,NO RELEVANTE,diarioelnorte.com.ar,,https://diarioelnorte.com.ar/buenos-aires-detenido-amenazas-bullrich/
279,Detuvieron a un hombre por amenazar a Patricia Bullrich y se llevaron una sorpresa al allanar su casa - ADNSUR,NO RELEVANTE,ADNSUR,"Wed, 25 Feb 2026 18:26:31 GMT",https://www.adnsur.com.ar/policiales---judiciales/detuvieron-a-un-hombre-por-amenazar-a-bullrich--hallaron-armas--mascaras-antigas-y-elementos-para-fabricar-una-molotov_a699f32de74bc9b8ccf366be4
280,Detuvieron a un hombre por amenazar de muerte a Patricia Bullrich en redes - diariocronica.com.ar,NO RELEVANTE,,,
281,Amenazó de muerte a Patricia Bullrich en redes sociales y fue detenido - Crónica,NO RELEVANTE,Crónica - Firme junto al pueblo,"Wed, 25 Feb 2026 16:09:00 GMT",https://www.cronica.com.ar/policiales/amenazo-de-muerte-a-patricia-bullrich-en-redes-sociales-y-fue-detenido-8117/
282,Operativos en canchas porteñas: un prófugo detenido y 18 trapitos - Diario El Norte - San Nicolás,NO RELEVANTE,diarioelnorte.com.ar,,https://diarioelnorte.com.ar/operativos-en-canchas-portenas-un-profugo-detenido-y-18-trapitos/
283,Las fotos más impactantes de la represión en la marcha de jubilados e hinchas en el Congreso - C5N,NO RELEVANTE,C5N,"Wed, 12 Mar 2025 16:59:00 GMT",https://www.c5n.com/politica/fotos-tension-marcha-jubilados-hinchas-represion-12-marzo-2025
284,Dura represión de la marcha de jubilados frente al Congreso | 12 de marzo de 2025 - Hoy Día Córdoba,NO RELEVANTE,Hoy Día Córdoba,"Thu, 13 Mar 2025 00:00:19 GMT",https://hoydia.com.ar/hoypais/represion-policial-en-protesta-de-jubilados-frente-al-congreso/
285,Hijo de Cristina Caamaño demorado por posesión de marihuana y artículos históricos - Perfil,NO RELEVANTE,Perfil.com,"Fri, 26 Mar 2021 00:41:00 GMT",https://www.perfil.com/noticias/actualidad/hijo-de-cristina-caamano-demorado-por-posesion-de-marihuana-y-articulos-historicos.phtml
286,Intentan huir con marihuana y son detenidos por los gendarmes - Argentina.gob.ar,NO RELEVANTE,Argentina.gob.ar,"Wed, 06 Sep 2023 15:27:53 GMT",https://www.argentina.gob.ar/noticias/intentan-huir-con-marihuana-y-son-detenidos-por-los-gendarmes
287,Tenía una causa por robo de armas con prisión preventiva en CABA y lo detuvieron en La Anónima de Km. 3 - diariocronica.com.ar,NO RELEVANTE,Diario Crónica,"Tue, 08 Aug 2023 11:34:59 GMT",https://www.diariocronica.com.ar/noticias/2023/08/08/84379-tenia-una-causa-por-robo-de-armas-con-prision-preventiva-en-caba-y-lo-detuvieron-en-la-anonima-de-km-3
288,Detuvieron a dos chicos de 13 y 14 años que estaban robando autos en el microcentro - TN,NO RELEVANTE,Todo Noticias,,https://tn.com.ar/policiales/2024/09/09/detuvieron-a-dos-chicos-de-13-y-14-anos-que-estaban-robando-autos-en-el-microcentro/
289,Realizaron 50 allanamientos y detuvieron a 30 personas por ciberestafas - El Informante,NO RELEVANTE,El Informante,"Tue, 28 Jul 2026 00:00:00 GMT",https://news.google.com/rss/articles/CBMivAFBVV95cUxOV2JRRkVHUDNtazg4S1Q1ZWRzeE83N0Z5LWVSVUJYTV90Y3FTZWJvQUlfZ1JpTWIyU0NYaU1nZmtRbTZyaHJuWGFmREVqNnhXOFZ1Qm9QNFNPZURDRW9vLTQ0bHA4ZjFDYmppRDEtR3VGUTBMRm5TRnZHek5weGFSU0dXb1hVcUlEaXRXeVFnb2ZBalRkb1M3NE1OQ056UEdUcHc2bzhaWUFxQlFFZlpFeUoxTTFSRzBQUko2OA?oc=5&hl=en-US&gl=US&ceid=US:en
290,Despiadado asesinato de un jubilado en Claypole: detuvieron a dos menores inimputables - Infobae,NO RELEVANTE,infobae,"Tue, 03 Dec 2024 14:15:00 GMT",https://www.infobae.com/sociedad/policiales/2024/12/03/despiadado-asesinato-de-un-jubilado-en-claypole-detuvieron-a-dos-menores-inimputables/
291,Exclusivo A24 | El costado B de los festejos: se registraron 17 detenidos y cientos de llamados al 911 en CABA - a24.com,NO RELEVANTE,A24.com,"Mon, 19 Dec 2022 22:39:56 GMT",https://www.a24.com/actualidad/exclusivo-a24-el-costado-b-los-festejos-se-registraron-17-detenidos-y-cientos-llamados-al-911-caba-n1065919
292,Nueva fuga de presos en la Ciudad de Buenos Aires: seis detenidos escaparon de una comisaría en Balvanera - El Observador,NO RELEVANTE,ElObservador.com.uy,"Tue, 18 Feb 2025 12:49:00 GMT",https://www.elobservador.com.uy/argentina/sociedad/nueva-fuga-presos-la-ciudad-buenos-aires-seis-detenidos-escaparon-una-comisaria-balvanera-n5985622
293,Detuvieron en Villa Crespo a un simpatizante de Antifa acusado de amenazar a Patricia Bullrich - BorderPeriodismo,NO RELEVANTE,#BorderPeriodismo,"Wed, 25 Feb 2026 19:29:00 GMT",https://www.borderperiodismo.com/politica/detuvieron-en-villa-crespo-a-un-simpatizante-de-antifa-acusado-de-amenazar-a-patricia-bullrich/
294,Detuvieron en Buenos Aires a un hombre acusado de amenazar a Patricia Bullrich - La Posta Comodorense,NO RELEVANTE,La Posta Comodorense,"Wed, 25 Feb 2026 22:40:35 GMT",https://lapostacomodorense.com.ar/2026/02/25/detuvieron-en-buenos-aires-a-un-hombre-acusado-de-amenazar-a-patricia-bullrich/
295,Allanamiento en Venado Tuerto: un detenido y secuestro de estupefacientes - El Litoral,NO RELEVANTE,El Litoral,"Sat, 13 Sep 2025 09:56:00 GMT",https://www.ellitoral.com/sucesos/pdi-venado-tuerto-allanamiento-justicia_0_uKX6N4q87a.html
296,Quiénes son los detenidos por el fentanilo contaminado: la historia de García Furfaro y los directivos de HLB Pharma - Infobae,NO RELEVANTE,infobae,"Thu, 21 Aug 2025 03:18:00 GMT",https://www.infobae.com/politica/2025/08/21/quienes-son-los-detenidos-por-el-fentanilo-contaminado-la-historia-de-garcia-furfaro-y-los-directivos-de-hlb-pharma/
297,Detuvieron en Capital Federal a un prófugo estadounidense por estafa millonaria a una empresa de cruceros - Elonce.com,NO RELEVANTE,Elonce.com,"Wed, 25 Feb 2026 02:37:04 GMT",https://www.elonce.com/internacionales/detuvieron-en-capital-federal-a-un-profugo-estadounidense-por-estafa-millonaria-a-una-empresa-de-cruceros.htm
298,Detuvieron a Leo Fariña por evasión agravada - Infobae,NO RELEVANTE,infobae,"Tue, 25 Mar 2014 12:07:00 GMT",https://www.infobae.com/2014/03/25/1552743-detuvieron-leo-farina-evasion-agravada/
299,Estafó a 38 pilarenses con la venta de autos mellizos: fue detenido - Pilar a Diario,NO RELEVANTE,Pilar a Diario,"Tue, 05 Nov 2013 00:00:00 GMT",https://www.pilaradiario.com/policiales/2013/11/5/estaf-pilarenses-venta-autos-mellizos-detenido-40303.html
300,Golpes y represión en una nueva marcha de jubilados en el Congreso - Página|12,NO RELEVANTE,,,
301,"Detuvieron al “Gordo Jorge”, vinculado al millonario robo a la estación de servicios de Chajarí - Elonce.com",NO RELEVANTE,Elonce.com,"Fri, 14 Nov 2025 00:21:00 GMT",https://www.elonce.com/policiales/detuvieron-al-gordo-jorge-vinculado-al-millonario-robo-a-la-estacion-de-servicios-de-chajari.htm
302,"Detuvieron en Buenos Aires al líder de los Albín, grupo criminal vinculado a Sebastián Marset - Ambito",NO RELEVANTE,ámbito.com,"Thu, 20 Nov 2025 12:44:00 GMT",https://www.ambito.com/uruguay/detuvieron-buenos-aires-al-lider-los-albin-grupo-criminal-vinculado-sebastian-marset-n6216043
303,Diez heridos y un detenido en la marcha de los jubilados - Página|12,NO RELEVANTE,Pagina 12,"Thu, 02 Oct 2025 03:01:00 GMT",https://www.pagina12.com.ar/862478-diez-heridos-y-un-detenido-en-la-marcha-de-los-jubilados/
304,IMPUTARON A LOS HINCHAS DE DEPORTIVO CALI QUE FUERON DETENIDOS EN EL OBELISCO Y EN PUERTO MADERO - Ministerio Público Fiscal de la Ciudad,NO RELEVANTE,,,
305,Un futbolista fue a ver a su equipo y terminó detenido por una causa de intento de homicidio - ElDoce.tv,NO RELEVANTE,eldoce.tv,,https://eldoce.tv/actualidad/2025/06/15/un-futbolista-fue-a-ver-a-su-equipo-y-termino-detenido-por-una-causa-de-intento-de-homicidio/
306,Detenido por grooming: un joven usó Roblox para contactar a un niño de 9 años - LM Neuquén,NO RELEVANTE,LM Neuquen,"Thu, 14 Aug 2025 13:43:00 GMT",https://www.lmneuquen.com/policiales/detenido-grooming-un-joven-uso-roblox-contactar-un-nino-9-anos-n1204202
307,Estuvo en la manifestación del 11 de febrero contra la Reforma Laboral y perdió un ojo tras la represión - Página|12,NO RELEVANTE,Pagina 12,"Mon, 23 Feb 2026 03:01:00 GMT",https://www.pagina12.com.ar/2026/02/23/estuvo-en-la-manifestacion-del-11-de-febrero-contra-la-reforma-laboral-y-perdio-un-ojo-tras-la-represion/
308,Tiroteo y persecución en Buenos Aires: un detenido y un prófugo tras un enfrentamiento con la Policía - La Voz del Interior,NO RELEVANTE,La Voz del Interior,"Tue, 08 Jul 2025 22:19:58 GMT",https://www.lavoz.com.ar/sucesos/tiroteo-y-persecucion-en-buenos-aires-un-detenido-y-un-profugo-tras-un-enfrentamiento-con-la-policia/
309,Buenos Aires. Pasajeros de un colectivo grabaron una persecución que terminó con dos detenidos - La Voz del Interior,NO RELEVANTE,La Voz del Interior,"Sun, 17 Aug 2025 19:11:00 GMT",https://www.lavoz.com.ar/sucesos/pasajeros-de-un-colectivo-grabaron-una-persecucion-que-termino-con-dos-detenidos/
310,Juninenses detenidos por estafas millonarias en Capital Federal - Diario Junin,NO RELEVANTE,Diario Junin,"Wed, 31 Dec 1969 21:00:00 GMT",https://www.diariojunin.com/public/noticias/84571_juninenses-detenidos-por-estafas-millonarias-en-capital-federal.html/amp
311,Comisión policial va en busca del detenido ex interventor de Lotería - El Litoral | Novedades de Corrientes,NO RELEVANTE,El Litoral,"Tue, 14 Nov 2006 00:00:00 GMT",https://www.ellitoral.com.ar/corrientes/2006-11-13-21-0-0-comision-policial-va-en-busca-del-detenido-ex-interventor-de-loteria
312,Zarpó el buque científico que estaba demorado en el puerto de Buenos Aires - Infobae,NO RELEVANTE,infobae,"Fri, 03 Oct 2025 06:12:00 GMT",https://www.infobae.com/salud/ciencia/2025/10/03/el-buque-cientifico-esta-demorado-en-el-puerto-de-buenos-aires-cuando-podria-zarpar-hacia-la-expedicion-en-la-patagonia/
313,Un camionero simuló un secuestro para quedarse con la carga y terminó detenido: el detalle que lo delató - La Voz del Interior,NO RELEVANTE,La Voz del Interior,"Mon, 01 Dec 2025 22:05:07 GMT",https://www.lavoz.com.ar/sucesos/un-camionero-simulo-un-secuestro-para-quedarse-con-la-carga-y-termino-detenido-el-detalle-que-lo-delato/
314,"Colonia Elía: tras votar, un hombre fue arrestado por una causa de abuso en Buenos Aires - Uno Entre Rios",NO RELEVANTE,Unoentrerios,"Sun, 26 Oct 2025 19:25:00 GMT",https://www.unoentrerios.com.ar/policiales/colonia-elia-votar-un-hombre-fue-arrestado-una-causa-abuso-buenos-aires-n10226284.html
315,Crimen del martillero en Azul: El detenido denunció que fue golpeado por efectivos policiales - En Linea Noticias,NO RELEVANTE,En Linea Noticias,"Sat, 17 May 2025 16:11:57 GMT",https://enlineanoticias.com.ar/la-region/crimen-del-martillero-en-azul-el-detenido-denuncio-que-fue-golpeado-por-efectivos-policiales/
316,Hay un quinto detenido por el triple femicidio - Página|12,NO RELEVANTE,Pagina 12,"Sat, 27 Sep 2025 03:01:00 GMT",https://www.pagina12.com.ar/861186-hay-un-quinto-detenido-por-el-triple-femicidio/
317,Detuvieron en Mar del Plata al sospechoso de matar a una psicóloga hace 12 años en Pinamar - Diario La Capital de Mar del Plata,NO RELEVANTE,La Capital de Mar del Plata,"Tue, 07 Jan 2025 13:30:32 GMT",https://www.lacapitalmdp.com/detuvieron-al-sospechoso-de-haber-matado-a-una-psicologa-hace-12-anos-en-pinamar/
318,Violación de la cuarentena: ya hay más de 10 millones de detenidos y notificados por las fuerzas federales - Infobae,NO RELEVANTE,infobae,"Wed, 03 Jun 2020 20:32:00 GMT",https://www.infobae.com/sociedad/policiales/2020/06/03/violacion-de-la-cuarentena-ya-hay-mas-de-10-millones-de-detenidos-y-notificados-por-las-fuerzas-federales/
319,Así detuvieron a abusador buscado en pleno partido de River - Perfil,NO RELEVANTE,Perfil.com,"Thu, 29 May 2025 11:27:07 GMT",https://www.perfil.com/noticias/reperfilar/asi-detuvieron-a-abusador-buscado-en-pleno-partido-river.phtml
320,Cae la Banda de Nati en Buenos Aires: siete detenidos por droga adulterada - Cadena 3 Argentina,NO RELEVANTE,Cadena 3 Argentina,"Thu, 22 Jan 2026 11:01:00 GMT",https://www.cadena3.com/noticia/sociedad/cae-la-banda-de-nati-en-buenos-aires-siete-detenidos-por-droga-adulterada_511473
321,Especial Argentina: Represión a protestas contra reforma a pensiones - Desinformémonos,NO RELEVANTE,Desinformémonos,"Tue, 19 Dec 2017 00:00:00 GMT",https://desinformemonos.org/especial-argentina-represion-a-protestas-contra-reforma-a-pensiones/
322,Detuvieron un camión que circulaba con las luces apagadas y descubrieron que llevaba 6 toneladas de marihuana a Buenos Aires - Infobae,NO RELEVANTE,infobae,"Fri, 07 Feb 2025 11:07:00 GMT",https://www.infobae.com/sociedad/policiales/2025/02/07/detuvieron-un-camion-que-circulaba-con-las-luces-apagadas-y-descubrieron-que-llevaba-6-toneladas-de-marihuana-a-buenos-aires/
323,CABA: tres chilenos que desvalijaban departamentos fueron detenidos tras una persecución por Palermo - Ambito,NO RELEVANTE,ámbito.com,"Mon, 23 Feb 2026 16:27:00 GMT",https://news.google.com/rss/articles/CBMi2gFBVV95cUxOb285X2U3SUFVQmpuOG9hR2xvRDctS0dfT0hlTVFqWEVmWi01d2hTUEE1d0gzMld0U2Q2Q0tBUXd5bmJDeV96TVNBSnQ2LURkLXJDODl4cVpkb042UzlPaUk2WEUtVTRzSUEyQUtUbTNxa2JMd2Z2VFVTMGdnZllWR0JkZzhRSjFvcFJCUUMwUlZzQ3libEVuaVM4RHhoRmhJZi1HU3IycVZBRE8xWjV2NlpXMWQ0bDdvSGFNYjNhS2dpU2hNVmtXZU0tYzZCVFVaSW5QZzU2NlNXZ9IB3wFBVV95cUxOc1FURThMWDdDSWMzWWtOaTZjOEdGQ2NxMEdhZHZ2ekFQaTRJR1o4STh5MjVZWlkzWll5RW5DbTVzSkZ3c3ZUZ29vWGViQlVMVC11eTJaQldNOUdiYjBSaDhHZUtSZy1UM2ozay05ZktXOGpFSVdWdTVyTjB2TncxSmtPVF9qdktXQXB0UkdFVGZZbnZ1WG1NdGdqUDdSZlRSSU53WjRDU3QyUWJ5QzRGM0h4ZHJhSXdiY185Qm1TczdvZml0UWNxOW5PLWZ3T0s0dzAwNGFRMk1VZWUyLVo0?oc=5&hl=en-US&gl=US&ceid=US:en
324,Cristina Fernández ya se encuentra detenida en Buenos Aires - El Nacional - El diario de los lectores influyentes,NO RELEVANTE,El Nacional,"Wed, 18 Jun 2025 13:00:00 GMT",https://elnacional.com.py/mundo/cristina-fernandez-ya-encuentra-detenida-buenos-aires-n87466
325,CABA: tres chilenos que desvalijaban departamentos fueron detenidos tras una persecución por Palermo - Ambito,NO RELEVANTE,ámbito.com,"Mon, 23 Feb 2026 16:27:00 GMT",https://news.google.com/rss/articles/CBMi3wFBVV95cUxOc1FURThMWDdDSWMzWWtOaTZjOEdGQ2NxMEdhZHZ2ekFQaTRJR1o4STh5MjVZWlkzWll5RW5DbTVzSkZ3c3ZUZ29vWGViQlVMVC11eTJaQldNOUdiYjBSaDhHZUtSZy1UM2ozay05ZktXOGpFSVdWdTVyTjB2TncxSmtPVF9qdktXQXB0UkdFVGZZbnZ1WG1NdGdqUDdSZlRSSU53WjRDU3QyUWJ5QzRGM0h4ZHJhSXdiY185Qm1TczdvZml0UWNxOW5PLWZ3T0s0dzAwNGFRMk1VZWUyLVo00gHfAUFVX3lxTE5zUVRFOExYN0NJYzNZa05pNmM4R0ZDY3EwR2FkdnZ6QVBpNElHWjhJOHkyNVlaWTNaWXlFbkNtNXNKRndzdlRnb29YZWJCVUxULXV5MlpCV005R2JiMFJoOEdlS1JnLVQzajNrLTlmS1c4akVJV1Z1NXJOMHZOdzFKa09UX2p2S1dBcHRSR0VUZlludnVYbU10Z2pQN1JmVFJJTndaNENTdDJRYnlDNEYzSHhkcmFJd2JjXzlCbVNzN29maXRRY3E5bk8tZndPSzR3MDA0YVEyTVVlZTItWjQ?oc=5&hl=en-US&gl=US&ceid=US:en
326,Violentos incidentes en la marcha de jubilados: enfrentamientos con la policía y siete personas detenidas - Infobae,NO RELEVANTE,infobae,"Wed, 30 Jul 2025 12:44:00 GMT",https://news.google.com/rss/articles/CBMi9gFBVV95cUxOWGxfYTQxZnAzeUhCVUptVTRfZHYxNXY3TTF1bHpEZm9iUTgzRU13blN4LVlXMXlka3pTVGN1YmZ1QzVtMEVGTEpPa3UtYk5MYzhoTnlxUWJ0NUNNY0JFSVVub2xiS1ZkY1RYQ29VM0RLSk9Wb09vcGIyVEhoWVVjTW85UzUtYmpBTi1LNFZWek5HNXlHdDFtaHA2YUV1RS1fNXBfSU5kRFJxZXU4dm44ODUxbS1WNVpPLVdxZ0E0aDhldmZXU016SmFEZDhlYkIwMWVoS29MRHhrTEN1Q3NzeDBzVHlPWDNEX3Jnbnh0TFBBR0NIR0HSAZACQVVfeXFMTUdpd2Z6X0pidVZ4aHFBdzhMeUp5QjFWaEV5MkxWTUowOVNjUF9FcEJXNkpwSXVSZlhuenhwMnk1LW05dV95UkRNdnRDOXF4MXR4ODN6cDZadXRoeDJkT0xkUmRRdWhiNTY3a2ViUXpVRzVEQVE4MFRpY0VZY1J2Nk14UXZ2R1lrTF9scFp4NFpreE54ZFR6azkzVl8xRWg1QVZUTUZXdDJNTWt0T1IxdFJxVGp5S3JpbGNpXzFvVmhIQmRvRVdUV2NPYUZPVHBibzFsNWpTUlJRakpWYlZHdjd1cXRfNmdfTEdYQzFVejVfejJ6V0g3TEpLNFM3bmlQdk93VTZpOE81bXBkVzdRQXE?oc=5&hl=en-US&gl=US&ceid=US:en
327,Cárcel de Devoto: aspiran a que 1.500 detenidos sean trasladados antes de fin de año - MinutoUno,NO RELEVANTE,Minutouno.com,"Thu, 15 Jan 2026 16:01:00 GMT",https://www.minutouno.com/politica/carcel-devoto-aspiran-que-1500-detenidos-sean-trasladados-antes-fin-ano-n6234630
328,Joven boliviano detenido por narcotráfico en Argentina - lapatria.bo,NO RELEVANTE,La Patria 3.0 | Periódico digital de Bolivia,"Sun, 22 Feb 2026 20:25:50 GMT",https://news.google.com/rss/articles/CBMijwFBVV95cUxOVHZDNnp1MGs3QnBwZ295TWlZR3VuRm9CaXhfYWNhNnJweU9SYzkweURGbHNDQUtobzI2S1FCbld0RzhVVDRoMjU5cTE5MzVfV200TlpMeXZpbFRPTkFhVU5uV28zM3BDMzNFR1Vra0pFN2cxWFdialFnX3BZNzZuMXh4OXRQMzRISnM1ZjU4TQ?oc=5&hl=en-US&gl=US&ceid=US:en
329,Desbarataron una banda narco que operaba en el Conurbano y Capital Federal: incautaron 300 kilos de droga y hay nueve detenidos - Infobae,NO RELEVANTE,infobae,"Sat, 08 Jun 2019 11:57:00 GMT",https://www.infobae.com/sociedad/policiales/2019/06/08/desbarataron-una-banda-narco-que-operaba-en-el-conurbano-y-capital-federal-incautaron-300-kilos-de-droga-y-hay-nueve-detenidos/
330,Detenido al robar y revelar vivero con 109 plantas de marihuana - Diario El Norte - San Nicolás,NO RELEVANTE,diarioelnorte.com.ar,,https://diarioelnorte.com.ar/detenido-al-robar-y-revelar-vivero-con-109-plantas-de-marihuana/
331,Entró a robar plantas de marihuana y terminó detenido al descubrir que era un vivero clandestino - Ambito,NO RELEVANTE,ámbito.com,"Sun, 22 Feb 2026 13:28:00 GMT",https://www.ambito.com/informacion-general/entro-robar-plantas-marihuana-y-termino-detenido-al-descubrir-que-era-un-vivero-clandestino-n6248124
332,"Detuvieron a un hombre en el la línea C del subte: le encontraron una pistola, una navaja, $1,8 millones y US$1100 - TN",NO RELEVANTE,Todo Noticias,"Tue, 09 Sep 2025 19:35:11 GMT",https://tn.com.ar/policiales/2025/09/09/un-hombre-se-puso-nervioso-al-ver-a-la-policia-en-el-subte-tenia-una-pistola-18-millones-y-us1100/
333,Ciudadano venezolano detenido en Corrientes por presuntos lazos con terrorismo - El Litoral,NO RELEVANTE,El Litoral,"Sat, 10 Jan 2026 07:00:00 GMT",https://www.ellitoral.com/sucesos/tren-dearagua-deteccion-ciudadano-venezolano-terrorismo-corrientes_0_F0EEYo7Txl.html
334,"Casinos ilegales: dos detenidos, millonario secuestro de dinero y varios autos incautados - Diario La Capital de Mar del Plata",NO RELEVANTE,La Capital de Mar del Plata,"Tue, 04 Nov 2025 17:36:26 GMT",https://www.lacapitalmdp.com/casinos-ilegales-dos-detenidos-millonario-secuestro-de-dinero-y-varios-autos-incautados/
335,"Persecución, vuelco y tiroteo: un delincuente murió y otros tres resultaron detenidos - Crónica",NO RELEVANTE,Crónica - Firme junto al pueblo,"Mon, 17 Nov 2025 00:00:00 GMT",https://www.cronica.com.ar/policiales/Persecucion-vuelco-y-tiroteo-un-delincuente-murio-y-tres-resultaron-detenidos-20251117-0057.html
336,Detuvieron a dos integrantes de una banda dedicada a la comercialización de estupefacientes - Infobae,NO RELEVANTE,infobae,"Sun, 21 Apr 2024 18:11:00 GMT",https://www.infobae.com/sociedad/policiales/2024/04/22/detuvieron-a-dos-integrantes-de-una-banda-dedicada-a-la-comercializacion-de-estupefacientes/
337,Otra jornada de represión policial en los alrededores del Congreso y en momentos que se debate la Reforma Laboral - La Nueva Mañana,NO RELEVANTE,lmdiario.com.ar,,https://lmdiario.com.ar/contenido/507619/otra-jornada-de-represion-policial-en-los-alrededores-del-congreso-y-en-momentos
338,Fuerte represión policial a los hinchas de Boca en los ingresos a La Bombonera ante Huracán - TyC Sports,NO RELEVANTE,TyC Sports.com,"Tue, 20 Sep 2022 11:36:47 GMT",https://www.tycsports.com/boca-juniors/boca-hinchas-represion-policial-huracan-bombonera-id465708.html
339,Discursos de odio y represión policial - Rebelión,NO RELEVANTE,rebelion.org,"Wed, 24 Nov 2021 00:00:00 GMT",https://rebelion.org/discursos-de-odio-y-represion-policial/
340,Jueces de todo el país cuestionaron al gobierno por hostigar a la jueza que liberó a los detenidos del Congres - La Política Online,NO RELEVANTE,LapoliticaOnline,"Sun, 16 Mar 2025 13:56:00 GMT",https://www.lapoliticaonline.com/judiciales/las-cortes-de-todo-el-pais-cuestionan-al-gobierno-por-hostigar-a-la-jueza-que-libero-a-los-detenidos-en-la-marcha-de-los-jubilados/
341,Un conocido juego online habría utilizado el joven detenido por grooming - LM Cipolletti,NO RELEVANTE,LMCipolletti.com,"Thu, 14 Aug 2025 10:15:00 GMT",https://www.lmcipolletti.com/policiales/un-conocido-juego-online-habria-utilizado-el-joven-detenido-grooming-n1204170
342,"A 47 años de La noche del apagón, marchas en CABA y en Jujuy contra la represión de Morales - Tiempo Argentino",NO RELEVANTE,Tiempo Argentino,"Thu, 20 Jul 2023 12:18:00 GMT",https://www.tiempoar.com.ar/ta_article/a-47-anos-de-la-noche-del-apagon-marchas-en-caba-y-en-jujuy-contra-la-represion-de-morales/
343,Detuvieron a una banda de “narconazis” en San Isidro y CABA - Diario El Día de La Plata,NO RELEVANTE,El Dia On Line,"Tue, 11 Jul 2017 20:00:05 GMT",https://www.eldia.com/nota/2017-7-11-17-0-5-detuvieron-a-una-banda-de-narconazis-en-san-isidro-y-caba-policiales
344,El número de detenidos en comisarías se duplicó en los últimos diez años - Perfil,NO RELEVANTE,Perfil.com,"Thu, 27 Nov 2025 00:03:00 GMT",https://www.perfil.com/noticias/sociedad/el-numero-de-detenidos-en-comisarias-se-duplico-en-los-ultimos-diez-anos.phtml
345,Chofer profesional resultó detenido por manejar alcoholizado - Crónica,NO RELEVANTE,Crónica - Firme junto al pueblo,"Tue, 20 Jan 2026 10:30:00 GMT",https://www.cronica.com.ar/policiales/Chofer-profesional-resulto-detenido-por-manejar-alcoholizado-20260120-0039.html
346,Fotógrafo herido de gravedad por represión policial en Argentina - Los Ángeles Press,NO RELEVANTE,Los Ángeles Press,"Fri, 14 Mar 2025 02:23:00 GMT",https://losangelespress.org/la-red-en-lucha/2025/mar/14/fotografo-herido-de-gravedad-por-represion-policial-en-argentina-11367.html
347,Un fotógrafo fue herido durante la represión y está en grave estado - Página|12,NO RELEVANTE,Pagina 12,"Thu, 13 Mar 2025 00:37:20 GMT",https://www.pagina12.com.ar/810312-un-fotografo-resulto-herido-en-la-brutal-represion-y-se-encu/
348,Juego clandestino on line: se negaron a declarar los dos últimos detenidos - Diario La Capital de Mar del Plata,NO RELEVANTE,La Capital de Mar del Plata,"Wed, 12 Nov 2025 18:04:24 GMT",https://www.lacapitalmdp.com/juego-clandestino-on-line-se-negaron-a-declarar-los-dos-ultimos-detenidos/
349,Desvalijaban departamentos y fueron detenidos a cuatro cuadras del Obelisco en medio de un robo - Infobae,NO RELEVANTE,infobae,"Wed, 28 Jan 2026 12:46:00 GMT",https://www.infobae.com/sociedad/policiales/2026/01/28/desvalijaban-departamentos-y-fueron-detenidos-a-cuatro-cuadras-del-obelisco-en-medio-de-un-robo/
350,Quién es el quinto argentino detenido en Venezuela - Yahoo,NO RELEVANTE,Yahoo! News,"Tue, 20 Jan 2026 18:27:40 GMT",https://es-us.noticias.yahoo.com/quinto-argentino-detenido-venezuela-182740443.html
351,Abuso sexual infantil: desarticularon una red transnacional y hay tres detenidos - Diario Hoy En la noticia,NO RELEVANTE,Diario Hoy,"Fri, 19 Dec 2025 00:00:00 GMT",https://diariohoy.net/trama-urbana/abuso-sexual-infantil-desarticularon-una-red-transnacional-y-hay-tres-detenidos-277798
352,Juninenses detenidos por estafas millonarias en Capital Federal - Diario Junin,NO RELEVANTE,Diario Junin,,https://www.diariojunin.com/
353,"Circulaba en un cuatriciclo sin casco, lo detuvieron en un control y atropelló a dos agentes de Tránsito en Parque Chacabuco - Infobae",NO RELEVANTE,infobae,"Fri, 20 Feb 2026 10:33:00 GMT",https://www.infobae.com/sociedad/2026/02/20/circulaba-en-un-cuatriciclo-sin-casco-lo-detuvieron-en-un-control-y-atropello-a-dos-agentes-de-transito-en-parque-chacabuco/
354,Detuvieron en Buenos Aires a sospechoso por violento robo a una familia entrerriana - La Pirámide,NO RELEVANTE,La Pirámide,"Sat, 31 Jan 2026 12:09:13 GMT",https://www.lapiramide.net/noticias/2026/01/31/336099-detuvieron-en-buenos-aires-a-sospechoso-por-violento-robo-a-una-familia-entrerriana
355,Conductor borracho detenido en la Au La Plata Buenos Aires - AlertasTransito,NO RELEVANTE,Blogger,"Mon, 02 Jun 2025 14:55:00 GMT",https://www.alertastransito.com/2025/06/conductor-borracho-detenido-en-la-au-bs-as-la-plata.html
356,"ARCHIVO 2022: A 40 años de democracia, es urgente una agenda contra la represión - CORREPI",NO RELEVANTE,CORREPI,"Sat, 18 Mar 2023 01:30:34 GMT",https://www.correpi.org/2023/archivo-2022-a-40-anos-de-democracia-es-urgente-una-agenda-contra-la-represion/
357,"Tras el triunfo de Argentina, denuncian represión en el Obelisco | Infocielo - Infocielo",NO RELEVANTE,Infocielo | Toda la provincia en un solo lugar,"Wed, 14 Dec 2022 00:12:00 GMT",https://www.infocielo.com/politica-y-economia/tras-el-triunfo-argentina-denuncian-represion-el-obelisco-n752476
358,"""Vengan zurdos"", el grito de la Policía de la Ciudad en medio de la represión en Congreso - Nueva Ciudad",NO RELEVANTE,nueva-ciudad.com.ar,"Thu, 13 Mar 2025 00:00:00 GMT",https://www.nueva-ciudad.com.ar/notas/202503/55841-vengan-zurdos-el-grito-de-la-policia-de-la-ciudad-en-medio-de-la-represion-en-congreso.html
359,Multas por usar el celular al volante: también aplican con el auto detenido - Ambito,NO RELEVANTE,ámbito.com,"Tue, 03 Feb 2026 13:22:00 GMT",https://www.ambito.com/autos/multas-usar-el-celular-al-volante-tambien-aplican-el-auto-detenido-n6241894
360,Detuvieron en la terminal de micros de Retiro a un hombre acusado de abusar de su hermana - Agencia Noticias Argentinas,NO RELEVANTE,Noticias Argentinas,"Thu, 05 Feb 2026 12:03:00 GMT",https://noticiasargentinas.com/sociedad/detuvieron-en-la-terminal-de-micros-de-retiro-a-un-hombre-acusado-de-abusar-de-su-hermana_a6984ad24cbf033dd99903c97
361,Tres delincuentes armados detenidos tras robar una camioneta en Avellaneda - Cadena 3 Argentina,NO RELEVANTE,Cadena 3 Argentina,"Fri, 20 Feb 2026 15:44:00 GMT",https://www.cadena3.com/amp/noticia/sociedad/tres-delincuentes-armados-detenidos-tras-robar-una-camioneta-en-avellaneda_521625
362,Fue asesinado un manifestante en una brutal represión en el Obelisco - Prensa Obrera,NO RELEVANTE,Prensa Obrera,"Thu, 10 Aug 2023 18:30:34 GMT",https://prensaobrera.com/libertades-democraticas/brutal-represion-en-el-obelisco-un-manifestante-gravemente-herido-habria-sido-trasladado-sin-signos-vitales
363,Chocó y volcó una camioneta en Villa Urquiza: el conductor quedó demorado - Infobae,NO RELEVANTE,infobae,"Sun, 27 Oct 2024 13:55:00 GMT",https://www.infobae.com/sociedad/2024/10/28/choco-y-volco-una-camioneta-en-villa-urquiza-el-conductor-quedo-demorado/
364,Detuvieron a un hombre que hostigaba a Romina Manguel - Página|12,NO RELEVANTE,Pagina 12,,https://www.pagina12.com.ar/371190-detuvieron-a-un-hombre-que-hostigaba-a-romina-manguel/
365,Robó un auto en La Matanza y fue detenido cuando salía de una casa - el1digital.com.ar,NO RELEVANTE,El1,"Tue, 29 Oct 2024 12:36:49 GMT",https://www.el1digital.com.ar/policiales/robo-un-auto-en-la-matanza-y-fue-detenido-cuando-salia-de-una-casa/
366,Concentración en el Obelisco: Fotoperiodista muere durante represión policial en CABA - Noticias de Necochea,NO RELEVANTE,Noticias de Necochea,"Thu, 10 Aug 2023 00:00:00 GMT",https://nden.com.ar/nota/19248/concentracion-en-el-obelisco-fotoperiodista-muere-durante-represion-policial-en-caba/
367,Otra fuga de presos en CABA: se escaparon seis detenidos de una comisaría de Once - elDiarioAR.com,NO RELEVANTE,elDiarioAR.com,"Tue, 18 Feb 2025 11:03:33 GMT",https://news.google.com/rss/articles/CBMirAFBVV95cUxQNW80YWU1SnpIQ09zWFpTc1Itd0ltRkxldy03MGh5Unp2cERRdVk2WnIzdjRMZks4RTBoSzQ3RXVnZkZBUHVNa29Sekh6SE5IdUJjUGFaRm5mRWNuMVN3QVNtb19jRVJZalZYa0JpRmNYSF81YXNJWHNFai1VQjNBOWpLT3JWenVfQms0cHlzSXducFA2QkQ4cmNTVk1oV2tBTVlQOEp1dkFfYzlt0gGyAUFVX3lxTE5sazVfVjVXT2JFcjJVbm9NVjFqQ0dacmxoLU1idVJHZ2l5elg3bExUZnRyWnRBRXp0enp4bmdDZmFCeE1yTmh0UHVmM0hvdHFsWmlRZ3B4QVRyTkdyWG1sSFFnNmJPNGY5c2gxU1lWNWlHQVNqY3pQb1ZRbWR5R1pYMlpkZk1SMEFhWk9VZTUtRFh6anlhV0R0TnU2SG5zTVRGWjF4X2RJQUVReF9XT1FXMEE?oc=5&hl=en-US&gl=US&ceid=US:en
368,Marcha contra la reforma laboral: al menos seis heridos por la represión policial - Primera Fuente,NO RELEVANTE,primerafuente.com.ar,"Thu, 19 Feb 2026 00:00:00 GMT",https://www.primerafuente.com.ar/noticias/128238/marcha-contra-reforma-laboral-al-menos-seis-heridos-represion-policial
369,Un hombre empujó a un policía desde tres metros de altura para evitar ser detenido en Córdoba - Infobae,NO RELEVANTE,infobae,"Wed, 05 Nov 2025 19:46:00 GMT",https://www.infobae.com/sociedad/policiales/2025/11/06/un-hombre-empujo-a-un-policia-desde-tres-metros-de-altura-para-evitar-ser-detenido-en-cordoba/
370,Cayó una megabanda que robaba motos por encargo: 33 detenidos acusados de 140 hechos en la Ciudad - Clarin.com,NO RELEVANTE,Clarín,"Mon, 30 Jun 2025 19:30:24 GMT",https://www.clarin.com/policiales/cayo-megabanda-robaba-motos-encargo-33-detenidos-acusados-140-hechos-ciudad_0_4HrILmc3te.html
371,Provincia de Buenos Aires. Heridos y detenidos tras fuerte represión en Ituzaingo - La Izquierda Diario,NO RELEVANTE,La Izquierda Diario,"Fri, 01 Jul 2016 11:54:19 GMT",https://www.laizquierdadiario.com/Heridos-y-detenidos-tras-fuerte-represion-en-Ituzaingo
372,La Legislatura porteña aprobó la creación del Servicio Penitenciario de la Ciudad: qué pasará con los detenidos de CABA - MDZ Online,NO RELEVANTE,Mdz Online,"Fri, 28 Nov 2025 09:52:00 GMT",https://www.mdzol.com/politica/la-legislatura-portena-aprobo-la-creacion-del-servicio-penitenciario-la-ciudad-que-pasara-los-detenidos-caba-n1396348
373,Las perlitas de las elecciones en Buenos Aires: desde un fiscal detenido a la madre de Colapinto con el casco de su hijo - Diario de Cuyo,NO RELEVANTE,Diario de Cuyo,"Sun, 07 Sep 2025 19:57:00 GMT",https://www.diariodecuyo.com.ar/argentina/las-perlitas-de-las-elecciones-en-buenos-aires-desde-un-fiscal-detenido-a-la-madre-de-colapinto-con-el-casco-de-su-hijo-1768179.html
374,Lilia Lemoine habló de la represión en el Congreso y no descartó que pueda haber muertos en otras protestas - 0221,NO RELEVANTE,0221.com.ar,"Fri, 14 Mar 2025 14:51:00 GMT",https://www.0221.com.ar/nacional/lilia-lemoine-hablo-la-represion-el-congreso-y-no-descarto-que-pueda-haber-muertos-otras-protestas-n106602
375,Otra jornada de represión policial en los alrededores del Congreso y en momentos que se debate la Reforma Laboral - La Nueva Mañana,NO RELEVANTE,lmdiario.com.ar,,https://lmdiario.com.ar/amp/507619/otra-jornada-de-represion-policial-en-los-alrededores-del-congreso-y-en-momentos
376,"Estaba prófugo de la Justicia, fue a votar y terminó detenido - Crónica",NO RELEVANTE,Crónica - Firme junto al pueblo,"Sun, 26 Oct 2025 00:00:00 GMT",https://www.cronica.com.ar/policiales/Estaba-profugo-de-la-Justicia-fue-a-votar-y-termino-detenido-20251026-0066.html
377,Para descansar en verano: el pueblo que parece detenido en el tiempo a 150 km de Capital Federal - MDZ Online,NO RELEVANTE,Mdz Online,"Thu, 19 Feb 2026 16:15:00 GMT",https://www.mdzol.com/tendencias/para-descansar-verano-el-pueblo-que-parece-detenido-el-tiempo-150-km-capital-federal-n1455589
378,"Reforma laboral. AHORA | Con el país parado, tras la represión y cacería afuera, continúa la sesión en Diputados - La Izquierda Diario",NO RELEVANTE,La Izquierda Diario,"Thu, 19 Feb 2026 16:49:00 GMT",https://www.laizquierdadiario.com/Paro-nacional-y-protesta-contra-la-reforma-laboral-en-vivo-todo-sobre-la-jornada-de-este-jueves-19
379,Detuvieron a un cabecilla de una banda narco de Rosario en un shopping - Perfil,NO RELEVANTE,Perfil.com,"Tue, 15 Jul 2025 10:11:51 GMT",https://www.perfil.com/noticias/policia/belgrano-detuvieron-a-un-cabecilla-de-una-banda-narco-de-rosario-en-un-shopping.phtml
380,"CABA: en la marcha contra la reforma laboral detuvieron a cuatro menores, uno de ellos con pedido de captura - YaTeCuento",NO RELEVANTE,yatecuento.com.ar,"Thu, 19 Feb 2026 18:05:00 GMT",https://yatecuento.com.ar/noticia/CABA_en_la_marcha_contra_la_reforma_laboral_detuvieron_a_cuatro_menores_uno_de_ellos_con_pedido_de_captura
381,Quiénes son los 11 detenidos en la alcaidía de Barracas que se fugaron durante un corte de luz - Perfil,NO RELEVANTE,Perfil.com,"Wed, 27 Nov 2024 00:46:00 GMT",https://www.perfil.com/noticias/policia/fuga-en-barracas-quienes-son-los-11-detenidos-que-se-fugaron-durante-un-corte-de-luz.phtml
382,"Estaba detenido, quedó en libertad y cayó una hora después cuando intentó robar un auto - Infobae",NO RELEVANTE,infobae,"Tue, 09 Sep 2025 16:10:00 GMT",https://www.infobae.com/sociedad/policiales/2025/09/10/estaba-detenido-quedo-en-libertad-y-cayo-una-hora-despues-cuando-intento-robar-un-auto/
383,Desarticularon una banda acusada de robar motos: 25 detenidos en Lanús por la Policía de la Ciudad - Pura Ciudad,NO RELEVANTE,Pura Ciudad,"Mon, 09 Feb 2026 13:43:57 GMT",https://www.puraciudad.com.ar/desarticularon-una-banda-acusada-de-robar-motos-en-la-autopista-riccheri-26-detenidos-en-lanus-por-la-policia-de-la-ciudad/
384,"Hubo represión policial en la marcha por Brenda, Lara y Morena - Infonews",NO RELEVANTE,Infonews,"Sat, 27 Sep 2025 20:08:00 GMT",https://infonews.com/hubo-represion-policial-en-la-marcha-por-brenda-lara-y-morena.html
385,La represión del gobierno a la protesta social tiene quien la monitoree - andaragencia.org,NO RELEVANTE,Andar,"Fri, 24 Oct 2025 14:13:14 GMT",https://www.andaragencia.org/la-represion-del-gobierno-a-la-protesta-social-tiene-quien-la-monitoree/
386,"La situación de los detenidos en Ciudad, más allá del humo electoral - Canal Abierto",NO RELEVANTE,Canal Abierto,"Fri, 07 Mar 2025 17:54:05 GMT",https://canalabierto.com.ar/2025/03/07/la-situacion-de-los-detenidos-en-ciudad-mas-alla-del-humo-electoral/
387,Un hombre transportaba cocaína oculta en un camión desde Buenos Aires a Chile y fue detenido en la frontera - Infobae,NO RELEVANTE,infobae,"Fri, 04 Apr 2025 01:37:00 GMT",https://www.infobae.com/sociedad/policiales/2025/04/04/un-hombre-transportaba-cocaina-oculta-en-un-camion-desde-buenos-aires-a-chile-y-fue-detenido-en-la-frontera/
388,Manual del Pequeño Detenido de CORREPI – 2024 - CORREPI,NO RELEVANTE,CORREPI,"Sat, 31 Aug 2024 13:37:06 GMT",https://www.correpi.org/2024/manual-del-pequeno-detenido-de-correpi-2024/
389,"Quién era Facundo Molares, el fotoperiodista y exmiembro de las FARC que murió en una represión en el Obelisco - Diario Río Negro",NO RELEVANTE,Diario Río Negro,"Thu, 10 Aug 2023 19:25:00 GMT",https://www.rionegro.com.ar/politica/quien-era-facundo-molares-el-fotoperiodista-y-exmiembro-de-las-farc-que-murio-en-una-represion-en-el-obelisco-3075860/
390,Llevaba más de 20 kilos de marihuana y terminó detenido en Formosa - La Gaceta,NO RELEVANTE,La Gaceta,"Wed, 10 Sep 2025 00:04:19 GMT",https://www.lagaceta.com.ar/nota/1102006/seguridad/llevaba-mas-20-kilos-marihuana-termino-detenido-formosa.html
391,"Fue detenido Jorge Castillo, el ""Rey de la Salada"" por contrabando y lavado de dinero - LM Neuquén",NO RELEVANTE,LM Neuquen,"Thu, 22 May 2025 08:17:00 GMT",https://www.lmneuquen.com/pais/fue-detenido-jorge-castillo-el-rey-la-salada-contrabando-y-lavado-dinero-n1191845
392,"Desde Argentina, docentes en lucha repudian la represión a maestros de Oaxaca - Izquierda diario.es",NO RELEVANTE,Izquierda Diario,"Sun, 19 Jun 2016 18:23:37 GMT",https://www.izquierdadiario.es/Desde-Argentina-docentes-en-lucha-repudian-la-represion-a-maestros-de-Oaxaca
393,Detuvieron a la banda que asesinó al joven de 21 años en Tortuguitas: entre los acusados hay una mujer policía de CABA - Infobae,NO RELEVANTE,infobae,"Fri, 28 Feb 2025 10:30:00 GMT",https://www.infobae.com/sociedad/policiales/2025/02/28/detuvieron-a-la-banda-que-asesino-al-joven-de-21-anos-en-tortuguitas/
394,Tres detenidos por el robo en la casa del juez Pinos Guevara en Buenos Aires - Cadena 3 Argentina,NO RELEVANTE,Cadena 3 Argentina,"Wed, 18 Feb 2026 17:37:00 GMT",https://www.cadena3.com/noticia/sociedad/tres-detenidos-por-el-robo-en-la-casa-del-juez-pinos-guevara-en-buenos-aires_520910
395,La Policía porteña desbarató la banda de punguistas del “Gitano”: diez integrantes fueron detenidos - NewsDigitales,NO RELEVANTE,NewsDigitales,"Sat, 13 Dec 2025 00:00:00 GMT",https://www.newsdigitales.com/nota/320249/la-policia-portena-desbarato-la-banda-de-punguistas-del-gitano-diez-integrantes-fueron-detenidos/
396,Human Rights Watch denunció represión en la marcha de jubilados - Perfil,NO RELEVANTE,Perfil.com,"Thu, 03 Apr 2025 14:43:50 GMT",https://www.perfil.com/noticias/actualidad/human-rights-watch-denuncia-represion-en-la-marcha-de-jubilados-y-pide-revisar-protocolo-antipiquetes.phtml
397,La deriva autoritaria de la seguridad porteña Un ministro procesado y salpicado por la represión en el Borda - El Grito del Sur,NO RELEVANTE,El Grito del Sur,"Tue, 04 Mar 2025 00:08:33 GMT",https://news.google.com/rss/articles/CBMinwFBVV95cUxNWk1wY2ptVnpGajFvTHVtd2JyNnp2R2plTTZIUzI3U0dIaFBOVWxFQlVlb2c0T1FPY2hVQkF2Q3ByMUQ3dVluVXF1aEtsd0FmTHZwMFlGa2dxVTdVUW9xdW12eEx6QXZzQVAtZzF3ejlfRk1VZkdyZmRBUHA3QWVFcDVyLWhpNHVvVEstRWExN3A5NUlYNXF1Qkp0X0VVUEk?oc=5&hl=en-US&gl=US&ceid=US:en
398,Detenido por disturbios murió en una comisaría de Trelew - Diario Nuevo Día,NO RELEVANTE,Diario Nuevo Día,"Thu, 22 Jan 2026 15:08:05 GMT",https://news.google.com/rss/articles/CBMirgFBVV95cUxOd3E1bVF0UzNvRGFzLWFXVjB4Yk12MFd0MU1oV0ZWMkZqdVMxOWh6MW1hbTJiQk1oVS0wS1VhYXo2cHVEVDBfUGVheVNJYTg0d1FvclpLR2V1MkZfUk1qRklJSDFEM3JrYkxWMEdHNWk1RzZBUDctTjJSbTVkU2xjYUNobENodG9KdlNlQUktNjIyODZhZ3gxekJDdmM4UWtVeUowWWtPMVRrN2ZFSlE?oc=5&hl=en-US&gl=US&ceid=US:en
399,Desbarataron un kiosco de drogas: hay un detenido - Infovallefertil,NO RELEVANTE,infovallefertil.com,,https://infovallefertil.com/contenido/54902/desbarataron-un-kiosco-de-drogas-hay-un-detenido
400,Policía sucio: un sargento de la Bonaerense fue detenido por regentear un prostíbulo junto con su pareja - Infobae,NO RELEVANTE,infobae,"Tue, 26 Jul 2022 09:31:00 GMT",https://www.infobae.com/sociedad/policiales/2022/07/26/policia-sucio-un-sargento-de-la-bonaerense-fue-detenido-por-regentear-un-prostibulo-junto-con-su-pareja/
401,Para armar el mapa de la represión macrista en Buenos Aires - Izquierda diario.es,NO RELEVANTE,Izquierda Diario,"Fri, 27 Apr 2018 01:06:12 GMT",https://www.izquierdadiario.es/Para-armar-el-mapa-de-la-represion-macrista-en-Buenos-Aires
402,"Misterio en Chaco y Santa Fe: una avioneta que se cayó, un demorado y un herido que no aparece - Agencia Noticias Argentinas",NO RELEVANTE,Noticias Argentinas,"Wed, 04 Feb 2026 11:26:00 GMT",https://noticiasargentinas.com/sociedad/misterio-en-chaco-y-santa-fe--una-avioneta-que-se-cayo--un-demorado-y-un-herido-que-no-aparece_a69835518cbf033dd99764b66
403,Atención con esta estafa en compras online: simulan un envío demorado y roban los datos de la tarjeta - TN,NO RELEVANTE,Todo Noticias,"Sun, 26 Oct 2025 02:01:53 GMT",https://tn.com.ar/tecno/novedades/2025/10/25/atencion-con-esta-estafa-en-compras-online-simulan-un-envio-demorado-y-roban-los-datos-de-la-tarjeta/
404,Detuvieron a un policía bonaerense que vendía armas de guerra por Marketplace - Perfil,NO RELEVANTE,Perfil.com,"Wed, 30 Apr 2025 12:17:03 GMT",https://www.perfil.com/noticias/policia/detuvieron-a-un-policia-bonaerense-que-vendia-armas-de-guerra-por-marketplace.phtml
405,Detuvieron a 13 personas por pedofilia en un megaoperativo: hay dos docentes acusados - Infobae,NO RELEVANTE,infobae,"Tue, 05 Dec 2023 11:11:00 GMT",https://www.infobae.com/sociedad/policiales/2023/12/05/en-un-megaoperativo-de-107-allanamientos-detuvieron-a-siete-personas-por-abuso-sexual-infantil-y-grooming/
406,Detuvieron en Buenos Aires a los dos prófugos por el homicidio de Mario Giannobeli en Playa Unión - abcDiario,NO RELEVANTE,abcDiario,"Sat, 13 Dec 2025 18:32:00 GMT",https://www.abcdiario.com.ar/policiales/detuvieron-en-buenos-aires-a-los-dos-profugos-por-el-homicidio-de-mario-giannobeli-en-playa-union-9182/
407,Quisieron sobornar a policías en un control vehicular con una bolsa de joyas y terminaron detenidos - Perfil,NO RELEVANTE,Perfil.com,"Wed, 02 Jul 2025 14:09:15 GMT",https://www.perfil.com/noticias/policia/cinco-chilenos-y-un-argentino-quisieron-sobornar-a-policias-en-un-control-vehicular-con-una-bolsa-de-joyas-y-terminaron-detenidos.phtml
408,Chofer profesional resultó detenido por manejar alcoholizado - Crónica,NO RELEVANTE,Crónica - Firme junto al pueblo,"Tue, 20 Jan 2026 10:30:00 GMT",https://www.cronica.com.ar/policiales/Chofer-profesional-resulto-detenido-por-manejar-alcoholizado-20260120-0039.html
409,El sicario brasileño detenido en Buenos Aires y prófugo desde 2023 estuvo viviendo en Córdoba - puntal.com.ar,NO RELEVANTE,Puntal.com.ar,"Sun, 03 Aug 2025 11:31:00 GMT",https://www.puntal.com.ar/detenido/el-sicario-brasileno-detenido-buenos-aires-y-profugo-2023-estuvo-viviendo-cordoba-n240676
410,VIDEO | Secuestrador extorsivo chileno que huyó de su país fue detenido en CABA - Agencia NOVA,NO RELEVANTE,Agencia NOVA,"Wed, 14 Feb 1996 00:00:00 GMT",https://www.agencianova.com/nota.asp?n=2026_1_22&id=163202&id_tiponota=24
411,Ituzaingó: detenido en CABA por una entradera a un matrimonio de jubilados - laciudadweb.com.ar,NO RELEVANTE,Diario La Ciudad,"Tue, 28 Oct 2025 12:22:08 GMT",https://laciudadweb.com.ar/ituzaingo-detenido-en-caba-por-una-entradera-a-un-matrimonio-de-jubilados/
412,El Gobierno confirmó la liberación de un argentino detenido en Venezuela - Noticias de Mendoza - Memo,NO RELEVANTE,Noticias de Mendoza - Memo,"Mon, 02 Feb 2026 20:46:04 GMT",https://www.memo.com.ar/poder/liberacion-argentino-venezuela-rivara/
413,"Está cerca de Buenos Aires, se muestra detenido en el tiempo y es un pueblito colonial hermoso - C5N",NO RELEVANTE,C5N,"Wed, 23 Jul 2025 11:00:00 GMT",https://www.c5n.com/lifestyle/esta-cerca-buenos-aires-se-muestra-detenido-el-tiempo-y-es-un-pueblito-colonial-hermoso-n208519
414,Detuvieron a un prófugo por homicidio y a otro por abuso cuando fueron a ver a Barracas Central - Perfil,NO RELEVANTE,Perfil.com,"Mon, 11 Aug 2025 18:26:22 GMT",https://www.perfil.com/noticias/policia/no-pueden-cambiar-de-pasion-detuvieron-a-un-profugo-por-homicidio-y-otro-por-abuso-cuando-fueron-a-ver-a-barracas-central.phtml
415,Decenas de muertos tras sangrienta represión a protestas contra la brutalidad policial en Nigeria - Izquierda diario.es,NO RELEVANTE,Izquierda Diario,"Wed, 21 Oct 2020 13:04:16 GMT",https://www.izquierdadiario.es/Decenas-de-muertos-tras-sangrienta-represion-a-protestas-contra-la-brutalidad-policial-en-Nigeria
416,"Megaoperativo antinarco en el barrio Zavaleta: más de 30 detenidos, 34 domicilios allanados y varios kilos de droga incautados - Infobae",NO RELEVANTE,infobae,"Fri, 08 Nov 2024 06:56:00 GMT",https://www.infobae.com/sociedad/policiales/2024/11/08/megaoperativo-antinarco-en-el-barrio-zavaleta-mas-de-30-detenidos-34-domicilios-allanados-y-varios-kilos-de-droga-incautados/
417,"San Telmo Una joven murió al caer de un segundo piso, las circunstancias son investigadas y el novio fue detenido - La Voz del Interior",NO RELEVANTE,La Voz del Interior,"Fri, 07 Nov 2025 15:46:13 GMT",https://www.lavoz.com.ar/sucesos/una-joven-murio-al-caer-de-un-segundo-piso-las-circunstancias-son-investigadas-y-el-novio-fue-detenido/
418,Detuvieron en Las Flores a un menor que trató de robarle el arma a una policía de Buenos Aires - Rosario3,NO RELEVANTE,Rosario3.com,"Sat, 27 Dec 2025 18:47:00 GMT",https://www.rosario3.com/policiales/detuvieron-en-las-flores-a-un-menor-que-trato-de-robarle-el-arma-a-una-policia-de-buenos-aires-20251227-0022.html
419,"Policiales | Detuvieron al ""arrepentido"" Leonardo Fariña tras allanamiento a una cueva en CABA - cazador de noticias",NO RELEVANTE,CAZADOR DE NOTICIAS,"Wed, 15 Nov 2023 17:11:00 GMT",https://www.cazadordenoticias.com.ar/nota/00106184/detuvieron-al-arrepentido-leonardo-farina-tras-allanamiento-a-una-cueva-en-caba/
420,"Antonio Caba, detenido por dos asesinatos en Ciudad Real: Amante de las armas y de la División Azul - OkDiario",NO RELEVANTE,okdiario.com,"Wed, 15 Mar 2023 13:26:00 GMT",https://okdiario.com/sucesos/antonio-caba-detenido-dos-asesinatos-ciudad-real-amante-armas-division-azul-10598122
421,VIDEO | Secuestrador extorsivo chileno que huyó de su país fue detenido en CABA - Agencia NOVA,NO RELEVANTE,,,
422,Emprendedor entrerriano está detenido en CABA por estafar a casi 200 clientes y ocultar el dinero en cuentas cripto - Elentrerios.com,NO RELEVANTE,elentrerios.com,"Tue, 01 Apr 2025 10:18:00 GMT",https://www.elentrerios.com/actualidad/emprendedor-entrerriano-est-detenido-en-caba-por-estafar-a-casi-200-clientes-y-ocultar-el-dinero-en-cuentas-cripto.htm
423,Femicidio en Piedra del Águila: quién es el detenido y cómo encontraron la camioneta en Buenos Aires - LM Neuquén,NO RELEVANTE,LM Neuquen,"Tue, 18 Mar 2025 10:54:00 GMT",https://www.lmneuquen.com/policiales/femicidio-piedra-del-aguila-quien-es-el-detenido-y-como-encontraron-la-camioneta-buenos-aires-n1180555
424,Tres detenidos por el robo de monedas antiguos y relojes de lujo a un coleccionista de Saavedra - Infobae,NO RELEVANTE,infobae,"Thu, 06 Nov 2025 14:08:00 GMT",https://news.google.com/rss/articles/CBMi5gFBVV95cUxQWm82akd4NUtIWGNjLXh2VzdLVXBGS2JkLXE1NlBYS2tsYXBUNTdEUFFTUFUwV01KUk1mVHlPZ3RzSEJmNm01cU96UExLaEJ3Tm1XRTNCT0NZZ3lTVzNnaUlxWVRCb3dVVlB5UjhIRmdCdGpMclRYdVR3bGJfUzRsblpIMUJFN0hXSjZGdGdxT0lwbGNMaVY4VTFxdFJ3S01KdF9BLWx0Z1pERHJlZGtqQjlfQ2M5d1NNMVNUWTFxaERQcjM5Slc0R1FIMFB5YU1wdEZsR0duQ0hMV09TR3NtRDVmTUlYZ9IBgAJBVV95cUxQUThtekNsLWtoNnoySkdBMXBkbldnOUFMQnZRMXRiYWZUSVlLeHpKN2dMdGRVN1U4Tm1MWEV0ZDhlLUhtTmxtT3JHTW9XRXd5MU9JVVkzcFloUWJPN2ZMSUZGc0xTWm9TYnJtYTROVFpYTS04Ry1mcEhLMW5OamR3UldCQXY2VHd6N2hLajVNckwtSkRZd2tpTzRiLU9KcUMxdmN5cWI3V3hweEFXdWFSMjg2Um00aDRHMmMzRnZtdzBkb08zcTQ2ZWpxcEd1MlpheTl3U2xidVZqZS1MbmxwU21yLWtmV2FBYmV3RW5PT2RMTEo2bnJTYzhQaFFPWnM3?oc=5&hl=en-US&gl=US&ceid=US:en
425,Sujeto tenía pedido de captura en Entre Ríos y fue detenido en Buenos Aires - La Prensa Federal,NO RELEVANTE,laprensafederal.com.ar,"Sat, 14 Feb 2026 00:00:00 GMT",https://www.laprensafederal.com.ar/sujeto-tenia-pedido-de-captura-en-entre-rios-y-fue-detenido-en-buenos-aires/
426,"Con megaoperativo, la Policía de la Ciudad puso fin a banda de motochorros con 25 detenidos en Provincia de Bu - Zona Norte Hoy",NO RELEVANTE,Zona Norte Hoy,"Mon, 09 Feb 2026 19:55:22 GMT",https://news.google.com/rss/articles/CBMiU0FVX3lxTE82U3pYdVBaOU04anV2WGR5U2E4cXB0OGtxbkctcDNLVG9wZEJYaDV4Mm8zemxqUFdkVkZ3SGsza0ZGRWhMVUFEYXNyM2lFZ2xTR1JR0gFTQVVfeXFMTzZTelh1UFo5TThqdXZYZHlTYThxcHQ4a3FuRy1wM0tUb3BkQlhoNXgybzN6bGpQV2RWRndIazNrRkZFaExVQURhc3IzaUVnbFNHUlE?oc=5&hl=en-US&gl=US&ceid=US:en
427,Detuvieron a un hombre en Bajo Flores por producir y distribuir material de abuso sexual infantil en la Ciudad - Pura Ciudad,NO RELEVANTE,Pura Ciudad,"Mon, 26 Jan 2026 13:14:08 GMT",https://news.google.com/rss/articles/CBMi2AFBVV95cUxPVml5TWJOVHkzZXlqRW9adkE5M2QyU2J2Q3psWEdNZ2pBXzN0YjZZVEU3VXFkVXJQT0cwTVNFekdNLVFkNjc2eVJxSjNKcHlsbmJoRkhXNkJqRmZlUnVOd3lFclUwcDBHMW9iVU12cjdJWlpzVEFrdmJ4SW12RUw1TnNFSThKMVcxTjZWeFgyT09sVGQyV1pvaTRZNE9DRkhFNkNpZDRUbU9OWDcxVE1UN0VPdUZja1RTSUVMRkRkMWk2cGdwU2dXalFPTFJtb2p3dDdkV19YMkc?oc=5&hl=en-US&gl=US&ceid=US:en
428,Detuvieron a Grabois por ocupar un organismo - Perfil,NO RELEVANTE,Perfil.com,"Sun, 08 Jun 2025 05:07:16 GMT",https://www.perfil.com/noticias/politica/detuvieron-a-grabois-por-ocupar-un-organismo.phtml
429,Asesinato del empresario Giménez en Guaymallén: detuvieron en la Villa 21-24 de CABA a otro prófugo - Los Andes,NO RELEVANTE,Los Andes,"Thu, 05 Jan 2023 09:52:00 GMT",https://www.losandes.com.ar/policiales/asesinato-del-empresario-gimenez-en-guaymallen-detuvieron-en-buenos-aires-a-otro-profugo
430,Detuvieron en Buenos Aires al supuesto asesino del yerbatero misionero Héctor Sartori - MisionesOnline,NO RELEVANTE,Misiones On Line,"Tue, 26 Sep 2017 12:20:39 GMT",https://misionesonline.net/2017/09/26/detuvieron-buenos-aires-al-supuesto-asesino-del-yerbatero-misionero-hector-sartori/
431,Detuvieron en Buenos Aires a uno de los acusados del homicidio de Ricardo Medina - Diario Panorama,NO RELEVANTE,Diario Panorama,"Sat, 07 Feb 2026 10:33:55 GMT",https://www.diariopanorama.com/noticia/542608/detuvieron-buenos-aires-uno-acusados-homicidio-ricardo-medina
432,Detuvieron a una policía por disparar contra su pareja durante una discusión - LT7Noticias,NO RELEVANTE,lt7noticias.com,,https://www.lt7noticias.com/76442-detuvieron-a-una-policia-por-disparar-contra-su-pareja-durante-una-discusion
433,Detuvieron al principal prófugo por el robo comando a una estación de servicio de Chajarí - Uno Entre Rios,NO RELEVANTE,Unoentrerios,"Fri, 14 Nov 2025 10:39:00 GMT",https://www.unoentrerios.com.ar/policiales/detuvieron-al-principal-profugo-el-robo-comando-una-estacion-servicio-chajari-n10229729.html
434,Hay 14 detenidos por trata de personas tras dos operativos en Bariloche y Aeroparque - Infobae,NO RELEVANTE,infobae,"Sun, 30 Mar 2025 11:32:00 GMT",https://www.infobae.com/sociedad/policiales/2025/03/30/hay-14-detenidos-por-trata-de-personas-tras-dos-operativos-en-bariloche-y-aeroparque/
435,"Bad Bunny, drogas y detenidos: el saldo de los operativos de Carnaval en la Ciudad - NewsDigitales",NO RELEVANTE,NewsDigitales,"Mon, 16 Feb 2026 00:00:00 GMT",https://www.newsdigitales.com/nota/325436/bad-bunny-drogas-y-detenidos-el-saldo-de-los-operativos-de-carnaval-en-la-ciudad/
436,Al menos 20 detenidos frente al Congreso luego del enfrentamiento entre manifestantes y la Policía - C5N,NO RELEVANTE,C5N,"Wed, 11 Feb 2026 18:41:00 GMT",https://www.c5n.com/politica/detenidos-marcha-contra-reforma-laboral-11-de-febrero-de-2026
437,Pedofilia: cinco detenidos en un megaoperativo internacional - Radio Continental,NO RELEVANTE,Radio continental,"Tue, 26 Aug 2025 16:33:00 GMT",https://www.continental.com.ar/2025-08-26/pedofilia-cinco-detenidos-en-un-megaoperativo-internacional-146783/
438,Cinco detenidos cuando fueron a votar en la Provincia - www.diariopopular.com.ar,NO RELEVANTE,Popular,"Sun, 26 Oct 2025 17:10:00 GMT",https://www.diariopopular.com.ar/politica/cinco-detenidos-cuando-fueron-votar-la-provincia-n868569
439,Habrían detenido nuevamente al padre de Mariano Martínez - Exitoina,NO RELEVANTE,Perfil.com,"Thu, 24 Dec 2009 11:49:00 GMT",https://exitoina.perfil.com/noticias/escandalo/2009-12-24-382-habrian-detenido-nuevamente-al-padre-de-mariano-martinez.phtml
440,Pato Fontanet quedó detenido y ordenan el arresto de otros 7 condenados - MinutoUno,NO RELEVANTE,Minutouno.com,"Wed, 06 Apr 2016 13:51:00 GMT",https://www.minutouno.com/sociedad/cromanon/pato-fontanet-quedo-detenido-y-ordenan-el-arresto-otros-7-condenados-n1479555
441,El STIA Buenos Aires repudió la represión en Jujuy - infoalimentacion.com.ar,NO RELEVANTE,InfoAlimentación,"Mon, 06 Jul 2026 00:00:00 GMT",https://infoalimentacion.com.ar/2023/06/18/el-stia-buenos-aires-repudio-la-represion-en-jujuy/
442,Crimen de la psiquiatra en La Plata: el misterio del empresario demorado y las fotos de la casa donde la mataron - Infobae,NO RELEVANTE,infobae,"Mon, 17 Nov 2025 12:01:00 GMT",https://www.infobae.com/sociedad/policiales/2025/11/17/homicidio-de-la-psiquiatra-en-la-plata-el-misterio-del-hombre-demorado-y-las-fotos-de-la-casa-donde-la-mataron/
443,Detuvieron en Buenos Aires a un integrante de las Brigadas Rojas de Italia - Clarin.com,NO RELEVANTE,Clarín,"Thu, 29 Aug 2024 19:44:00 GMT",https://www.clarin.com/politica/detuvieron-buenos-aires-integrante-brigadas-rojas-italia_0_LQ2XHwUONN.html
444,"Tras una persecución, detuvieron en CABA a un empresario de Brown que manejaba una camioneta robada - El Diario Sur",NO RELEVANTE,ElDiarioSur,"Wed, 08 Jan 2025 18:02:00 GMT",https://www.eldiariosur.com/provinciales/2025/1/8/tras-una-persecucion-detuvieron-en-caba-un-empresario-de-brown-que-manejaba-una-camioneta-robada-70189.html
445,Una persecución desde San Martín terminó con un choque en CABA: dos detenidos y policías heridos - Que Pasa Web,NO RELEVANTE,Que Pasa Web,"Tue, 01 Jul 2025 11:04:17 GMT",https://www.quepasaweb.com.ar/una-persecucion-desde-san-martin-termino-con-un-choque-en-caba-dos-detenidos-y-policias-heridos/
446,Feroz represión policial en la marcha de hinchas y jubilados: varios detenidos y dos heridos de gravedad - MinutoUno,NO RELEVANTE,Minutouno.com,"Thu, 13 Mar 2025 00:57:00 GMT",https://www.minutouno.com/sociedad/feroz-represion-policial-la-marcha-hinchas-y-jubilados-varios-detenidos-y-dos-heridos-gravedad-n6122631
447,Un prófugo por robo fue detenido cuando quiso ingresar a ver Deportivo Riestra-Gimnasia - Doble Amarilla,NO RELEVANTE,Doble Amarilla,"Sat, 20 Sep 2025 22:36:54 GMT",https://www.dobleamarilla.com.ar/mas-alla-del-futbol/un-profugo-por-robo-fue-detenido-cuando-quiso-ingresar-a-ver-deportivo-riestra-gimnasia_a68cf259978062582cd1f5974
448,Cristina asistió a un dirigente herido en el marco de la represión policial contra los jubilados - BAE Negocios,NO RELEVANTE,BAE Negocios,"Wed, 14 May 2025 19:37:00 GMT",https://www.baenegocios.com/politica/Cristina-asistio-a-un-dirigente-herido-en-el-marco-de-la-represion-policial-contra-los-jubilados-20250514-0056.html
449,"Vallas, megaoperativo policial y represión en la marcha de los jubilados: Mirá el video | Infocielo - Infocielo",NO RELEVANTE,Infocielo | Toda la provincia en un solo lugar,"Wed, 22 Oct 2025 16:04:00 GMT",https://www.infocielo.com/politica-y-economia/vallas-megaoperativo-policial-y-represion-en-la-marcha-de-los-jubilados-mira-el-video
450,Quiénes son los 11 detenidos que se fugaron de una alcaidía de la Policía de la Ciudad durante un corte de luz - Infobae,NO RELEVANTE,infobae,"Tue, 26 Nov 2024 07:47:00 GMT",https://www.infobae.com/sociedad/policiales/2024/11/26/quienes-son-los-11-detenidos-que-se-fugaron-de-una-alcaidia-de-la-policia-de-la-ciudad-durante-un-corte-de-luz/
451,La historia del estafador denunciado en Villa Mercedes que fue detenido por una causa investigada en Buenos Aires - El Chorrillero,NO RELEVANTE,elchorrillero.com,,https://elchorrillero.com/nota/2024/05/22/463130-la-historia-del-estafador-denunciado-en-villa-mercedes-que-fue-detenido-por-una-causa-investigada-en-buenos-aires/amp/
452,"Persecución, vuelco y tiroteo: un delincuente murió y otros tres resultaron detenidos - Crónica",NO RELEVANTE,Crónica - Firme junto al pueblo,"Mon, 17 Nov 2025 00:00:00 GMT",https://www.cronica.com.ar/policiales/Persecucion-vuelco-y-tiroteo-un-delincuente-murio-y-tres-resultaron-detenidos-20251117-0057.html
453,Detuvieron a un hombre que intentó secuestrar a una niña de 9 años que esperaba el colectivo en Constitución - Infobae,NO RELEVANTE,infobae,"Tue, 19 Nov 2024 07:30:00 GMT",https://www.infobae.com/sociedad/policiales/2024/11/19/detuvieron-a-un-hombre-que-intento-secuestrar-a-una-nina-de-9-anos-que-esperaba-el-colectivo-en-constitucion/
454,"Detuvieron al hombre que se hacía pasar por ""asesor privado"" de María Eugenia Vidal - Infobae",NO RELEVANTE,infobae,"Mon, 21 Aug 2017 17:09:00 GMT",https://www.infobae.com/politica/2017/08/20/detuvieron-al-hombre-que-se-hacia-pasar-por-asesor-privado-de-maria-eugenia-vidal/
455,Detuvieron a dos “hombres araña” que asaltaron un departamento en Avenida del Libertador - Infobae,NO RELEVANTE,infobae,"Tue, 06 May 2025 08:08:00 GMT",https://www.infobae.com/sociedad/policiales/2025/05/06/detuvieron-a-dos-hombres-arana-que-asaltaron-un-departamento-en-avenida-del-libertador/
456,"NARCOMENUDEO: ALLANAMIENTOS SIMULTÁNEOS, DETENIDOS Y SECUESTRO DE GRANDES CANTIDADES DE ESTUPEFACIENTES - Ministerio Público Fiscal de la Ciudad",NO RELEVANTE,mpfciudad.gob.ar,,https://mpfciudad.gob.ar/noticias/2021-10-01-15-36-31-narcomenudeo-allanamientos-simultaneos-detenidos-y-secuestro-de-grandes-cantidades-de-estupefacientes
457,NARCOMENUDEO: 4 ALLANAMIENTOS Y 13 DETENIDOS EN 2 DÍAS - Ministerio Público Fiscal de la Ciudad,NO RELEVANTE,,,
458,NARCOMENUDEO: DETUVIERON A DOS PERSONAS QUE VENDÍAN DROGAS TRAS UN ALLANAMIENTO EN PALERMO - Ministerio Público Fiscal de la Ciudad,NO RELEVANTE,,,
459,Motín en CABA: detenidos provocaron destrozos en una comisaría tras un reclamo de traslado - La Prensa Digital,NO RELEVANTE,laprensa.com.ar,"Fri, 25 Mar 2022 00:00:00 GMT",https://www.laprensa.com.ar/Motin-en-CABA-detenidos-provocaron-destrozos-en-una-comisaria-tras-un-reclamo-de-traslado-513832.note.aspx
460,Detenidos por intentar coimear a policías durante un control en Buenos Aires - Cadena 3 Argentina,NO RELEVANTE,Cadena 3 Argentina,"Fri, 12 Dec 2025 13:35:00 GMT",https://www.cadena3.com/noticia/sociedad/detenidos-por-intentar-coimear-a-policias-durante-un-control-en-buenos-aires_497242
461,Una protesta de jubilados argentinos desata la mayor represión del Gobierno de Milei - naiz:,NO RELEVANTE,Naiz,"Thu, 13 Mar 2025 08:48:00 GMT",https://news.google.com/rss/articles/CBMiygFBVV95cUxQLXRVOVF2UkRtMXZyeUc1b3l3a0R0blpYZlZoUlVfTXhKODJZMmJIX2ladjE0SzdjbG14OFRURTRrMUNSb0JHdmhuZEJlU0hiV2lhV1RYSUpVdlZkMkE1NkpGcVo1Z0hfUTNxNkFqQ0ZjZ2JpWTgwMElkZTF0cnNvMkRrN2tPbk4wbUNhdks4UVlZTE1Hb2dncTd6LWN0NTU4UjdWSUs2SkxEVW5Za3ppV2hWTi1Ja3RJLXIzVkwxTDdLaW9WbUhwRFJ30gHPAUFVX3lxTE1vRUdlQUJsRWFkaXJjQmUxMEdwUXVLQnd1N3MxTWlaRXdTUVlNUnotak5weUFmRE1kS3ZXNnVuUFBuMGEzeVQwbXJ5VGZtTHJkZHQwZEZ1UlNHOHN4bHpOTXotOGNMeVNIbEc4TjBKLVhiSG45QmwycElnWTFUMHpQYzlkNktWTUFlSG42UnZLd3gwMy1JV2FEMU9TQWlrbWZ6ZWdCSEhOVU40M1JEN3hEX0M0OXd4cjAtYUI2OEhMUGlrY2N6ZjlNSGRMSlNsbw?oc=5&hl=en-US&gl=US&ceid=US:en
462,Cacerolazos en Buenos Aires en repudio a la represión de la marcha de jubilados - Nuevo Diario de Salta,NO RELEVANTE,Nuevo Diario de Salta | El diario chiquito | Salta y Argentina,"Thu, 13 Mar 2025 21:00:00 GMT",https://nuevodiariodesalta.com.ar/cacerolazos-en-buenos-aires-en-repudio-a-la-represion-de-la-marcha-de-jubilados/
463,Tercer acusado de lanzar molotov en protesta por reforma laboral es detenido en Argentina - Infobae,NO RELEVANTE,infobae,"Mon, 16 Feb 2026 16:01:00 GMT",https://www.infobae.com/america/agencias/2026/02/15/tercer-acusado-de-lanzar-molotov-en-protesta-por-reforma-laboral-es-detenido-en-argentina/
464,Los detenidos en el penal de Devoto serán trasladados a la nueva cárcel de Marcos Paz - Tiempo Argentino,NO RELEVANTE,Tiempo Argentino,"Thu, 15 Jan 2026 21:48:22 GMT",https://www.tiempoar.com.ar/ta_article/los-detenidos-en-el-penal-de-devoto-seran-trasladados-a-la-nueva-carcel-de-marcos-paz/
465,"""Cuentos del tío"", delitos sexuales y robos: 17 personas fueron detenidas o demoradas cuando se acercaron a votar - Clarin.com",NO RELEVANTE,Clarín,"Sun, 26 Oct 2025 19:40:00 GMT",https://www.clarin.com/policiales/detenidos-votar-cuentos-tio-trafico-material-abuso-menores_0_429567dz50.html
466,Detuvieron en Bolivia a un quinto sospechoso por el triple femicidio narco en Florencio Varela - Infobae,NO RELEVANTE,infobae,"Sat, 27 Sep 2025 09:01:00 GMT",https://www.infobae.com/sociedad/policiales/2025/09/27/detuvieron-en-bolivia-a-un-quinto-sospechoso-por-el-triple-femicidio-narco-en-florencio-varela/
467,Buenos Aires. Detuvieron al hombre que halló muerta a su esposa en Monte Castro: investigan si fue un crimen - La Voz del Interior,NO RELEVANTE,La Voz del Interior,"Sun, 02 Nov 2025 21:26:28 GMT",https://www.lavoz.com.ar/ciudadanos/detuvieron-al-hombre-que-hallo-muerta-a-su-esposa-en-monte-castro-investigan-si-fue-un-crimen/
468,Estuvo prófugo 10 años por abusar de una menor y lo detuvieron mientras trabajaba en un hospital pediátrico - Infobae,NO RELEVANTE,infobae,"Wed, 09 Apr 2025 09:31:00 GMT",https://www.infobae.com/sociedad/policiales/2025/04/09/estuvo-profugo-10-anos-por-abusar-de-una-menor-y-lo-detuvieron-mientras-trabajaba-en-un-hospital-pediatrico/
469,"Un policía porteño fue detenido por abusar de un nene, grabar el ataque y difundir el video - Comodoro 24",NO RELEVANTE,Comodoro 24,"Wed, 09 Apr 2025 16:45:38 GMT",https://comodoro24.com.ar/un-policia-porteno-fue-detenido-por-abusar-de-un-nene-grabar-el-ataque-y-difundir-el-video/
470,Asesinaron a una psiquiatra en La Plata: creen que le habrían robado y un hombre fue demorado - Perfil,NO RELEVANTE,Perfil.com,"Mon, 17 Nov 2025 16:00:00 GMT",https://www.perfil.com/noticias/policia/asesinaron-a-una-reconocida-psiquiatra-en-su-casa-de-la-plata-creen-que-le-habrian-robado-y-un-hombre-fue-demorado.phtml
471,Detuvieron a dos rugbiers franceses en CABA por abuso sexual en Mendoza - Mendoza Post,NO RELEVANTE,Mendoza Post,"Mon, 08 Jul 2024 22:23:07 GMT",https://www.mendozapost.com/policiales/dos-rugbiers-seleccion-francia-denunciados-abuso-sexual-en-mendoza/
472,Detuvieron a tres personas por los incendios en El Bolsón: hubo enfrentamientos - Infobae,NO RELEVANTE,infobae,"Thu, 06 Feb 2025 20:27:00 GMT",https://www.infobae.com/sociedad/policiales/2025/02/06/detuvieron-a-tres-personas-por-los-incendios-en-el-bolson-hubo-enfrentamientos/
473,CABA: detuvieron a otro implicado por los disturbios en el Congreso - YaTeCuento,NO RELEVANTE,yatecuento.com.ar,"Sat, 14 Feb 2026 11:02:00 GMT",https://yatecuento.com.ar/noticia/CABA_detuvieron_a_otro_implicado_por_los_disturbios_en_el_Congreso
474,Detuvieron a una mujer y a una trans en Constitución por venta de drogas - NewsDigitales,NO RELEVANTE,NewsDigitales,"Mon, 08 Sep 2025 00:00:00 GMT",https://www.newsdigitales.com/nota/311512/detuvieron-a-una-mujer-y-a-una-trans-en-constitucion-por-venta-de-drogas/
475,Represión en el Borda: procesan a un funcionario de Larreta - Página|12,NO RELEVANTE,Pagina 12,"Fri, 16 Aug 2019 03:00:00 GMT",https://www.pagina12.com.ar/212580-represion-en-el-borda-procesan-a-un-funcionario-de-larreta/
476,Represión e impunidad. Once: provocación policial a familias de víctimas de gatillo fácil que hacían un mural - La Izquierda Diario,NO RELEVANTE,La Izquierda Diario,"Tue, 21 Aug 2018 03:53:49 GMT",https://www.laizquierdadiario.com/Once-provocacion-policial-a-familias-de-victimas-de-gatillo-facil-que-hacian-un-mural
477,Bullrich quiere cambiar represión por Senado - Página|12,NO RELEVANTE,Pagina 12,"Sat, 16 Aug 2025 03:01:00 GMT",https://www.pagina12.com.ar/850017-bullrich-quiere-cambiar-represion-por-senado/
478,El desconocido pueblo de Buenos Aires que parece detenido en el tiempo y tenés que descubrir sí o sí - Ambito,NO RELEVANTE,ámbito.com,"Thu, 11 Dec 2025 13:30:00 GMT",https://www.ambito.com/lifestyle/el-desconocido-pueblo-buenos-aires-que-parece-detenido-el-tiempo-y-tenes-que-descubrir-si-o-si-n6222474
479,Detuvieron al jefe de la barra de Rosario Central: lo acusan de integrar una banda sospechada de dos crímenes - TN,NO RELEVANTE,Todo Noticias,"Wed, 13 Aug 2025 17:54:11 GMT",https://tn.com.ar/deportes/futbol/2025/08/13/detuvieron-al-jefe-de-la-barra-de-rosario-central-lo-acusan-de-integrar-una-banda-sospechada-de-dos-crimenes/
480,"Le robó a una joven en Palermo, escapó pero lo detuvieron: tenía 18 antecedentes - Infobae",NO RELEVANTE,infobae,"Wed, 08 Oct 2025 18:00:00 GMT",https://www.infobae.com/sociedad/policiales/2025/10/08/le-robo-a-una-joven-en-palermo-escapo-pero-lo-detuvieron-tenia-18-antecedentes/
481,Liberan a la mayoría de los detenidos tras la protesta al Congreso - diarioelatlantico.com.ar,NO RELEVANTE,diarioelatlantico.com.ar,"Sat, 14 Feb 2026 00:00:00 GMT",https://diarioelatlantico.com.ar/2026/02/14/liberan-a-la-mayoria-de-los-detenidos-tras-la-protesta-al-congreso/
482,Detuvieron al último acusado por el robo a Fillol: estaba prófugo desde 2024 - El Litoral,NO RELEVANTE,El Litoral,"Mon, 26 Jan 2026 16:37:41 GMT",https://www.ellitoral.com/sucesos/fillol-detencion-medalla-justicia-villa-parque-robo-medalla_0_6xwvNCyTBL.html
483,Violenta represión en Argentina: jubilados protestaron por sus pensiones y la policía dejó más de 120 detenidos - El Debate - Uruguay,NO RELEVANTE,DEBATE - Uruguay,"Thu, 13 Mar 2025 12:35:08 GMT",https://www.debate.com.uy/mundo/Violenta-represion-en-Argentina-jubilados-protestaron-por-sus-pensiones-y-la-policia-dejo-mas-de-120-detenidos-20250313-0016.html
484,Argentina. Buenos Aires: Piquete masivo y momentos de represión cobarde que no hizo retroceder a los miles de manifestantes que se concentraron en el Puente Pueyrredón (fotoreportaje de Resumen Latinoamericano) - Resumen Latinoamericano -,NO RELEVANTE,Resumen Latinoamericano,"Mon, 18 Mar 2024 20:50:26 GMT",https://www.resumenlatinoamericano.org/2024/03/18/argentina-buenos-aires-piquete-masivo-y-momentos-de-represion-cobarde-que-no-hizo-retroceder-a-los-miles-de-manifestantes-que-se-concentraron-en-el-puente-pueyrredon-fotoreportaje-de-resumen-latin/
485,CABA: máxima tensión por represión policial a manifestantes - Grupo La Provincia,NO RELEVANTE,grupolaprovincia.com,,https://grupolaprovincia.com/contenido/566824/maxima-tension-por-la-represion-policial-a-los-manifestantes-en-los-ingresos-a-c
486,Represión de la Policía de la Ciudad e incidentes en la marcha de jubilados en Congreso: 30 heridos y siete detenidos - Pura Ciudad,NO RELEVANTE,Pura Ciudad,"Thu, 31 Jul 2025 00:16:25 GMT",https://news.google.com/rss/articles/CBMi4AFBVV95cUxNRmRlRlZKVlVVX3FKNm96M0xidy13bWlCOG1Fd1lJVFZNTnlkWXAzRmZtdk0xSnBIUzBjQjJMOEw5a3hUVmw3dTh0MlM2bFAzZUx2NU5GTHAtVzhwSnJodWZuSUYzdWJWLVdvb3FCSTlnenpEY1AxVDUxVVU0MHVidG00NEp6MnJOWVNiV1VuRHo1SGMwSG0zb1BuY2pybHIwU3J3SFFGOFZfRUx3LWZKMFFzaDZLcF9FdFFDVjlQTFhKVFVqWHd1bk5wX1c5RlJDSDc2LVh4dXgxNVQ1UXhKbw?oc=5&hl=en-US&gl=US&ceid=US:en
487,Argentina. El falso informe policial sobre la represión a la jubilada Beatriz Blanco - Resumen Latinoamericano -,NO RELEVANTE,Resumen Latinoamericano,"Wed, 26 Mar 2025 13:25:04 GMT",https://www.resumenlatinoamericano.org/2025/03/26/argentina-el-falso-informe-policial-sobre-la-represion-a-la-jubilada-beatriz-blanco/
488,La justicia federal frenó el traslado urgente de detenidos en comisarías porteñas hacia la cárcel de Devoto - Infobae,NO RELEVANTE,infobae,"Mon, 12 Jan 2026 09:15:00 GMT",https://www.infobae.com/judiciales/2026/01/12/la-justicia-federal-freno-el-traslado-urgente-de-detenidos-en-comisarias-portenas-hacia-la-carcel-de-devoto/
489,Liberaron al futbolista del ascenso que había sido detenido por error en la previa de un partido - Infobae,NO RELEVANTE,infobae,"Thu, 19 Jun 2025 12:47:00 GMT",https://www.infobae.com/sociedad/policiales/2025/06/19/liberaron-al-futbolista-del-ascenso-que-habia-sido-detenido-por-error-en-la-previa-de-un-partido/
490,"“Cuando se gradúe, podrá practicar sexo con niños”: así era el aberrante manual que usaba el pedófilo detenido en Vicente López - Infobae",NO RELEVANTE,infobae,"Fri, 16 May 2025 17:32:00 GMT",https://www.infobae.com/sociedad/policiales/2025/05/16/cuando-se-gradue-podra-practicar-sexo-con-ninos-asi-era-el-aberrante-manual-que-usaba-el-pedofilo-detenido-en-vicente-lopez/
491,Marcha contra la reforma laboral: liberaron a 19 detenidos y uno sigue preso por robo - El Destape,NO RELEVANTE,El Destape,"Sat, 14 Feb 2026 20:23:00 GMT",https://www.eldestapeweb.com/politica/reforma-laboral/liberaron-a-la-mayoria-de-los-detenidos-en-la-marcha-contra-la-reforma-laboral-uno-continua-preso-2026214172321
492,La Policía de la Ciudad puso fin a banda de motochorros: 25 detenidos en Provincia de Buenos Aires - la5pata.com,NO RELEVANTE,,,
493,Dos detenidos por el daño a un patrullero y un debate sobre la protesta y la violencia - Página|12,NO RELEVANTE,Pagina 12,,https://www.pagina12.com.ar/818565-dos-detenidos-por-el-dano-a-un-patrullero-y-un-debate-sobre-/
494,Bajó para hacer una entrega y le robaron el auto: así detuvieron al ladrón - Infobae,NO RELEVANTE,infobae,"Thu, 04 Sep 2025 12:56:00 GMT",https://www.infobae.com/sociedad/policiales/2025/09/04/bajo-para-hacer-una-entrega-y-le-robaron-el-auto-asi-detuvieron-al-ladron/
495,"Está detenido en el tiempo, cerca de Buenos Aires y es ideal para ir en primavera - C5N",NO RELEVANTE,C5N,"Mon, 22 Sep 2025 12:11:00 GMT",https://www.c5n.com/lifestyle/esta-detenido-el-tiempo-cerca-buenos-aires-y-es-ideal-ir-primavera-n215208
496,"Triple crimen de Florencio Varela: este martes declara el quinto detenido, que denunció amenazas - MinutoUno",NO RELEVANTE,Minutouno.com,"Mon, 29 Sep 2025 20:39:00 GMT",https://www.minutouno.com/sociedad/triple-crimen-florencio-varela-este-martes-declara-el-quinto-detenido-que-denuncio-amenazas-n6196361
497,Marcha de los jubilados: el barra de All Boys detenido y otros 9 manifestantes no podrán ir a la cancha por 4 años - Infobae,NO RELEVANTE,infobae,"Thu, 20 Mar 2025 11:12:00 GMT",https://www.infobae.com/sociedad/policiales/2025/03/20/el-barra-de-all-boys-detenido-y-otros-9-manifestantes-no-podran-ir-a-la-cancha-por-4-anos/
498,Un menor detenido tras golpear y amenzar con un arma a un hombre - Mi Telefe,NO RELEVANTE,Telefe Santa Fé,"Tue, 18 Nov 2025 18:11:13 GMT",https://santafe.mitelefe.com/policiales/un-menor-detenido-tras-golpear-y-amenzar-con-un-arma-a-un-hombre-pid2536491
499,Detenidos y más de 260 kilos de cocaína incautados tras allanamientos en la zona oeste del conurbano - Que Pasa Web,NO RELEVANTE,Que Pasa Web,"Fri, 03 Oct 2025 11:51:29 GMT",https://www.quepasaweb.com.ar/detenidos-y-mas-de-260-kilos-de-cocaina-incautados-tras-allanamientos-en-la-zona-oeste-del-conurbano/
500,Liberaron a 114 manifestantes detenidos durante los incidentes en el Congreso - La Nación,NO RELEVANTE,La Nacion,"Thu, 13 Mar 2025 10:13:04 GMT",https://www.lanacion.com.ar/politica/liberaron-a-94-manifestantes-detenidos-durante-los-incidentes-en-el-congreso-nid13032025/
501,Detuvieron a un policía en Los Hornos con casi 3 kilos de marihuana - 0221,NO RELEVANTE,0221.com.ar,"Sun, 04 May 2025 13:41:00 GMT",https://www.0221.com.ar/policiales/detuvieron-un-policia-los-hornos-casi-3-kilos-marihuana-n109104
502,CABA: detuvieron al primer manifestante identificado por destrozos y bombas molotov en el Congreso - YaTeCuento,NO RELEVANTE,yatecuento.com.ar,"Sat, 14 Feb 2026 09:43:00 GMT",https://yatecuento.com.ar/noticia/CABA_detuvieron_al_primer_manifestante_identificado_por_destrozos_y_bombas_molotov_en_el_Congreso
503,CABA: detuvieron a otro implicado por los disturbios en el Congreso - YaTeCuento,NO RELEVANTE,yatecuento.com.ar,"Sat, 14 Feb 2026 11:02:00 GMT",https://www.yatecuento.com.ar/noticia/CABA_detuvieron_a_otro_implicado_por_los_disturbios_en_el_Congreso
504,Crimen de Giannobile: detuvieron a Sampietro y Garcia - Diario Jornada,NO RELEVANTE,Diario Jornada,"Sat, 13 Dec 2025 15:24:00 GMT",https://www.diariojornada.com.ar/407792/policiales/crimen_de_giannobile_detuvieron_a_sampietro_y_garcia
505,Detuvieron a dos sospechosos por el violento asalto a una jefa de la Policía Federal en Villa Lugano - Infobae,NO RELEVANTE,infobae,"Fri, 29 Aug 2025 09:00:00 GMT",https://www.infobae.com/sociedad/policiales/2025/08/29/detuvieron-a-dos-sospechosos-por-el-violento-asalto-a-una-jefa-de-la-policia-federal-en-villa-lugano/
506,Detuvieron a un militante K que amenazó a Milei en televisión: “Lo vamos a matar” - Infobae,NO RELEVANTE,infobae,"Wed, 18 Jun 2025 09:01:00 GMT",https://www.infobae.com/sociedad/policiales/2025/06/18/detuvieron-a-un-militante-k-que-amenazo-a-milei-en-television-lo-vamos-a-matar/
507,Video: detuvieron a un menor tras una persecución por el robo de una moto en Villa Crespo - NewsDigitales,NO RELEVANTE,NewsDigitales,"Thu, 16 Oct 2025 00:00:00 GMT",https://www.newsdigitales.com/nota/314955/video-detuvieron-a-un-menor-tras-una-persecucion-por-el-robo-de-una-moto-en-villa-crespo/
508,Detuvieron a un ruso por explotar sexualmente a su pareja en Buenos Aires - Perfil,NO RELEVANTE,Perfil.com,"Tue, 25 Feb 2025 14:27:00 GMT",https://www.perfil.com/noticias/reperfilar/detuvieron-a-un-ruso-por-explotar-sexualmente-a-su-pareja-en-buenos-aires.phtml
509,El negocio de un policía de la Ciudad: lo detuvieron por robar armas no letales para revenderlas en redes sociales - Infobae,NO RELEVANTE,infobae,"Tue, 14 Jan 2025 03:00:00 GMT",https://www.infobae.com/sociedad/policiales/2025/01/14/detuvieron-a-un-policia-de-la-ciudad-acusado-de-robar-armas-no-letales-y-revenderlas-en-redes-sociales/
510,Detuvieron a tres jóvenes acusados de asesinar al hombre que había pactado la compra de una moto por redes sociales en Wilde - Infobae,NO RELEVANTE,infobae,"Fri, 05 Jan 2024 18:31:00 GMT",https://news.google.com/rss/articles/CBMijAJBVV95cUxPYjlnVldhaFJ3b1Q4V2xiV2VrOU41aHQyS3BQR0Vldm9pa3J4Uk5QQjNCUEZIbmM0RW1NNHJVR0dXWXRsbG5fWHBId2FLVTFKRlZVWUZqQ09fbEN3Q1RIUlFRY2did2ZVRWJRWndaNzFXRmU0bkQ2X1RRYm5rYVZEeWJaSHpXd2RqTHdqcjBsQ0xTNWg0WEF3eEFqeE1HZGM2OEM4MDFzUjQ5SmtWQUNqWmw2MmhKS3l6YkFvdXdkc051b0NyYkxza1N6dHJWWllVR3NZakdxOF93bGVuVS1jLTRHWFg3eDZudjdvMUVTMFZmMXFLQTBoY1RONWVvU1BtMU9McmpOUDVTNk5k0gGnAkFVX3lxTE0yV2o1X005bTBXam9kSV9VWGMwaTJ6cXFleHltU1I5aDh4OEY1UE5ybGVVMnRIQVp0WHVxMlVpbDltR3BsaGVYa1NUOHVYeVozLWtyVnJqOFNnVUp0cXdWc1pnenM4dF9NNTlpTmJUNTdXSUNOMERzeE11MWE5NHI2YVJfdWhVbUpIbUtMLURqTk50akFmTEZLMWUyUlNVOGJ3QkZrb1BJODZQWHZNU1U4Q0tpTXAwejNqNjFLVjJza2tfUlY0a3lZSjRMZDJOYU85cEQxRDZZY0oxTFYtRGs2emFIaEUxQzd4bS16bW96ZkxXVXBoOWhfLXB0VWxGdXJTSDR1c1A4VlVLVzQ3TF9oRkVyS3dxX00zaF9RX0lBc3hZWE9XdkU?oc=5&hl=en-US&gl=US&ceid=US:en
511,Detuvieron por sospechas de terrorismo a un joven de Escobar tras un dato del FBI: el perturbador chat sobre cometer una masacre - Infobae,NO RELEVANTE,infobae,"Thu, 14 Jul 2022 12:27:00 GMT",https://www.infobae.com/sociedad/policiales/2022/07/14/purificar-el-mundo-detuvieron-por-sospechas-de-terrorismo-a-un-joven-de-escobar-que-reivindicaba-la-masacre-de-columbine/
512,CLAUSURAN UN KIOSCO EN MONSERRAT DONDE SE VENDÍAN DROGAS; DOS PERSONAS FUERON DETENIDAS Y CONDENADAS - Ministerio Público Fiscal de la Ciudad,NO RELEVANTE,,,
513,Un violador estuvo casi 9 años prófugo y fue detenido cuando salía de su casa en Parque Patricios - Infobae,NO RELEVANTE,infobae,"Tue, 02 Sep 2025 14:17:00 GMT",https://www.infobae.com/sociedad/policiales/2025/09/02/un-violador-estuvo-casi-9-anos-profugo-y-fue-detenido-cuando-salia-de-su-casa-en-parque-patricios/
514,Está condenado en Uruguay por explotación sexual infantil y fue detenido mientras intentaba tramitar DNI argentino - Revista Quórum,NO RELEVANTE,Revista Quórum,"Mon, 11 Aug 2025 14:52:59 GMT",https://revistaquorum.com.ar/2025/08/11/esta-condenado-en-uruguay-por-explotacion-sexual-infantil-y-fue-detenido-mientras-intentaba-tramitar-dni-argentino/
515,Espert vinculado con un detenido por narcotráfico - El Nueve,NO RELEVANTE,Canal 9,"Mon, 29 Sep 2025 13:56:00 GMT",https://www.elnueve.com.ar/telenueve/33785-espert-vinculado-con-un-detenido-por-narcotrafico
516,Liberaron a los detenidos durante la brutal represión en los alrededores del Congreso Nacional - Página|12,NO RELEVANTE,Pagina 12,"Thu, 13 Mar 2025 04:27:03 GMT",https://www.pagina12.com.ar/810398-ordenan-la-liberacion-inmediata-de-los-detenidos-durante-la-/
517,Detuvieron a dos motochorros en Almagro mientras robaban autos: uno es menor de edad y otro extranjero - Infobae,NO RELEVANTE,infobae,"Thu, 31 Jul 2025 16:15:00 GMT",https://www.infobae.com/sociedad/policiales/2025/08/01/detuvieron-a-dos-motochorros-en-almagro-mientras-robaban-autos-uno-es-menor-de-edad-y-otro-extranjero/
518,Detenidos por venta de drogas en Capital: uno estaba radicado en Lomas - El Diario Sur,NO RELEVANTE,ElDiarioSur,"Tue, 11 Nov 2025 12:35:00 GMT",https://www.eldiariosur.com/lomas-de-zamora/2025/11/11/detenidos-por-venta-de-drogas-en-capital-uno-estaba-radicado-en-lomas-75828.html
519,"Detuvieron a Aníbal Casas Arregui: presunto líder de asociación ilícita e intermediación financiera, los cargos - Comercio y Justicia",NO RELEVANTE,Comercio y Justicia,"Thu, 04 Sep 2025 02:10:11 GMT",https://news.google.com/rss/articles/CBMi5AFBVV95cUxPa09rVTlHMWMtMUJvRGhRZnBPRFNWdWdpZGRId3IxTy1Va3d1NE5zdWpNZTZfWHM0SDJ4b2NjQlF0aUl1bFQwVkxiWGpUSXE2YkpNSE5UZHVKbTBMVmlRbUY3NnRQRk9oMzc0SVdvQ0QtTHFaVzR6SDhRaHdPY18xN294X3lPZUhtMUxLcHdJMUpQdzkyN2ZvWWNteThtSWY3bTBqaGxMTzlfSWN1ZERfMFFqeWY4bHdPeU53ajJXdGlOaUJaSDR5WDdmVFBxTHdNcjBIeE13SkdwMkRCRnUzOHdUNk4?oc=5&hl=en-US&gl=US&ceid=US:en
520,Se fugó el ladrón que había sido detenido en la ruta 88 por un robo en Capital Federal - La Capital de Mar del Plata,NO RELEVANTE,La Capital de Mar del Plata,"Tue, 03 Aug 2021 17:31:53 GMT",https://www.lacapitalmdp.com/se-fugo-el-ladron-que-habia-sido-detenido-en-la-ruta-88-por-robos-en-capital-federal/
521,El spin-off de Game of Thrones sobre Jon Snow está demorado y en duda - Infobae,NO RELEVANTE,infobae,"Mon, 29 May 2023 07:06:00 GMT",https://www.infobae.com/entretenimiento/2023/05/29/el-spin-off-de-game-of-thrones-sobre-jon-snow-esta-demorado-y-en-duda/
522,Detuvieron a un hombre que escupió un templo de la comunidad judía en Villa Crespo - Infobae,NO RELEVANTE,infobae,"Mon, 17 Nov 2025 13:51:00 GMT",https://www.infobae.com/sociedad/policiales/2025/11/18/detuvieron-a-un-hombre-que-escupio-un-templo-de-la-comunidad-judia-en-villa-crespo/
523,Encontraron muerta y maniatada a jubilada de 89 años en Longchamps: detuvieron a su vecino - Infobae,NO RELEVANTE,infobae,"Fri, 19 Dec 2025 14:09:00 GMT",https://www.infobae.com/sociedad/policiales/2025/12/19/encontraron-muerta-y-maniatada-a-jubilada-de-89-anos-en-longchamps-detuvieron-a-su-vecino/
524,Detuvieron al pastor evangélico de Córdoba acusado de trata de personas y explotación laboral - Infobae,NO RELEVANTE,infobae,"Thu, 11 Sep 2025 09:10:00 GMT",https://www.infobae.com/sociedad/policiales/2025/09/11/detuvieron-al-pastor-evangelico-de-cordoba-acusado-de-trata-de-personas-y-explotacion-laboral/
525,Detuvieron a la madre de la nena de 3 años asesinada a golpes en Rafael Castillo: la acusan también de intentar matar a su otra hija - Infobae,NO RELEVANTE,infobae,"Thu, 27 Mar 2025 11:28:00 GMT",https://www.infobae.com/sociedad/policiales/2025/03/27/detuvieron-a-la-madre-de-la-nena-de-3-anos-asesinada-a-golpes-en-rafael-castillo/
526,Detuvieron a un famoso cantante mexicano en Buenos Aires por abuso sexual de menores - Infobae,NO RELEVANTE,infobae,"Wed, 03 Jan 2024 01:36:00 GMT",https://www.infobae.com/sociedad/policiales/2024/01/03/detuvieron-a-un-famoso-cantante-mexicano-en-buenos-aires-por-abuso-sexual-de-menores/
527,Detuvieron a una pareja por la desaparición de Sofía Delgado: les secuestraron juguetes de sadomasoquismo - Infobae,NO RELEVANTE,infobae,"Tue, 12 Nov 2024 20:19:00 GMT",https://www.infobae.com/sociedad/policiales/2024/11/12/detuvieron-a-una-pareja-por-la-desaparicion-de-sofia-delgado-y-les-secuestraron-juguetes-sexuales-para-sadomasoquismo/
528,Feroz persecución desde San Martín hasta Belgrano: un patrullero se incrustó en una casa y dos ladrones fueron detenidos - TN,NO RELEVANTE,Todo Noticias,"Tue, 01 Jul 2025 11:03:56 GMT",https://tn.com.ar/policiales/2025/07/01/feroz-persecucion-desde-pba-hasta-caba-un-patrullero-se-incrusto-en-una-casa-y-dos-ladrones-fueron-detenidos/
529,Martín Ocampo y la polémica por los presos detenidos en la Ciudad de Buenos Aires: “No hay voluntad política del gobierno nacional de resolverlo” - Infobae,NO RELEVANTE,infobae,"Thu, 22 May 2025 17:26:00 GMT",https://www.infobae.com/politica/2025/05/22/martin-ocampo-y-la-polemica-por-los-presos-detenidos-en-la-ciudad-de-buenos-aires-no-hay-voluntad-politica-del-gobierno-nacional-de-resolverlo/
530,Deportaron a cuatro delincuentes chilenos detenidos en la Ciudad de Buenos Aires - NewsDigitales,NO RELEVANTE,NewsDigitales,"Sat, 03 Jan 2026 00:00:00 GMT",https://www.newsdigitales.com/nota/321911/deportaron-a-cuatro-delincuentes-chilenos-detenidos-en-la-ciudad-de-buenos-aires/
531,Más de la mitad de los detenidos por los incidentes en el Congreso tiene graves antecedentes penales - Infobae,NO RELEVANTE,infobae,"Thu, 13 Mar 2025 08:45:00 GMT",https://www.infobae.com/politica/2025/03/13/mas-de-la-mitad-de-los-detenidos-por-los-incidentes-en-el-congreso-tiene-graves-antecedentes-penales/
532,"Argentina. Fuerte represión policial frente al Congreso y calles aledañas, mientras en el Parlamento se discutía la infame Reforma Laboral del gobierno Milei / Hay 300 heridos y 31 detenidos (videos) - Resumen Latinoamericano -",NO RELEVANTE,Resumen Latinoamericano,"Wed, 11 Feb 2026 20:02:36 GMT",https://www.resumenlatinoamericano.org/2026/02/11/argentina-fuerte-represion-policial-frente-al-congreso-y-calles-aledanas-mientras-en-el-parlamento-se-discutia-la-infame-reforma-laboral-del-gobierno-milei-hay-heridos-y-detenidos-videos/
533,Calles encendidas de represión y detenciones en la Plaza Congreso - Diario Huarpe,NO RELEVANTE,diariohuarpe,"Thu, 12 Feb 2026 02:08:34 GMT",https://www.diariohuarpe.com/nota/operativo-policial-que-termino-en-una-brutal-represion-fuera-del-congreso-202621122570/amp
534,“Él se estaba durmiendo”: la insólita excusa de un conductor que fue detenido mientras manejaba borracho en la Ruta 5 - Infobae,NO RELEVANTE,infobae,"Tue, 02 Dec 2025 19:03:00 GMT",https://www.infobae.com/sociedad/2025/12/02/el-se-estaba-durmiendo-la-insolita-excusa-de-un-conductor-que-fue-detenido-mientras-manejaba-borracho-en-la-ruta-5/
535,"Fue a votar y terminó detenido: cayó en Moreno un prófugo acusado de estafas en la modalidad del ""cuento del tío"" - a24.com",NO RELEVANTE,A24.com,"Sun, 26 Oct 2025 15:36:00 GMT",https://www.a24.com/policiales/fue-votar-y-termino-detenido-cayo-moreno-un-profugo-acusado-estafas-el-cuento-del-tio-n1491227
536,Un jugador de San Lorenzo quedó detenido tras ser parte de un tiroteo en un torneo de barrio - Perfil,NO RELEVANTE,Perfil.com,"Sun, 08 Jun 2025 15:32:13 GMT",https://442.perfil.com/noticias/futbol/un-jugador-de-san-lorenzo-quedo-detenido-tras-ser-parte-de-un-tiroteo-en-un-torneo-de-barrio.phtml
537,"Operativo Friend’s, 14 detenidos por una red que distribuía material de abuso sexual infantil - Perfil",NO RELEVANTE,Perfil.com,"Mon, 30 Jun 2025 12:55:00 GMT",https://www.perfil.com/noticias/policia/operativo-friends-14-detenidos-por-una-red-que-distribuia-material-de-abuso-sexual-infantil-y-rescataron-a-una-menor-en-santa-fe.phtml
538,Quién es el detenido en Recoleta por la amenaza de bomba en el Hotel Alvear - Clarin.com,NO RELEVANTE,Clarín,"Thu, 29 May 2025 00:04:18 GMT",https://www.clarin.com/ciudades/detenido-recoleta-amenaza-bomba-hotel-alvear_0_mu7cMgUbOZ.html
539,El detenido por el homicidio del martillero de Azul denuncia que fue torturado y que es inocente - Tiempo Argentino,NO RELEVANTE,Tiempo Argentino,"Thu, 05 Jun 2025 21:55:42 GMT",https://www.tiempoar.com.ar/ta_article/el-detenido-por-el-homicidio-del-martillero-de-azul-denuncia-que-fue-torturado-y-que-es-inocente/
540,"Un policía de Ciudad fue detenido acusado de abusar de un nene, grabar el ataque y compartir el video en redes sociales - TN",NO RELEVANTE,Todo Noticias,"Tue, 08 Apr 2025 22:09:56 GMT",https://tn.com.ar/policiales/2025/04/08/un-policia-de-ciudad-fue-detenido-acusado-de-abusar-de-un-nene-grabar-el-ataque-y-compartir-el-video-en-redes/
541,Sujeto tenía pedido de captura en Entre Ríos y fue detenido en Buenos Aires - Elonce.com,NO RELEVANTE,Elonce.com,"Fri, 13 Feb 2026 14:25:25 GMT",https://www.elonce.com/policiales/detuvieron-en-buenos-aires-a-entrerriano-con-pedido-de-captura-por-violencia-de-genero.htm
542,Congreso: liberaron a la mayoría de los detenidos - Pura Ciudad,NO RELEVANTE,Pura Ciudad,"Fri, 13 Feb 2026 12:51:33 GMT",https://www.puraciudad.com.ar/congreso-liberaron-a-la-mayoria-de-los-detenidos/
543,Video: robaron un auto y los detuvieron ocho horas después mientras circulaban por General Paz - Infobae,NO RELEVANTE,infobae,"Thu, 11 Dec 2025 17:37:00 GMT",https://www.infobae.com/sociedad/policiales/2025/12/11/video-robaron-un-auto-y-los-detuvieron-ocho-horas-despues-mientras-circulaban-por-general-paz/
544,Ocho detenidos tras intentar traficar 43 kilos de cocaína en la bodega de un avión - Página|12,NO RELEVANTE,Pagina 12,"Sat, 23 Mar 2024 16:08:59 GMT",https://www.pagina12.com.ar/723573-ocho-detenidos-tras-intentar-traficar-43-kilos-de-cocaina-en/
545,"Narcotráfico en la provincia de Buenos Aires: 17 detenidos por la venta de marihuana, cocaína, éxtasis y LSD - Infobae",NO RELEVANTE,infobae,"Sun, 20 Mar 2022 16:12:00 GMT",https://www.infobae.com/sociedad/policiales/2022/03/20/narcotrafico-en-la-provincia-de-buenos-aires-17-detenidos-por-la-venta-de-marihuana-cocaina-extasis-y-lsd/
546,Detenido en Argentina el abogado prófugo Rodríguez Menéndez - EL PAÍS,NO RELEVANTE,Ediciones EL PAÍS S.L.,"Wed, 27 Jul 2005 22:00:00 GMT",https://elpais.com/diario/2005/07/28/espana/1122501626_850215.html
547,Detenido en Palermo por hackeo de cuentas que generó pérdidas millonarias - Cadena 3 Argentina,NO RELEVANTE,20,"Thu, 12 Feb 2026 15:04:00 GMT",https://www.cadena3.com/amp/noticia/sociedad/detenido-en-palermo-por-hackeo-de-cuentas-que-genero-perdidas-millonarias_519057
548,Quiénes son los detenidos por el hackeo a las cuentas de 25 de Mayo - Letra P,NO RELEVANTE,Letra P,"Mon, 05 Dec 2016 15:04:00 GMT",https://www.letrap.com.ar/nota/2016-12-5-quienes-son-los-detenidos-por-el-hackeo-a-las-cuentas-de-25-de-mayo
549,Polémico fallo por represión policial en CABA: sobreseyeron a los altos mandos y procesaron a los choferes de las motos - Agencia NOVA,NO RELEVANTE,Agencia NOVA,"Wed, 14 Feb 1996 00:00:00 GMT",https://www.agencianova.com/nota.asp?n=2022_12_29&id=118027&id_tiponota=24
550,Las murgas se movilizan contra la represión y en defensa de la cultura - La Izquierda Diario,NO RELEVANTE,La Izquierda Diario,"Thu, 18 Aug 2016 20:10:43 GMT",https://www.laizquierdadiario.com/Las-murgas-se-movilizan-contra-la-represion-y-en-defensa-de-la-cultura
551,El Dibu Martínez defendió a los hinchas argentinos de la represión policial brasileña en el Maracaná - Infobae,NO RELEVANTE,infobae,"Tue, 21 Nov 2023 13:16:00 GMT",https://www.infobae.com/deportes/2023/11/22/el-dibu-martinez-defendio-a-los-hinchas-argentinos-de-la-represion-policial-brasilena-en-el-maracana/
552,Política. CABA: el traspaso de la Federal fortalecerá el aparato represivo policial - laizquierdadiario.mx,NO RELEVANTE,La Izquierda Diario,"Mon, 04 Jan 2016 18:23:31 GMT",https://news.google.com/rss/articles/CBMiqAFBVV95cUxQRE43c3A2cl9MOHJ0OS1QV2RXc1lVZFg0VFFwSlJ4UjlUR3ZIV2M0QWtNV2w0UU1VLVltYUR5MjV3RUp0Y3JLWnQ5b05oZmptOXJOdjBqTlh6R3F6TnRZMUQ5djRSV0hfb1czbUZRWWUtWjhEaXlheEhWUVpEaXpMZEFBZ2twLWl6RGNLSVptSjNMMmVJS3hodTNJVkoyWGVacEQzV0hGM0M?oc=5&hl=en-US&gl=US&ceid=US:en
553,Miles de personas se unen a la marcha de los jubilados argentinos en Buenos Aires pese al gran despliegue policial y las amenazas de represión - Diario Público,NO RELEVANTE,Publico.es,"Wed, 19 Mar 2025 18:32:28 GMT",https://www.publico.es/internacional/america-latina/gran-despliegue-policial-amenazas-represion-protesta-jubilados-buenos-aires.html
554,CABA: represión frente a la Embajada de Paraguay - Agencia Paco Urondo,NO RELEVANTE,Agencia Paco Urondo,"Tue, 02 Feb 2021 00:00:00 GMT",https://www.agenciapacourondo.com.ar/violencia-institucional/caba-represion-frente-la-embajada-de-paraguay
555,La reina de la reventa ”The Armenian Girl”: la detuvieron por comercializar entradas del partido de Argentina - Infobae,NO RELEVANTE,infobae,"Wed, 03 Sep 2025 03:12:00 GMT",https://www.infobae.com/sociedad/policiales/2025/09/03/la-reina-de-la-reventa-the-american-girl-la-detuvieron-por-comercializar-entradas-del-partido-de-argentina/
556,"Detuvieron a “El Tano Nápoli”, un ex oficial señalado como nexo entre bandas narco y la policía en San Martín - Infobae",NO RELEVANTE,infobae,"Fri, 05 Dec 2025 09:48:00 GMT",https://www.infobae.com/sociedad/policiales/2025/12/05/detuvieron-a-el-tano-napoli-un-ex-oficial-senalado-como-nexo-entre-bandas-narco-y-la-policia-en-san-martin/
557,Detuvieron al jefe de la barra brava de Newell’s en allanamientos por venta de droga al menudeo - Infobae,NO RELEVANTE,infobae,"Mon, 29 Sep 2025 01:22:00 GMT",https://www.infobae.com/sociedad/policiales/2025/09/29/detuvieron-al-jefe-de-la-barra-brava-de-newells-en-allanamientos-por-venta-droga-al-menudeo/
558,VIDEO | Secuestrador extorsivo chileno que huyó de su país fue detenido en CABA - Agencia NOVA,NO RELEVANTE,Agencia NOVA,"Wed, 14 Feb 1996 00:00:00 GMT",https://www.agencianova.com/nota.asp?n=2026_1_21&id=163202&id_tiponota=24
559,Liberaron a todos los detenidos en la marcha contra la reforma laboral - Página|12,NO RELEVANTE,Pagina 12,"Fri, 13 Feb 2026 03:01:00 GMT",https://www.pagina12.com.ar/2026/02/13/liberaron-a-todos-los-detenidos-en-la-marcha-contra-la-reforma-laboral/
560,Nueva represión a jubilados en el Congreso: la policía detuvo al padre Paco Olveira - Tiempo Argentino,NO RELEVANTE,Tiempo Argentino,"Wed, 04 Feb 2026 19:49:37 GMT",https://www.tiempoar.com.ar/ta_article/nueva-represion-jubilados-en-el-congreso-la-policia-detuvo-al-padre-paco-olveira/
561,Represión y desalojo violento de vigilia en apoyo a Cristina Fernández de Kirchner - teleSUR,NO RELEVANTE,TeleSURtv.net,"Sun, 15 Jun 2025 14:15:21 GMT",https://www.telesurtv.net/represion-desalojo-a-vigilia-residencia-cfk/
562,Video: un fotógrafo resultó gravemente herido durante la represión en el Congreso y pelea por su vida - Perfil,NO RELEVANTE,Perfil.com,"Thu, 13 Mar 2025 01:00:00 GMT",https://www.perfil.com/noticias/politica/un-fotografo-resulto-gravemente-herido-durante-la-represion-en-el-congreso-y-pelea-por-su-vida.phtml
563,Las imágenes de la represión policial en la autopista Dellepiane - Página|12,NO RELEVANTE,Pagina 12,,https://www.pagina12.com.ar/524255-las-imagenes-de-la-represion-policial-en-la-autopista-dellep/
564,Una protesta de jubilados por los recortes de Milei desata la mayor represión del Gobierno argentino - Diario Público,NO RELEVANTE,Publico.es,"Thu, 13 Mar 2025 07:04:48 GMT",https://www.publico.es/internacional/america-latina/protesta-jubilados-recortes-milei-desata-mayor-represion-gobierno-argentino.html
565,Brutal represión a manifestantes que reclamaban por alimentos - Tiempo Argentino,NO RELEVANTE,Tiempo Argentino,"Wed, 10 Apr 2024 15:28:15 GMT",https://www.tiempoar.com.ar/ta_article/brutal-represion-a-manifestantes-de-la-utep-que-reclaman-por-alimentos/
566,Banda de Colombianos detenidos - claramenteweb.com.ar,NO RELEVANTE,claramenteweb.com.ar,"Thu, 12 Feb 2026 00:00:00 GMT",https://claramenteweb.com.ar/5017/banda-de-colombianos-detenidos/
567,Un detenido y cuatro allanamientos en Ciudad de Buenos Aires por apuestas ilegales - Agencia Noticias Argentinas,NO RELEVANTE,Noticias Argentinas,"Wed, 10 Dec 2025 17:09:00 GMT",https://noticiasargentinas.com/sociedad/un-detenido-y-cuatro-allanamientos-en-ciudad-de-buenos-aires-por-apuestas-ilegales_a6939d1aa19b2376a7720b091
568,Impactante operativo contra la distribución de MASI en el país: 22 detenidos en 73 allanamientos - Canal Doce Misiones,NO RELEVANTE,Canal Doce Misiones,"Wed, 27 Aug 2025 13:42:59 GMT",https://www.canal12misiones.com/noticias-de-misiones/policiales-2/operativos-masi-pais
569,"Tras las fugas de presos, Macri cambió a Waldo Wolff por el jefe de Policía de la represión en el Borda - Canal Abierto",NO RELEVANTE,Canal Abierto,"Wed, 05 Mar 2025 18:57:38 GMT",https://canalabierto.com.ar/2025/03/04/tras-las-fugas-de-presos-macri-cambio-a-wlado-wolff-por-el-jefe-de-policia-de-la-represion-en-el-borda/
570,Represión en el corso de la Villa 1-11-14: la primera medida de Horacio Giménez al mando de la Seguridad - Tiempo Argentino,NO RELEVANTE,Tiempo Argentino,"Wed, 05 Mar 2025 11:42:57 GMT",https://www.tiempoar.com.ar/ta_article/represion-en-el-corso-de-la-villa-1-11-14-la-primera-medida-de-horacio-gimenez-al-mando-de-la-seguridad-portena/
571,"Insólito: un hombre corrió desnudo en pleno centro de Buenos Aires, provocó caos en el tránsito y fue detenido - Vía País",NO RELEVANTE,Vía País,"Wed, 01 Feb 2023 16:17:00 GMT",https://viapais.com.ar/informacion-general/insolito-un-hombre-corrio-desnudo-en-pleno-centro-de-buenos-aires-provoco-caos-en-el-transito-y-fue-detenido/
572,"Jorge Lanata estuvo demorado en Venezuela acusado de ""espionaje"" - Infobae",NO RELEVANTE,infobae,"Mon, 08 Oct 2012 19:35:00 GMT",https://www.infobae.com/2012/10/08/674804-jorge-lanata-estuvo-demorado-venezuela-acusado-espionaje/
573,"Quiso ""llevarse puesto"" a los piqueteros y lo detuvieron - Mendoza Post",NO RELEVANTE,Mendoza Post,"Wed, 10 Aug 2022 21:15:00 GMT",https://www.mendozapost.com/policiales/lista-harto-de-los-piquetes-tiro-su-auto-contra-los-mafiestantes-y-fue-detenido/
574,El pueblo detenido en el tiempo que mantiene los teléfonos públicos y es ideal para una escapada - TN,NO RELEVANTE,Todo Noticias,"Thu, 07 Aug 2025 21:38:57 GMT",https://tn.com.ar/turismo/2025/08/07/el-pueblo-detenido-en-el-tiempo-que-mantiene-los-telefonos-publicos-y-es-ideal-para-una-escapada/
575,Caba. Violencia en el Congreso: quedó detenido un manifestante que tenía orden de captura vigente por robo - La Voz del Interior,NO RELEVANTE,La Voz del Interior,"Fri, 13 Feb 2026 01:38:13 GMT",https://www.lavoz.com.ar/politica/violencia-en-el-congreso-quedo-detenido-un-manifestante-que-tenia-orden-de-captura-vigente-por-robo/
576,Operativo en Buenos Aires: 16 extranjeros ilegales y 4 detenidos en feria clandestina - Cadena 3 Argentina,NO RELEVANTE,Cadena 3 Argentina,"Mon, 26 Jan 2026 17:47:00 GMT",https://www.cadena3.com/noticia/sociedad/operativo-en-buenos-aires-16-extranjeros-ilegales-y-4-detenidos-en-feria-clandestina_512789
577,80 milímetros en una hora y con el tránsito detenido mientras el agua subía: así se vivió el diluvio en Panamericana - Infobae,NO RELEVANTE,infobae,"Wed, 24 Dec 2025 11:18:00 GMT",https://www.infobae.com/sociedad/2025/12/24/80-milimetros-en-una-hora-y-con-el-transito-detenido-mientras-el-agua-subia-asi-se-vivio-el-diluvio-en-panamericana/
578,"20 kilómetros de persecución, choque y cuatro detenidos que quisieron robar una casa - La Nación",NO RELEVANTE,La Nacion,"Thu, 18 Sep 2025 18:22:34 GMT",https://www.lanacion.com.ar/seguridad/de-don-torcuato-a-villa-urquiza-20-kilometros-de-persecucion-choque-y-cuatro-detenidos-en-operativo-nid18092025/
579,"300 heridos y más de 30 detenidos, el saldo de la represión durante el debate de la reforma laboral - El Ágora Digital",NO RELEVANTE,El Ágora Digital,"Thu, 12 Feb 2026 12:57:36 GMT",https://elagora.digital/argentina/represion-congreso-reforma-laboral-monteoliva-bullrich/
580,“Primero a jubilados”: denuncian brutal represión policial en protesta contra la reforma laboral de Milei - elciudadano.com,NO RELEVANTE,El Ciudadano,"Thu, 12 Feb 2026 08:21:00 GMT",https://www.elciudadano.com/portada/primero-a-jubilados-denuncian-brutal-represion-policial-en-protesta-contra-la-reforma-laboral-de-milei/02/12/
581,Tucumán: denuncian represión policial contra trabajadores bancarios - El Destape,NO RELEVANTE,El Destape,"Fri, 30 Jan 2026 18:17:00 GMT",https://www.eldestapeweb.com/informacion-general/represion/protestas-represion-y-reforma-laboral-un-conflicto-que-expone-el-clima-social-en-tucuman-2026130151721
582,Legisladores porteños repudian nueva represión policial a periodistas que cubrían la marcha de jubilados - La Izquierda Diario,NO RELEVANTE,La Izquierda Diario,"Thu, 14 Aug 2025 19:41:14 GMT",https://www.laizquierdadiario.com/Legisladores-portenos-repudian-nueva-represion-policial-a-periodistas-que-cubrian-la-marcha-de
583,"Protestas en Argentina contra Milei, marcadas por la represión policial: 124 detenidos y 46 heridos - Aristegui Noticias",NO RELEVANTE,Aristegui Noticias,"Wed, 12 Mar 2025 21:48:00 GMT",https://aristeguinoticias.com/1203/mundo/protestas-en-argentina-contra-milei-marcadas-por-la-represion-policial-124-detenidos-y-46-heridos/
584,Dura represión policial cuando desconcentraba la marcha de la CGT: Hay detenidos - Codigo Baires,NO RELEVANTE,Codigo Baires,"Wed, 27 Dec 2023 18:05:00 GMT",https://www.codigobaires.com.ar/2023-12-27/dura-represion-policial-cuando-desconcentraba-la-marcha-de-la-cgt-hay-detenidos-233247/
585,Argentina: Realizaron en Buenos Aires marcha juvenil contra la represión policial - Resumen Latinoamericano -,NO RELEVANTE,Resumen Latinoamericano,"Fri, 24 Nov 2017 01:40:17 GMT",https://www.resumenlatinoamericano.org/2017/11/23/argentina-realizaron-en-buenos-aires-marcha-juvenil-contra-la-represion-policial/
586,Quiénes son los detenidos y liberados por la Policía luego de los disturbios durante la marcha contra la reforma laboral - Infobae,NO RELEVANTE,infobae,"Thu, 12 Feb 2026 08:47:00 GMT",https://www.infobae.com/sociedad/2026/02/12/quienes-los-detenidos-y-liberados-por-la-policia-luego-de-los-disturbios-durante-la-marcha-contra-la-reforma-laboral/
587,Quedó en libertad el fotógrafo de La Plata arrestado mientras trabajaba en la marcha - Data Diario,NO RELEVANTE,Data Diario,"Thu, 12 Feb 2026 16:18:02 GMT",https://www.datadiario.com/laplata/politica-y-economia/quedo-en-libertad-el-fotografo-de-la-plata-arrestado-mientras-trabajaba-en-la-marcha-202621213130
588,Detuvieron a un camionero que viajaba ebrio desde Mendoza hacia la Ciudad de Buenos Aires - Diario Mendoza Today,NO RELEVANTE,Diario Mendoza Today,"Thu, 12 Feb 2026 14:12:30 GMT",https://mendozatoday.com.ar/2026/02/12/detuvieron-a-un-camionero-que-viajaba-ebrio-desde-mendoza-hacia-la-ciudad-de-buenos-aires/
589,Un narco pedófilo fue detenido tras filmar un abuso infantil - elliberal.com.ar,NO RELEVANTE,El Liberal On Line,"Fri, 23 Jan 2026 18:54:00 GMT",https://www.elliberal.com.ar/nota/70108/2026/01/un-narco-pedofilo-fue-detenido-tras-filmar-un-abuso-infantil
590,El Gobierno identificó a un quinto argentino detenido en Venezuela: quién es y qué se sabe de él - Diario de Cuyo,NO RELEVANTE,Diario de Cuyo,"Thu, 15 Jan 2026 17:52:00 GMT",https://news.google.com/rss/articles/CBMi5AFBVV95cUxOZFkwOU1oZ204dVJCajFfc0hCbnhoWXFlaXM5YkotZ3pjemk4WDVvR1JsdUN2dXZONXRLQS1EbUc1My0yWXFDeXV2ckxtQUp3bVRJOTg2Y3FVMXZ0dzJtQVpGeW82eEtOSFpmWThXV2ZtR1d5T1p4WUNlZ3U3Q29iYzJFR3p1MFVCSE5nSWNFRlpnQjA3MjZZZXJoVFVFempfMFVfcG1hM2cyQ1hXZC1FM3NvRzI3SDdMbEtyYmlld3JCdUpvcHlId1JuSThMLUFGU1dTc1kxblBKVHVQUHFFSl9JQ27SAeQBQVVfeXFMTmRZMDlNaGdtOHVSQmoxX3NIQm54aFlxZWlzOWJKLWd6Y3ppOFg1b0dSbHVDdnV2TjV0S0EtRG1HNTMtMllxQ3l1dnJMbUFKd21USTk4NmNxVTF2dHcybUFaRnlvNnhLTkhaZlk4V1dmbUdXeU9aeFlDZWd1N0NvYmMyRUd6dTBVQkhOZ0ljRUZaZ0IwNzI2WWVyaFRVRXpqXzBVX3BtYTNnMkNYV2QtRTNzb0cyN0g3TGxLcmJpZXdyQnVKb3B5SHdSbkk4TC1BRlNXU3NZMW5QSlR1UFBxRUpfSUNu?oc=5&hl=en-US&gl=US&ceid=US:en
591,“Son todos unos genocidas”: liberaron al italiano detenido por amenazar a la embajada de Israel - Infobae,NO RELEVANTE,infobae,"Thu, 18 Sep 2025 11:46:00 GMT",https://www.infobae.com/sociedad/policiales/2025/09/18/son-todos-unos-genocidas-liberaron-al-italiano-detenido-por-amenazar-a-la-embajada-de-israel/
592,"Joel Ojeda, ex Gran Hermano, fue detenido por la policía: qué pasó - Exitoina",NO RELEVANTE,Perfil.com,"Thu, 16 Oct 2025 10:41:00 GMT",https://exitoina.perfil.com/noticias/escandalo/joel-ojeda-ex-gran-hermano-detenido-policia-que-paso.phtml
593,Robo y persecución a más de 100 kilómetros por hora por la Bombonera: un motochorro detenido - Clarin.com,NO RELEVANTE,Clarín,"Wed, 12 Nov 2025 22:47:25 GMT",https://www.clarin.com/policiales/robo-persecucion-100-kilometros-hora-bombonera-motochorro-detenido_0_uXnlhFEUk9.html
594,"Está detenido en el tiempo, cerca de Buenos Aires y es ideal para ir en primavera - C5N",NO RELEVANTE,C5N,"Mon, 22 Sep 2025 12:11:00 GMT",https://news.google.com/rss/articles/CBMipwFBVV95cUxQdHJSNTUwaW9yVWNyTTA2VHNHLVp5b2JwN2xLSnJfb21LX0VQSldYTi1PZDRranRvd1M1MzRycG4wSXhvTHRGbklZS3ZtdTJXbmpyN00xc093Xy11c3lnQmlzOXJXT0FBUVFYVjRmTE01MXRNYzF1RkhUWVVXaWFVMG5RTi1pRDVZRVpTUmVoQllqVXdRaFJXT1JNWWkyTEF5cm1fbjlldw?oc=5&hl=en-US&gl=US&ceid=US:en
595,La fiesta de la militancia frente a la casa de Cristina tras la represión de la policía de la Ciudad en Recoleta - La Opinión Austral,NO RELEVANTE,La Opinión Austral,"Sat, 27 Aug 2022 21:27:04 GMT",https://laopinionaustral.com.ar/argentina/la-fiesta-de-la-militancia-frente-a-la-casa-de-cristina-tras-la-represion-de-la-policia-de-la-ciudad-en-recoleta-540583.html
596,"Tras ser detenido con cinco kilos de droga, vinculan al “viudo de Adelfa” con una banda narco - Infobae",NO RELEVANTE,infobae,"Tue, 14 Apr 2020 15:43:00 GMT",https://www.infobae.com/sociedad/policiales/2020/04/15/tras-ser-detenido-con-cinco-kilos-de-droga-vinculan-al-viudo-de-adelfa-con-una-banda-narco/
597,Once detenidos se fugaron por los techos de una alcaidía de la Policía de la Ciudad: dos fueron recapturados - Infobae,NO RELEVANTE,infobae,"Mon, 25 Nov 2024 12:46:00 GMT",https://news.google.com/rss/articles/CBMixgFBVV95cUxNUzNDMmRQOUZHS3Joa3drRFhObFRmNDJva0xhZVEzYWoxNHllay1GUVMyNmI1N3FLNlJxcWd1czBqWVEtLTMteUxQbWhNc0VvVDZSMWoyQjBkMHRXbm56ZGNudS0xSGx0MkhRZ0JJSVBpS21IaEtWQ25BbHNTT2FpNjZWSEhuSzJvT3VPYkV4N3VNNElYYWlYNG1LZDhqQjY3SnNNQXRqYVFTTWlRREY0bjZteFloOV9HVi1mNzdEQjh5V1hLSEHSAeABQVVfeXFMUFQza3BHM0h2eWNYU1Rzd1FiSzZ0dUdCRG1rSDhlVWVJdHoxajdaTFAwVzdSelZIM0tld2gzTUZXbXlRMS1qNW4yYk5jVWphcDdQdDcwNkhmN2t6NWdHZmd5WXhHYWlQLU5wOGh1SkMxbEdDSXg2U0pzZF8tTUNoaXl1TG1sVC1rT2dianQ0d1ByRFhzOE9pUXV2Y2ZSbUNUUXJ5OWNLVXlxLW9lczVocFZCaGZuV080aVFqVTdsZ01nZnFJeGpBTnJTYUJwSGdEQUg0WFI5amgxVGlTRW5jOGY?oc=5&hl=en-US&gl=US&ceid=US:en
598,Detuvieron en Capital Federal a uno de los abogados prófugos por la causa DyF - La Nueva Provincia,NO RELEVANTE,La Nueva Provincia,"Thu, 23 May 2019 03:19:19 GMT",https://www.lanueva.com/nota/2019-5-23-0-19-0-detuvieron-en-capital-federal-a-uno-de-los-abogados-profugos-por-la-causa-dyf
599,La represión selectiva de la Policía de la Ciudad de Buenos Aires - Página|12,NO RELEVANTE,Pagina 12,"Wed, 26 Aug 2020 00:14:01 GMT",https://www.pagina12.com.ar/287581-la-represion-selectiva-de-la-policia-de-la-ciudad-de-buenos-/
600,Detuvieron a una pareja de policías de CABA por el crimen de dos jubilados - Diario El Día de La Plata,NO RELEVANTE,El Dia On Line,"Wed, 17 Jul 2019 05:58:36 GMT",https://www.eldia.com/nota/2019-7-17-2-58-36-detuvieron-a-una-pareja-de-policias-de-caba-por-el-crimen-de-dos-jubilados-policiales
601,"Cristina Kirchner quedaría detenida en su propia casa de CABA, en el mismo edificio donde vive su hija - Corrientes Hoy",NO RELEVANTE,Corrientes Hoy,"Tue, 10 Jun 2025 23:54:00 GMT",https://www.corrienteshoy.com/nacionales/cristina-kirchner-quedaria-detenida-en-su-propia-casa-de-caba-en-el-mismo-edificio-donde-vive-su-hija.htm
602,"Allanamientos en Avellaneda y CABA, dos detenidos por estafa - elsindical.com.ar",NO RELEVANTE,elsindical.com.ar,"Mon, 09 Jun 2025 00:00:00 GMT",https://www.elsindical.com.ar/notas/allanamientos-en-avellaneda-y-caba-dos-detenidos-por-estafa/
603,Confirman que el olavarriense detenido en Roque Pérez integraba una banda que operaba en tres provincias - En Linea Noticias,NO RELEVANTE,En Linea Noticias,"Sat, 12 Apr 2025 02:35:44 GMT",https://enlineanoticias.com.ar/policiales/confirman-que-el-olavarriense-detenido-en-roque-perez-integraba-una-banda-que-operaba-en-tres-provincias/
604,Capturaron a uno de los dos narcos dominicanos que se fugaron en CABA: fue detenido en Paraguay - Perfil,NO RELEVANTE,Perfil.com,"Mon, 02 Dec 2024 20:24:00 GMT",https://www.perfil.com/noticias/policia/capturaron-a-uno-de-los-dos-narcos-dominicanos-que-se-fugaron-en-la-ciudad-de-buenos-aires-fue-detenido-en-paraguay.phtml
605,"Detuvieron a una joven de 22 años acusada de seducir en apps de citas, drogar a sus víctimas y cometer nueve robos en Capital Federal - Fiscales.gob",NO RELEVANTE,Fiscales.gob.ar,"Fri, 17 Jan 2025 20:34:56 GMT",https://news.google.com/rss/articles/CBMigAJBVV95cUxPLTdCMEtmMS1UWFFVNzA3SmRZSUdPTURmLVVwbGhoR2l6RnN1WTdFOVBDbXJDVnJfdk1FdFZ6eUVqX3NjM2M5YVhRbXdnVENPM0ZRbkdWa1FQNHdsaTZwWV81NjZ1Zm9kSkZyLUpQYVE3Tk5MejlRZ3Bpb0V4ZUFZbnFTVV9mb015Yzl4OGxrNDlYM0NTQ0NsN0FqQllGRTJSUUNxMHdyekl4Y2dtaW5LZHBnY1VNTlFnM1M1Wkc0WThpRFJMR3JTMDE2MkF6RGIwVnc4OFlQSUFTelVuVy13NWZCSURVMkF3SUc3eWRwSnBIQ0EwYWdXeFZjbHFSQjI1?oc=5&hl=en-US&gl=US&ceid=US:en
606,DETENIDA POR VENDER DROGAS EN LA ZONA DE ONCE - Ministerio Público Fiscal de la Ciudad,NO RELEVANTE,,,
607,Liberaron al fotógrafo de La Plata que había sido detenido en medio de las protestas contra la reforma laboral - 0221,NO RELEVANTE,0221.com.ar,"Thu, 12 Feb 2026 15:22:00 GMT",https://www.0221.com.ar/la-plata/liberaron-al-fotografo-la-plata-que-habia-sido-detenido-medio-las-protestas-contra-la-reforma-laboral-n123561
608,Cine Gaumont: la manifestación en defensa del INCAA fue reprimida por la policía y hay detenidos - Perfil,NO RELEVANTE,Perfil.com,"Thu, 14 Mar 2024 22:45:42 GMT",https://www.perfil.com/noticias/actualidad/cine-gaumont-la-manifestacion-en-defensa-del-incaa-fue-reprimida-por-la-policia-y-hay-detenidos.phtml
609,"Represión en Jujuy: informe registró ""uso desproporcionado de la fuerza"" - Ambito",NO RELEVANTE,ámbito.com,"Wed, 30 Aug 2023 17:01:00 GMT",https://www.ambito.com/informacion-general/represion-jujuy-informe-registro-uso-desproporcionado-la-fuerza-n5808548
610,Repudio a la represión de la policía porteña durante los festejos en el obelisco - Diario El Independiente,NO RELEVANTE,El Independiente Argentina,"Tue, 13 Dec 2022 00:00:00 GMT",https://elindependiente.com.ar/pagina.php?id=331308
611,“Primero a jubilados”: denuncian brutal represión policial en protesta contra la reforma laboral de Milei - elciudadano.com,NO RELEVANTE,El Ciudadano,"Thu, 12 Feb 2026 08:21:00 GMT",https://www.elciudadano.com/latinoamerica/primero-a-jubilados-denuncian-brutal-represion-policial-en-protesta-contra-la-reforma-laboral-de-milei/02/12/
612,Autoconvocados regresaron a la casa de Cristina Kirchner tras la represión y el desalojo policial - Cubahora,NO RELEVANTE,Cubahora,"Mon, 16 Jun 2025 08:00:00 GMT",https://www.cubahora.cu/del-mundo/autoconvocados-regresaron-a-la-casa-de-cristina-kirchner-tras-la-represion-y-el-desalojo-policial
613,Triple crimen: aceptaron las prisiones preventivas para los detenidos y la causa pasó a la Justicia Federal - Perfil,NO RELEVANTE,Perfil.com,"Thu, 30 Oct 2025 18:07:00 GMT",https://www.perfil.com/noticias/policia/triple-crimen-aceptan-el-pedido-de-prision-preventiva-para-los-detenidos-y-la-causa-esta-cerca-de-pasar-al-fuero-federal.phtml
614,Joel Ojeda de Gran Hermano fue detenido este jueves a la madrugada - TN,NO RELEVANTE,Todo Noticias,"Thu, 16 Oct 2025 13:46:34 GMT",https://tn.com.ar/show/famosos/2025/10/16/escandalo-con-joel-ojeda-de-gran-hermano-fue-detenido-este-jueves-a-la-madrugada/
615,Un hombre golpeó y secuestró a su novia en un hotel de Mar del Plata: lo detuvieron cuando intentaba escapar - TN,NO RELEVANTE,Todo Noticias,"Fri, 11 Jul 2025 20:45:19 GMT",https://tn.com.ar/policiales/2025/07/11/un-hombre-golpeo-y-secuestro-a-su-novia-en-un-hotel-de-mar-del-plata-lo-detuvieron-cuando-intentaba-escapar/
616,Desmantelaron un laboratorio clandestino que producía 14 mil pastillas de éxtasis en Sarandí: hay dos detenidos - TN,NO RELEVANTE,Todo Noticias,"Tue, 29 Jul 2025 17:43:01 GMT",https://tn.com.ar/policiales/2025/07/29/clausuraron-un-laboratorio-clandestino-que-producia-14-mil-pastillas-de-extasis-en-sarandi-hay-dos-detenidos/
617,El primer detenido por la tragedia en Parque Chacabuco ya había caído 3 veces por robo - Perfil,NO RELEVANTE,Perfil.com,"Fri, 11 Apr 2025 14:11:04 GMT",https://www.perfil.com/noticias/policia/quien-es-el-primer-detenido-por-la-tragedia-en-parque-chacabuco-que-ya-habia-ido-preso-tres-veces-por-robo.phtml
618,Un Policía de la Ciudad fue detenido acusado de pedofilia y de distribución de pornografía infantil - Semanario Actualidad,NO RELEVANTE,Semanario Actualidad,"Wed, 09 Apr 2025 01:26:10 GMT",https://semanarioactualidad.com.ar/un-policia-de-la-ciudad-fue-detenido-acusado-de-pedofilia-y-de-distribucion-de-pornografia-infantil/
619,"Está cerca de Buenos Aires, se muestra detenido en el tiempo y es un pueblito colonial hermoso - C5N",NO RELEVANTE,C5N,"Wed, 23 Jul 2025 11:00:00 GMT",https://www.c5n.com/lifestyle/esta-cerca-buenos-aires-se-muestra-detenido-el-tiempo-y-es-un-pueblito-colonial-hermoso-n208519
620,"Jugó en el Ascenso, es cantante de reggaeton y fue detenido por robar casas - TyC Sports",NO RELEVANTE,TyC Sports.com,"Thu, 28 Aug 2025 01:44:15 GMT",https://www.tycsports.com/interes-general/jugo-en-el-ascenso-es-cantante-de-reggaeton-y-fue-detenido-por-robar-casas-id682471.html
621,Siete prófugos fueron detenidos cuando fueron a votar - Radio Dos Corrientes,NO RELEVANTE,radiodos.com.ar,,https://www.radiodos.com.ar/199409-siete-profugos-fueron-detenidos-cuando-fueron-a-votar
622,Policía porteño detenido por abusar de un niño de 10 años y difundir las imágenes por internet - Perfil,NO RELEVANTE,Perfil.com,"Wed, 09 Apr 2025 12:34:26 GMT",https://www.perfil.com/noticias/policia/un-policia-de-la-ciudad-fue-detenido-por-abusar-de-un-nino-de-diez-anosy-difundir-las-imagenes-por-internet.phtml
623,"Más de 300 heridos, 31 detenidos y 70 demorados para blindar la reforma laboral - Página|12",NO RELEVANTE,Pagina 12,"Thu, 12 Feb 2026 03:01:00 GMT",https://www.pagina12.com.ar/2026/02/12/mas-de-300-heridos-31-detenidos-y-70-demorados-para-blindar-la-reforma-laboral/
624,La represión de Falcón y la venganza de Radowitzky: historias detrás del 1 de mayo - Diario Digital Conclusión,NO RELEVANTE,Diario Digital Conclusión,"Mon, 01 May 2023 14:00:51 GMT",https://www.conclusion.com.ar/info-general/la-represion-de-falcon-y-la-venganza-de-radowitzky-historias-detras-del-1-de-mayo/05/2023/
625,Narcos vip: dos sanjuaninos detenidos por la Policía Federal - Diario Huarpe,NO RELEVANTE,diariohuarpe,"Sat, 07 Sep 2024 00:37:35 GMT",https://www.diariohuarpe.com/nota/la-pfa-detuvo-a-dos-sujetos-por-intentar-vender-pastillas-de-extasis--20249621370
626,"Argentina. Vallas, megaoperativo policial y represión a lxs jubiladxs (+Fotos y videos) - Resumen Latinoamericano -",NO RELEVANTE,Resumen Latinoamericano,"Wed, 22 Oct 2025 21:01:09 GMT",https://www.resumenlatinoamericano.org/2025/10/22/argentina-vallas-megaoperativo-policial-y-represion-a-lxs-jubiladxs-fotos-y-videos/
627,Represión policial en el Congreso en la marcha de jubilados - Diario Norte,NO RELEVANTE,diarionorte.com,,https://www.diarionorte.com/292659-represion-policial-en-el-congreso-en-la-marcha-de-jubilados
628,"Ciudad de Buenos Aires. Represión, la otra cara del ajuste de Macri y el FMI - La Izquierda Diario",NO RELEVANTE,La Izquierda Diario,"Sat, 01 Sep 2018 03:06:11 GMT",https://www.laizquierdadiario.com/Represion-la-otra-cara-del-ajuste-de-Macri-y-el-FMI
629,Un manifestante de Berazategui perdió la visión de un ojo por la represión en CABA - Infosur Diario,NO RELEVANTE,"Infosur Diario - Estamos cerca, informamos mejor","Tue, 16 Apr 2024 14:27:41 GMT",https://infosurdiario.com.ar/un-manifestante-de-berazategui-perdio-la-vision-de-un-ojo-por-la-represion-en-caba/
630,Represión a trabajadores en la Legislatura porteña tras la sanción de la nueva ley de Enfermería - Ambito,NO RELEVANTE,ámbito.com,"Thu, 28 Nov 2024 16:27:00 GMT",https://www.ambito.com/informacion-general/represion-trabajadores-la-legislatura-caba-la-sancion-la-nueva-ley-enfermeria-n6087265
631,"Cayó una red de pedofilia y detuvieron a 17 personas en CABA, Santa Fe y otras 13 provincias - El Litoral",NO RELEVANTE,El Litoral,"Wed, 16 Nov 2022 01:51:00 GMT",https://www.ellitoral.com/sucesos/material-abuso-sexual-infantil-argentina-detenidos-buenos-aires-santa-fe-cordoba-entre-rios-emiliano-gatti-pedofilia_0_dskVBL5edu.html
632,CABA: la Procuración alertó sobre la situación de las personas detenidas en comisarías y alcaidías - Tiempo Argentino,NO RELEVANTE,Tiempo Argentino,"Thu, 28 Jul 2022 16:14:47 GMT",https://www.tiempoar.com.ar/ta_article/caba-la-procuracion-alerto-sobre-la-situacion-de-las-personas-detenidas-en-comisarias-y-alcaidias/
633,Un camionero simuló un secuestro para quedarse con la carga y terminó detenido: el detalle que lo delató - La Voz del Interior,NO RELEVANTE,La Voz del Interior,"Mon, 01 Dec 2025 22:05:07 GMT",https://www.lavoz.com.ar/sucesos/un-camionero-simulo-un-secuestro-para-quedarse-con-la-carga-y-termino-detenido-el-detalle-que-lo-delato/
634,Viajaban desde Córdoba a CABA para robar celulares en fiestas electrónicas y fueron detenidos - Infobae,NO RELEVANTE,infobae,"Wed, 28 May 2025 12:59:00 GMT",https://www.infobae.com/sociedad/policiales/2025/05/28/viajaban-desde-cordoba-a-caba-para-robar-celulares-en-fiestas-electronicas-y-fueron-detenidos/
635,El detenido en Buenos Aires por el femicidio de Piedra del Águila está internado y no será trasladado a Neuquén - Diario Río Negro,NO RELEVANTE,Diario Río Negro,"Thu, 27 Mar 2025 13:19:00 GMT",https://www.rionegro.com.ar/justicia/el-detenido-en-buenos-aires-por-el-femicidio-en-piedra-del-aguila-esta-internado-y-no-sera-trasladado-a-neuquen-4062456/
636,"Salidera fatal en Núñez: un policía retirado se enfrentó a motochorros, mató a uno y quedó detenido - Canal26",NO RELEVANTE,Canal26,"Tue, 04 Nov 2025 12:07:00 GMT",https://www.canal26.com/policiales/2025/11/04/salidera-fatal-en-nunez-un-policia-retirado-se-enfrento-a-motochorros-mato-a-uno-y-quedo-detenido/
637,Cómo son los nuevos módulos para alojar a los detenidos en la Ciudad - Buenos Aires Ciudad,NO RELEVANTE,google.com,,https://news.google.com/rss/articles/CBMiowFBVV95cUxNVXhRVHc1R3kwMi1VMjh4SzZ2M25oWUZ1dkZHQjRzcWUxWThCY0RhejQ2R3dhY3RzWFBIMXF6amgyV05SaF9VZUQ3OVRoajhLZVN1U1FzTFN1T1Via1djUjcxQjMzTTU0MDlwSmFwaEI3SDR0QThiYnNUMDh1U2FxQTVXOGpYM3U3anQ4cjZvNGlrOGhWUWlOREhTbjhsU3hOMmU0?oc=5&hl=en-US&gl=US&ceid=US:en
638,Recorrida por la División Alcaidía y Traslado de Detenidos CC12 - consejo.jusbaires.gob.ar,NO RELEVANTE,jusbaires.gob.ar,"Wed, 28 Aug 2024 19:18:23 GMT",https://consejo.jusbaires.gob.ar/recorrida-por-la-division-alcaidia-y-traslado-de-detenidos-cc12/
639,Tensión y gases en Córdoba: Laura Vilches denunció represión policial - Cadena 3 Argentina,NO RELEVANTE,Cadena 3 Argentina,"Wed, 11 Feb 2026 19:28:00 GMT",https://www.cadena3.com/amp/noticia/informados-al-regreso/tension-y-gases-en-cordoba-laura-vilches-denuncio-represion-policial_518615
640,Marcha de jubilados: un reportero gráfico fue herido de gravedad durante la represión policial - Ambito,NO RELEVANTE,ámbito.com,"Wed, 12 Mar 2025 20:01:00 GMT",https://www.ambito.com/informacion-general/marcha-jubilados-un-reportero-grafico-fue-herido-gravedad-la-represion-policial-n6122742
641,Detuvieron a seis ladrones en un edificio de Recoleta: cuatro son de nacionalidad colombiana - Infobae,NO RELEVANTE,infobae,"Mon, 23 Dec 2024 19:51:00 GMT",https://www.infobae.com/sociedad/policiales/2024/12/24/detuvieron-a-seis-ladrones-en-un-edificio-de-recoleta-cuatro-son-de-nacionalidad-colombiana/
642,Detuvieron estafadores que delinquieron en Concepción del Uruguay - Uno Entre Rios,NO RELEVANTE,Unoentrerios,"Fri, 15 Mar 2024 22:06:00 GMT",https://www.unoentrerios.com.ar/policiales/detuvieron-estafadores-que-delinquieron-concepcion-del-uruguay-n10123825.html
643,"Detuvieron en un hotel porteño a “Leo Rey”, un capo narco que era aliado de Los Monos en Rosario - TN",NO RELEVANTE,,,
644,Detuvieron en Buenos Aires a Monchi Cantero - El Litoral,NO RELEVANTE,El Litoral,"Mon, 06 Jun 2016 10:17:00 GMT",https://www.ellitoral.com/sucesos/detuvieron-buenos-aires-monchi-cantero_0_53i5f62ijJ.html
645,Detuvieron en Buenos Aires a dos adherentes del grupo terrorista Hezbollah con gran cantidad de armas - Infobae,NO RELEVANTE,infobae,"Thu, 15 Nov 2018 10:34:00 GMT",https://www.infobae.com/sociedad/policiales/2018/11/15/detuvieron-a-dos-adherentes-del-grupo-terrorista-hezbollah-en-buenos-aires-con-gran-cantidad-de-armas/
646,Detuvieron a un grupo de barras de Nacional de Uruguay por los incidentes en la cancha de Huracán antes del clásico con San Lorenzo - TN,NO RELEVANTE,Todo Noticias,"Tue, 25 Feb 2025 00:42:40 GMT",https://tn.com.ar/deportes/futbol/2025/02/24/detuvieron-a-un-grupo-de-barras-de-nacional-de-uruguay-que-participaron-de-la-pelea-en-la-tribuna-de-huracan/
647,Una joven fue detenida por intentar robarle el celular a otra mujer - El Día de Gualeguaychú,NO RELEVANTE,Editorial El Dia SRL,"Wed, 16 Oct 2024 22:45:00 GMT",https://www.eldiaonline.com/una-joven-fue-detenida-por-intentar-robarle-el-celular-a-otra-mujer
648,Repudiamos la represión a docentes y jubiladas/os frente al Congreso de la Nación - SUTEF,NO RELEVANTE,SUTEF,"Thu, 04 Apr 2024 19:48:02 GMT",https://sutef.org/repudiamos-la-represion-a-docentes-y-jubiladas-os-frente-al-congreso-de-la-nacion/
649,Patricia Bullrich criticó el accionar del gobierno porteño durante la represión policial - Comercio y Justicia,NO RELEVANTE,Comercio y Justicia,"Mon, 29 Aug 2022 11:15:43 GMT",https://news.google.com/rss/articles/CBMiyAFBVV95cUxPaEtzQUtrZGZkSGFoNXh5VHVfSzJmOXRfbWVHaGtPeGVSUXF4Q3BHakxIMGw2TDRBbzIxMUV2cGgxTVB3QlZ2ZEtwV0ZOVWVOTUhaMlBrVVptV2ZTR3NSR1VsbXpoeGl6eVBPUVdTX3hyc255OEZSczdpUXY2OXhLZ0I1dVpUZkRpdVM1ZkpTQUh3WnNnZDB5dmZuUzZ4M0JLNXFEcEppODhud1pWRjlSZDRSbjNHdWliV3R3TzczbmEwQXdIby1lMQ?oc=5&hl=en-US&gl=US&ceid=US:en
650,La represión policial en la Ciudad tiene un nuevo objetivo: los senegaleses - Tiempo Argentino,NO RELEVANTE,Tiempo Argentino,"Sun, 24 Jun 2018 03:00:00 GMT",https://www.tiempoar.com.ar/ta_article/la-represion-policial-en-la-ciudad-tiene-un-nuevo-objetivo-los-senegaleses/
651,«Uno de los sectores que más se enfrentó a la represión policial fue el movimiento estudiantil» - El Grito del Sur,NO RELEVANTE,El Grito del Sur,"Mon, 20 Dec 2021 21:45:01 GMT",https://news.google.com/rss/articles/CBMixwFBVV95cUxQejg0b21LN1Z0bXNYY3IzR3dhQzNZbzFOM0t3aEhMcE5SbnoxUUR3V3MtMHRBd0dHbGdPUlBCeWt1OXBiOFVLelVSOVhNdDUyNmphZTJ6TjZBbXRLOWR3QU1XRmRNOFpHejhZMVJVQUE4X2pjaVlLZVl0ZkM5N0d4cVZPbzFXa3pURmdqNmFrT0hBaGZDcVhMUXVsVlRrNUp3Ni1Bc3llMF9xRGFTdldMX1R0NUhzWWI0eWl3eWZxR19XbVotSFQw?oc=5&hl=en-US&gl=US&ceid=US:en
652,"Ciudad de Buenos Aires. La Ciudad de Larreta: persecución, represión y control social - laizquierdadiario.mx",NO RELEVANTE,La Izquierda Diario,"Wed, 16 Oct 2019 04:50:35 GMT",https://www.laizquierdadiario.mx/La-Ciudad-de-Larreta-persecucion-represion-y-control-social
653,En imágenes: así fue la brutal represión y las detenciones en la 9 de Julio - La Izquierda Diario,NO RELEVANTE,La Izquierda Diario,"Wed, 10 Apr 2024 13:25:00 GMT",https://www.laizquierdadiario.com/En-imagenes-asi-fue-la-brutal-represion-y-las-detenciones-en-la-9-de-Julio
654,Casi 9000 personas fueron asesinadas por el aparato represivo del Estado desde 1983 - Página|12,NO RELEVANTE,Pagina 12,,https://www.pagina12.com.ar/532789-casi-9000-personas-fueron-asesinadas-por-el-aparato-represiv/
655,Maestros argentinos a huelga nacional en repudio a represión - DW.com,NO RELEVANTE,Deutsche Welle,"Tue, 11 Apr 2017 09:31:41 GMT",https://www.dw.com/es/maestros-argentinos-a-huelga-nacional-en-repudio-a-represi%C3%B3n/a-38378133
656,Cuarentena: 92 personas asesinadas por el aparato represivo estatal - CORREPI,NO RELEVANTE,CORREPI,"Sun, 16 Aug 2020 02:00:38 GMT",https://www.correpi.org/2020/los-datos-de-la-represion-en-pandemia-al-9-8-2020/
657,Las caras de la represión - Página|12,NO RELEVANTE,Pagina 12,"Sat, 18 Mar 2017 04:11:44 GMT",https://www.pagina12.com.ar/26396-las-caras-de-la-represion/
658,Represión policial continúa en segunda jornada de protestas en Argentina - Fuser News,NO RELEVANTE,Fuser News,,https://fusernews.com/
659,REPRESIÓN EN EL CONGRESO. Macri descargó su odio de clase contra la multitud movilizada - La Izquierda Diario,NO RELEVANTE,La Izquierda Diario,"Tue, 19 Dec 2017 07:12:57 GMT",https://www.laizquierdadiario.com/Macri-descargo-su-odio-de-clase-contra-la-multitud-movilizada
660,A un año del gobierno de Milei: resumen de la represión a la protesta social - Tiempo Argentino,NO RELEVANTE,Tiempo Argentino,"Fri, 13 Dec 2024 19:24:28 GMT",https://www.tiempoar.com.ar/informacion-general/gobierno-milei-represion-protesta/
661,REPRESIÓN EN EL CONGRESO. [VIDEO] Gravísimo: Policía de la Ciudad tira piedras contra comercios y culpa a manifestantes - La Izquierda Diario,NO RELEVANTE,La Izquierda Diario,"Thu, 01 Nov 2018 03:00:10 GMT",https://www.laizquierdadiario.com/VIDEO-Gravisimo-Policia-de-la-Ciudad-tira-piedras-contra-comercios-y-culpa-a-manifestantes
662,Represión en Congreso: hubo 20 detenidos - Página|12,NO RELEVANTE,Pagina 12,"Sat, 03 Feb 2024 15:23:28 GMT",https://www.pagina12.com.ar/709768-represion-en-congreso-hay-20-detenidos/
663,Un trabajador despedido de AYSA es atropellado por una camioneta en marco de la represión en el Gaumont - La Izquierda Diario,NO RELEVANTE,La Izquierda Diario,"Fri, 15 Mar 2024 12:35:51 GMT",https://www.laizquierdadiario.com/Un-trabajador-despedido-de-AYSA-es-atropellado-por-una-camioneta-en-marco-de-la-represion-en-el
664,"Patricia Bullrich sobre la represión policial en Recoleta: ""Somos responsables de la calle"" - Ambito",NO RELEVANTE,ámbito.com,"Sun, 28 Aug 2022 22:50:00 GMT",https://www.ambito.com/politica/patricia-bullrich/la-represion-policial-recoleta-somos-responsables-la-calle-n5521109
665,Calles encendidas de represión y detenciones en la Plaza Congreso - Diario Huarpe,NO RELEVANTE,diariohuarpe,"Thu, 12 Feb 2026 02:08:34 GMT",https://www.diariohuarpe.com/nota/operativo-policial-que-termino-en-una-brutal-represion-fuera-del-congreso-202621122570
666,Reforma laboral: La dura represión policial produjo heridos y detenidos - ENREDACCIÓN,NO RELEVANTE,ENREDACCIÓN - Córdoba - Argentina,"Thu, 12 Feb 2026 03:07:26 GMT",https://enredaccion.com.ar/reforma-laboral-la-dura-represion-policial-produjo-heridos-y-detenidos/
667,Argentina. Del odio digital a la represión estatal en Buenos Aires - Resumen Latinoamericano -,NO RELEVANTE,,,
668,Incidentes y represión frente al Congreso durante la movilización contra la reforma laboral - Codigo Baires,NO RELEVANTE,Codigo Baires,"Wed, 11 Feb 2026 19:10:00 GMT",https://www.codigobaires.com.ar/2026-02-11/incidentes-y-represion-frente-al-congreso-durante-la-movilizacion-contra-la-reforma-laboral-246484/
669,Ronda de jubilados: provocación policial y represión - argentina.indymedia.org,NO RELEVANTE,Indymedia Argentina Centro de Medios Independientes (( i )),"Thu, 22 Jan 2026 16:58:18 GMT",https://argentina.indymedia.org/2026/01/22/ronda-de-jubilados-provocacion-policial-y-represion/
670,Hubo represión policial en la marcha de los jubilados frente al Congreso - elpaisdiario.com.ar,NO RELEVANTE,El País Diario,"Wed, 04 Feb 2026 21:21:28 GMT",https://news.google.com/rss/articles/CBMisgFBVV95cUxOdGpNaGJHV05qYzVpYjNDZjVBOEswWDJuRmJ4VGxDX1pnOElRMUwtUGpJMWExWDc2dnViRm43UTBZbG05ZHE2SmFraGJZdlJubXZnMWl2NmU2VHUtN29OVnNqX3NvQUczSXh5MFpqMWlBdDQ3ZHdVdi1CU25jck9fZG5BbkRZUjNIcTZTOWU3UlZNSXBVam82ZFZZWWNjVmlQSzFwVUo4RVRNU1VvYWxnVXZ3?oc=5&hl=en-US&gl=US&ceid=US:en
671,Reportan el aumento de la represión policial en Argentina - teleSUR,NO RELEVANTE,TeleSURtv.net,"Tue, 13 Jan 2026 09:50:04 GMT",https://www.telesurtv.net/argentina-aumento-represion-manifestaciones/
672,Nueva represión policial a la marcha frente al Congreso en medio del debate por el Presupuesto 2026 - La Gaceta,NO RELEVANTE,La Gaceta,"Thu, 18 Dec 2025 00:00:00 GMT",https://www.lagaceta.com.ar/nota/1117259/politica/nueva-represion-policial-marcha-frente-al-congreso-medio-debate-presupuesto-2026.html
673,Nueva represión policial en la marcha de los jubilados de este miércoles en la Plaza del Congreso - 11Noticias,NO RELEVANTE,11Noticias,"Wed, 30 Jul 2025 21:10:11 GMT",https://news.google.com/rss/articles/CBMi5gFBVV95cUxQSmF1cmtqNU5VX29ZeXRSODItcFpvR0FDZjBVdzQtd0FRTk1OMFpkSGxDVkE1VTg3VWh6YUVOR3hJVDhZN0czX09nYVZMMXd4TFZmZXBWOG9ZY3RiOGpPMVZtaGs3dmM4OTFRT1I4bGRyTllmUXotejV3TjZuVlBXcjRPZWpQTzJsbnkzUlduN0xVSDlHeV9OOEcwd3FScVlneWJoeDlYS3ZQNGhJeFRoN1JCZ1pYWFRiUERiR2h3VU4zTUhKM1RLbC1WQ2NTeGhNV0xXREt6NF9JVlBJeDVxTjBGRGlTd9IB6wFBVV95cUxOQ24xY3Y2VlozT19vY0dRSzgyX3Uxc1ZXaTdad1pXbVZ6OW10TWxWZDJUMzJnUnZ5R3FkUUZJcFBLbzItU0JOdmhzWU03UWVQcmNCSldzcXZwckZNWVlySldPaVc4X1BwcXRVQWctNkx1c2MtY0gtVTdXMUY3S0NyVE85VFNMZ2c4WlpkampKbnVzXzd2VzFxMURqS1hMZTVrU0tBOXRGVEZtMHRHcnBRZWN2eWs5czF0VUJ0OW81SW9saGJkUzF2WHBKZHV1ekQyN2JJVGlwWmtXSWxUT29VYVBnSkxETVF0eUNF?oc=5&hl=en-US&gl=US&ceid=US:en
674,¿Cuántos muertos hubo por la represión en la crisis del 2001? | Infocielo - Infocielo,NO RELEVANTE,Infocielo | Toda la provincia en un solo lugar,"Fri, 17 Dec 2021 00:12:00 GMT",https://news.google.com/rss/articles/CBMiqgFBVV95cUxNNEw3WjFfYVVSWExaNngyQ2FJM1BvTjZNV1ZkcnNPLUNSSUZsOUx0VV9acXBOcUhrU2xaM0JkVjdGOVJMN3F3QjNlb1dBSEFTWF9SRWlyblg1V1pzcTRLRG4wZURPbGlyX29qRDA3VXVnMGFWMjNIbXRzektvV3cta0JMVEU2T1FwZ2VPSUFJMjNpampKU3FnZENSbzNWLTNoWUFFeE15dlBKUdIBrwFBVV95cUxObDJUWEFYbE5OUkN2LVRsWnlsQlhfN09pczFwZzlLQnRBNXRpVG1pQXZVNU84T2ZMY0JLV3kxTzBhRDhGTXEzVS1qcVFGLTM3aTc0NGJiNWI2MWo5eWRXcW9keUlqNEtGdmlDSE8xM3haNHZLMGdaUDNzc2oyM25FNUppMDVfSXZZMUMwblhfN0k4MktfejFZR1dRbW43YXBkbzliX1V6Rm4ybkc3OGdv?oc=5&hl=en-US&gl=US&ceid=US:en
675,Cómo se construyó el show represivo que derivó en un cacerolazo espontáneo en Plazo de Mayo - Tiempo Argentino,NO RELEVANTE,,,
676,Una protesta de jubilados argentinos desata la mayor represión del Gobierno de Milei - EFE - Agencia de noticias,NO RELEVANTE,EFE,"Thu, 13 Mar 2025 04:15:35 GMT",https://efe.com/mundo/2025-03-13/represion-protesta-jubilados-argentina/
677,Lilia Lemoine habló de la represión en el Congreso y no descartó que pueda haber muertos en otras protestas - 0221,NO RELEVANTE,0221.com.ar,"Fri, 14 Mar 2025 14:51:00 GMT",https://www.0221.com.ar/nacional/lilia-lemoine-hablo-la-represion-el-congreso-y-no-descarto-que-pueda-haber-muertos-otras-protestas-n106602
678,Marcha de los jubilados: 39 detenidos y 5 policías heridos durante el fuerte operativo de seguridad desplegado por el Gobierno - Infobae,NO RELEVANTE,infobae,"Thu, 20 Mar 2025 17:30:00 GMT",https://www.infobae.com/sociedad/policiales/2025/03/20/marcha-de-los-jubilados-39-detenidos-y-5-policias-heridos-durante-el-fuerte-operativo-de-seguridad-desplegado-por-el-gobierno/
679,"Qué dice el parte médico sobre la salud del fotógrafo Pablo Grillo, herido en la brutal represión - Página|12",NO RELEVANTE,Pagina 12,"Thu, 13 Mar 2025 12:36:01 GMT",https://www.pagina12.com.ar/810425-que-dice-el-parte-medico-sobre-la-salud-del-fotografo-pablo-/
680,Represión a jubilados y agresión policial a una niña: denunciaron a Patricia Bullrich por abuso de la autoridad - Página|12,NO RELEVANTE,Pagina 12,"Fri, 13 Sep 2024 15:59:56 GMT",https://www.pagina12.com.ar/767145-represion-a-jubilados-y-agresion-policial-a-una-nina-denunci/
681,Monitoreo de un año de represión a la protesta social - FM La Tribu,NO RELEVANTE,La Tribu Noticias,"Fri, 20 Dec 2024 00:00:00 GMT",https://fmlatribu.com/noticias/monitoreo-de-un-ano-de-represion-a-la-protesta-social/
682,Represión policial en el Obelisco: un muerto y varios detenidos - Página|12,NO RELEVANTE,Pagina 12,"Thu, 10 Aug 2023 21:19:02 GMT",https://www.pagina12.com.ar/576638-represion-policial-en-el-obelisco/
683,"Archivo 2020: las necesidades del pueblo son esenciales, ¡la represión NO! - CORREPI",NO RELEVANTE,CORREPI,"Sat, 19 Dec 2020 03:41:08 GMT",https://www.correpi.org/2020/archivo-2020-las-necesidades-del-pueblo-son-esenciales-la-represion-no/
684,Detenidos por protestar: el gobierno argentino aumenta la represión de las manifestaciones sociales - EL PAÍS,NO RELEVANTE,elpais.com,,https://elpais.com/argentina/2024-06-24/detenidos-por-protestar-el-gobierno-argentino-aumenta-la-represion-de-las-manifestaciones-sociales.html
685,Reprimen en Buenos Aires protesta contra reforma laboral de Milei; al menos 15 detenidos - La Jornada,NO RELEVANTE,jornada.com.mx,,https://www.jornada.com.mx/noticia/2026/02/11/mundo/represion-en-buenos-aires-contra-cientos-que-rechazaban-reforma-laboral-de-milei
686,Megaoperativo en Villa Fiorito: cayó una banda de motochorros con 26 detenidos - Ambito,NO RELEVANTE,ámbito.com,"Mon, 09 Feb 2026 17:31:00 GMT",https://www.ambito.com/informacion-general/megaoperativo-villa-fiorito-cayo-una-banda-motochorros-26-detenidos-n6243956
687,Operativo en canchas: 41 trapitos demorados y un prófugo detenido - Diario El Norte - San Nicolás,NO RELEVANTE,diarioelnorte.com.ar,,https://diarioelnorte.com.ar/operativo-en-canchas-41-trapitos-demorados-y-un-profugo-detenido/
688,Un motociclista murió tras chocar contra un camión detenido en la Panamericana - Que Pasa Web,NO RELEVANTE,Que Pasa Web,"Tue, 10 Feb 2026 10:52:45 GMT",https://news.google.com/rss/articles/CBMirgFBVV95cUxOTllfNGdnTm05YTZ0SVlxaWU0NmtRRWZZdmcyS1JaVnkzM1k5WWJFNl9RVGl6b3RMdHc0OW5HMHhlX1ZBNWFCYzAzcmY1N19PWm5VeENEaThSNXI1WTZ4bms2TkJKbERNcFhfMjY2b1FFWmdmUGlPYzlIRzBQUmVyOGJTU1hya3dscEx5eExybXhFXzFsN3g1YnNpWElQYWZEYXFlaG1DNHp4V2ZkMUE?oc=5&hl=en-US&gl=US&ceid=US:en
689,Atentado contra CFK: detectaron que el teléfono de Sabag Montiel estuvo activo en un shopping mientras estaba detenido - Infobae,NO RELEVANTE,infobae,"Mon, 02 Feb 2026 12:57:00 GMT",https://www.infobae.com/judiciales/2026/02/02/atentado-contra-cfk-detectaron-que-el-telefono-de-sabag-montiel-estuvo-activo-en-un-shopping-mientras-estaba-detenido/
690,¿Cuántos detenidos hubo en 2025 por caer como En el Secreto de sus Ojos? - Olé,NO RELEVANTE,Diario Olé,"Tue, 25 Nov 2025 18:43:04 GMT",https://www.ole.com.ar/informacion-general/secreto-ojos-oscar-filme_0_ki93stdMli.html
691,Un policía de la Ciudad de Buenos Aires fue detenido con un arma en la frontera con Chile - Diario UNO,NO RELEVANTE,Diario Uno,"Wed, 14 Jan 2026 21:31:00 GMT",https://www.diariouno.com.ar/policiales/un-policia-la-ciudad-buenos-aires-fue-detenido-arma-la-frontera-chile-n1517448
692,"Turismo. Jeppener, el pueblo bonaerense detenido en el tiempo que invita a desconectar - La Voz del Interior",NO RELEVANTE,La Voz del Interior,"Fri, 24 Oct 2025 20:08:13 GMT",https://www.lavoz.com.ar/servicios/jeppener-el-pueblo-bonaerense-detenido-en-el-tiempo-que-invita-a-desconectar/
693,Detuvieron a un hombre acusado de liderar una organización que cometía estafas con la compra y venta de automóviles - Fiscales.gob,NO RELEVANTE,Fiscales.gob.ar,"Fri, 06 Jun 2025 14:45:00 GMT",https://news.google.com/rss/articles/CBMi6gFBVV95cUxOVHR3VEJ5aGxWSEZoeFVKa3NRVFJLTGhjUzhsMkthTDZXdnVPTHNlR3MzS21saFpGUTltclNiVFMwdXA2UE13ZVh3TkhTWmxiVGEwMWQ0Rk9PeThNOTRVLWNFVjdyajlJV3RSRUJoSi1PRmtidXZYLS1xWTBIZ0pla29CREdUUHVGYjdXTXZ4Q3pSMEVUTjhCYWpOdURVODZqa1Uzc1BvQmRuVGJ3bENhTnBiUmZsOC1aMXlNSGYzVldFUHVKazVDWHZ4WmhpZ0RGRld3RkVDaTdxUXdVMkVySUs5ZTZEZV9ha2c?oc=5&hl=en-US&gl=US&ceid=US:en
694,El gobierno lleva al menos 180 detenidos por manifestarse - Página|12,NO RELEVANTE,Pagina 12,"Tue, 15 Jul 2025 22:21:33 GMT",https://www.pagina12.com.ar/842216-el-gobierno-lleva-al-menos-180-detenidos-por-manifestarse/
695,Cuatro prófugos fueron detenidos el fin de semana cuando fueron a la cancha a ver a sus equipos - La Nación,NO RELEVANTE,La Nacion,"Mon, 21 Jul 2025 12:20:45 GMT",https://www.lanacion.com.ar/seguridad/presos-de-una-pasion-cuatro-profugos-fueron-detenidos-el-fin-de-semana-cuando-fueron-a-la-cancha-a-nid21072025/
696,El jubilado chaqueño acusado de amenazar a Milei sigue detenido y sería juzgado el año próximo - Litigio Periodismo Judicial,NO RELEVANTE,Litigio,"Thu, 06 Nov 2025 13:09:05 GMT",https://litigio.com.ar/2025/11/06/jubilado-chaqueno-cumplio-cuatro-meses-detenido-acusado-de-amenazar-a-milei-lo-juzgarian-el-ano-proximo/
697,Lowrdes Fernández hallada en Palermo tras operativo policial: su pareja quedó detenido - Cba24n,NO RELEVANTE,Cba24n,"Fri, 24 Oct 2025 11:33:00 GMT",https://www.cba24n.com.ar/argentina/lowrdes-fernandez-hallada-en-palermo-tras-operativo-policial--su-pareja-quedo-detenido_a68fb7e9ac453b5818f0ad7e9
698,Un detenido y cuatro allanamientos en Ciudad de Buenos Aires por apuestas ilegales - Diario El Norte - San Nicolás,NO RELEVANTE,diarioelnorte.com.ar,,https://diarioelnorte.com.ar/un-detenido-y-cuatro-allanamientos-en-ciudad-de-buenos-aires-por-apuestas-ilegales/
699,"Fue detenido el exconcursante de Gran Hermano, Joel Ojeda, por promocionar juegos de azar ilegales - Página|12",NO RELEVANTE,Pagina 12,"Thu, 16 Oct 2025 03:10:11 GMT",https://www.pagina12.com.ar/866339-fue-detenido-el-exconcursante-de-gran-hermano-joel-ojeda-por/
700,"Un hombre se atrincheró en la Catedral Metropolitana de Buenos Aires, provocó destrozos y terminó detenido - Infobae",NO RELEVANTE,infobae,"Wed, 26 Nov 2025 15:29:00 GMT",https://www.infobae.com/sociedad/2025/11/27/un-hombre-se-atrinchero-en-la-catedral-metropolitana-de-buenos-aires-provoco-destrozos-y-termino-detenido/
