Validado,Observaciones,Ubicación,es caba?,fecha del artículo,fecha del hecho,fuerzas de seguridad,nombres de personas
VALIDO,,"Lugano, Villa 20",Sí,"Sat, 27 Dec 2025 19:29:00 GMT",25 De Diciembre,"Policía Federal, Policía de la Ciudad","Juan Gabriel, Vanesa Valentini, Joel Riquelme, Evelyn Goncebat, Control Externo"
VALIDO,,Caballito,Sí,"Sat, 21 May 2022 03:01:00 GMT",7 De Febrero De 2015,Policía Metropolitana,"Roberto Autero, Capital Federal, Eugenio Sarrabayrouse, Daniel Morin, Pablo Rovatti"
NO RELEVANTE,,Barracas,Sí,"Tue, 23 Aug 2022 00:00:00 GMT",26 De Agosto,"Policía Bonaerense, Policía de la Ciudad","En Mar, Brandon Romero, Lucas Alvarez, Mariano Acosta, Victor Marquez Dos"
NO RELEVANTE,,-,No,"Thu, 08 Jan 2026 10:47:00 GMT",-,-,"Javier Marcano, Honor Presidencial, Contrainteligencia Militar, Estados Unidos"
NO RELEVANTE,,-,No,2026-03-12,-,-,"Barrio Matera, Diariolaprimera
Performing"
NO RELEVANTE,,CABA,Sí,"Mon, 27 Oct 2025 16:00:00 GMT",20 De Octubre,"Policía Bonaerense, Policía de la Ciudad","Fernando Garate, Responsabilidad Juvenil, Plaza Miserere, Sistema Federal, Capital Federal"
NO RELEVANTE,,Boedo,Sí,"Tue, 22 Aug 2023 08:51:00 GMT",27 De Febrero,Policía Bonaerense,"Capital Federal, Renault Sandero Stepway, Departamento Judicial"
NO RELEVANTE,,-,Sí,"Sat, 13 Dec 2025 17:26:00 GMT",-,-,"Capital Federal, Playa Magagna, Mario Giannobile"
NO RELEVANTE,,-,No,2026-03-12,-,-,Radio Dos Corrientes
NO RELEVANTE,,CABA,Sí,"Thu, 10 Jul 2025 12:54:00 GMT",-,"Gendarmería Nacional, Policía Bonaerense, Policía de la Ciudad","Volkswagen Saveiro, Estudios Forenses, Fiat Strada, Jeep Compass, Justicia Federal"
NO RELEVANTE,,"Flores, Mataderos",Sí,"Mon, 24 Mar 2025 00:00:00 GMT",-,Policía Federal,"Servicio Penitenciario, Justicia Federal, Monitoreo Municipales"
NO RELEVANTE,,CABA,Sí,"Tue, 02 Nov 2021 09:40:00 GMT",-,Policía de la Ciudad,"Acceso Norte, Acceso Oeste"
VALIDO,,-,No,"Wed, 04 Mar 2015 00:00:00 GMT",4 De Marzo,Policía de la Ciudad,"Capital Humano, Jorge Macri, Derechos Humanos, Myriam Bregman"
NO RELEVANTE,,-,Sí,"Tue, 13 Jan 2026 10:14:00 GMT",-,Gendarmería Nacional,Agencia Noticias Argentinas
NO RELEVANTE,,CABA,Sí,"Thu, 06 Feb 2025 20:22:00 GMT",-,Policía de la Ciudad,"Diario Registrado, Cristina Chang, Federico Quiroz, Doble Amarilla, Dra Karina Zucconi"
VALIDO,,Lugano,Sí,2026-03-11,-,-,-
VALIDO,,"Constitución, Villa 20",Sí,"Mon, 29 Dec 2025 10:09:00 GMT",25 De Diciembre,Policía de la Ciudad,"Jorge Macri, Secretaria General, Georgina Orellano, Juan Gabriel"
VALIDO,,-,No,2026-03-11,-,-,"Salta
Performing"
NO RELEVANTE,,Mataderos,Sí,"Wed, 11 Mar 2026 12:21:12 GMT",5 De Marzo,-,Gilera Smash
NO RELEVANTE,,-,No,"Sat, 13 Dec 2025 19:01:00 GMT",2 De Diciembre,Policía Federal,"Infobae
En, Federal Argentina, Abuso Sexual Infantil, General Viamonte, Tres Arroyos"
NO RELEVANTE,,"Constitución, Palermo",Sí,"Wed, 15 Oct 2025 13:13:00 GMT",-,Policía de la Ciudad,"Monitoreo Urbano, Virrey Cevallos, Casos Especiales, Unidad Funcional, Facebook Marketplace"
NO RELEVANTE,,"Belgrano, Flores",Sí,"Fri, 26 Dec 2025 12:52:00 GMT",-,Policía de la Ciudad,Figueroa Alcorta
NO RELEVANTE,,CABA,Sí,"Tue, 02 Sep 2025 10:20:00 GMT",27 De Febrero,"Policía Federal, Policía de la Ciudad","Big Bang, Mercedes Benz, Toyota Hilux, Noticias Argentinas, Lucio Herrera"
NO RELEVANTE,,CABA,Sí,"Wed, 19 Mar 2025 11:36:56 GMT",12 De Marzo,"Gendarmería Nacional, Policía de la Ciudad","All Boys, Fernando David Yurquina, Eric Morales, Karina Andrade, Patricia Bullrich"
NO RELEVANTE,,CABA,Sí,"Mon, 24 Feb 2025 18:10:39 GMT",24 De Febrero,-,"Leyes Especiales Metropolitana, Capital Federal, Sistema Federal"
NO RELEVANTE,,-,No,"Wed, 11 Mar 2026 20:40:00 GMT",-,-,"Vial Hudson, Peugeot Partner, Alcohol Cero, Ruta Provincial"
VALIDO,,"Lugano, Villa 20",Sí,"Sun, 28 Dec 2025 12:32:00 GMT",25 De Diciembre,"Policía Bonaerense, Policía Federal, Policía de la Ciudad","Agencia Hoy
Unidad, Vanesa Valentini, Joel Riquelme, Evelyn Goncebat, Jorge Macri"
NO RELEVANTE,,CABA,Sí,"Sun, 18 Jan 2026 18:07:00 GMT",5 De Enero,Policía de la Ciudad,"Infobae
Dos, Mariano Acosta, Fiat Cronos, Investigaciones Comunales, Graciela Angulo"
NO RELEVANTE,,Belgrano,Sí,"Sat, 10 Jan 2026 17:07:40 GMT",-,Policía de la Ciudad,"Sistema Federal, Comunicaciones Policiales"
VALIDO,,"Constitución, Lugano",Sí,"Mon, 29 Dec 2025 03:01:00 GMT",-,Policía de la Ciudad,"Georgina Orellano, Navidad
Tan, Jorge Macri, Gabriel Gonzalez, Nelly Portillo"
VALIDO,,"Balvanera, Lugano, San Cristóbal, Villa 20",Sí,"Sun, 28 Dec 2025 15:50:22 GMT",25 De Diciembre,"Policía Federal, Policía de la Ciudad","Derechos Humanos, Consejo Consultivo Comunal, Consejo Consultivo, Control Externo, Asuntos Internos"
VALIDO,,"Almagro, Boedo, San Cristóbal",Sí,"Tue, 12 Jul 2022 00:00:00 GMT",2 De Septiembre De 2018,Policía de la Ciudad,"Ciudadanos Contra, Violencia Policial, Carlos Calvo, Giovanni Daniel Yacquez, Revista Crisis"
NO RELEVANTE,,CABA,Sí,"Fri, 13 Sep 2024 20:20:29 GMT",-,-,"Georgina Barbarossa, Movilidad Jubilatoria"
NO RELEVANTE,,"Flores, Liniers",Sí,"Sun, 27 Apr 2025 01:56:40 GMT",-,"Policía Bonaerense, Policía de la Ciudad","Ezequiel Herrera, Unidad Funcional, Bajo Flores, Cristian Eloy Oviedo"
NO RELEVANTE,,CABA,Sí,"Thu, 26 Jun 2025 14:51:00 GMT",20 De Marzo,"Policía Federal, Policía de la Ciudad","Infobae
En, Javier Milei, Correccional Federal, Luis Armella, Ariel Lijo"
NO RELEVANTE,,-,No,2026-03-10,-,-,-
VALIDO,,CABA,Sí,2026-03-10,-,-,-
VALIDO,,Lugano,Sí,"Sun, 04 Feb 2024 16:56:22 GMT",-,-,"Hogar Monteagudo
Es, Hogar Monteagudo, Maximiliano Sosa, Ana Fraile, Raquel Hanono"
NO RELEVANTE,,Villa Devoto,Sí,"Tue, 02 Sep 2025 00:00:00 GMT",28 De Agosto,Policía de la Ciudad,"Cronos Noticias
En, Hurtos Norte, Menores Nro, Monitoreo Urbano, Operaciones Especiales Metropolitanas"
NO RELEVANTE,,CABA,Sí,"Tue, 03 Feb 2026 19:00:00 GMT",-,-,Unidades Fijas
NO RELEVANTE,,"Balvanera, Caballito",Sí,"Tue, 18 Feb 2025 10:57:56 GMT",-,Policía de la Ciudad,"Daniel Olivera, Leonardo Emanuel Zavala, Alfredo Maldonado Villalobo, Wilson Marcelo"
NO RELEVANTE,,Lugano,Sí,"Fri, 26 Dec 2025 14:58:47 GMT",-,"Policía Federal, Policía de la Ciudad","Jorge Macri, Gabriel Gonzalez, Nelly Portillo, Javier Milei"
VALIDO,,-,No,"Fri, 13 Feb 2026 03:01:00 GMT",9 De Julio,-,"Plaza Congreso, Gordo Mortero, Alejandra Monteoliva, Patricia Bullrich, Federico Alberto Mazzagalli"
NO RELEVANTE,,Palermo,Sí,"Wed, 01 Oct 2025 00:25:16 GMT",-,"Policía Bonaerense, Policía de la Ciudad","Florencio Varela, Morena Verdi, Brenda Loreley Del, Lara Morena, Miguel Villanueva Silva"
NO RELEVANTE,,CABA,Sí,"Fri, 03 Oct 2025 18:34:56 GMT",10 De Septiembre De 2005,-,"Florencio Varela, Nueva Cantera Imperial, Cristhian Rafael Chumpitaz, Tony Janzen Valverde, Valverde Victoriano"
NO RELEVANTE,,CABA,Sí,"Sat, 28 Feb 2026 22:29:33 GMT",-,-,"General Pico, Capital Federal"
NO RELEVANTE,,-,No,"Fri, 31 Jan 2025 20:36:55 GMT",-,-,"Online
Lucas Aguilar, Lucas Aguilar, Cristina Kirchner, Javier Alonso"
NO RELEVANTE,es una nota del año pasado sobre el 12M,CABA,Sí,"Mon, 28 Jul 2025 00:00:00 GMT",12 De Marzo De 2025,"Gendarmería Nacional, Policía de la Ciudad, Prefectura Naval","Il Globo
Hubo, Pablo Grillo, Patricia Bullrich, Javier Milei, Micaela Bracco"
NO RELEVANTE,,Chacarita,Sí,"Mon, 09 Mar 2026 19:22:17 GMT",7 De Marzo,Policía de la Ciudad,Barrio Fraga
NO RELEVANTE,,La Boca,Sí,"Sun, 14 Dec 2025 03:01:00 GMT",-,-,"Kiara Maqueira, Investigaciones Complejas"
NO RELEVANTE,,Flores,Sí,"Thu, 25 Sep 2025 14:21:42 GMT",19 De Septiembre,Policía Bonaerense,"Morena Verri, Lara Morena, Florencio Varela, Javier Alonso, Iara Daniela Ibarra"
NO RELEVANTE,es una nota del 2009,-,No,"Mon, 13 Apr 2009 15:29:00 GMT",26 De Enero,-,"Pimpi Camino, Roberto Pimpi Camino, Capital Federal, Unidad Regional, Hugo Fornero"
NO RELEVANTE,,Parque Patricios,Sí,"Tue, 09 Sep 2025 16:57:00 GMT",12 De Agosto,Policía de la Ciudad,"Parque Patricios, Investigaciones Comunales, Domingo Luis Altieri"
VALIDO,"Aunque habla de los dos casos de gatillo de fines del años pasado (que ya tenemos registrados), también mencionan otros (Fiorella / Vanesa)","Constitución, Lugano, Villa 20",Sí,"Fri, 02 Jan 2026 03:15:00 GMT",31 De Diciembre,Policía de la Ciudad,"Victor Vargas, Alejandro Korn, Santiago Barrientos, Juan Gabriel, Victori Vargas"
NO RELEVANTE,es una nota del 2018,CABA,Sí,"Tue, 05 Jun 2018 00:00:00 GMT",22 De Mayo,Policía de la Ciudad,"Agencia Paco Urondo, Lorenzo Martelli, Ramiro Ruiz, Kevin Herera"
VALIDO,es un informe nuestro,"Barracas, Constitución, Lugano",Sí,"Wed, 13 Jul 2022 15:22:13 GMT",1 De Enero De 2017,"Gendarmería Nacional, Policía Federal, Policía de la Ciudad","Revista Crisis, Estudios Legales, Trabajadores Excluidos, Violencia Institucional, Servicio Penitenciario"
NO RELEVANTE,,Balvanera,Sí,"Sat, 07 Mar 2026 14:06:00 GMT",7 De Marzo,-,"Argentina
Operativo, Investigaciones Penales, Departamento Contravenciones, Agencia Gubernamental, Jorge Macri"
NO RELEVANTE,,CABA,Sí,"Fri, 06 Mar 2026 07:00:00 GMT",16 De Agosto,-,"General Rivas, Don Guille, Yerba Suelta"
NO RELEVANTE,,Chacarita,Sí,"Thu, 26 Aug 2021 13:15:00 GMT",10 De Diciembre De 2019,Policía Bonaerense,"Coordinadora Contra, Pulso Noticias, Capital Federal, Luciano Arruga, Johana Ramallo"
NO RELEVANTE,,Saavedra,Sí,"Wed, 14 Sep 2016 17:38:19 GMT",-,Policía Federal,"Capital Federal, Delitos Complejos, Juan Domingo, Miguel Moreno, Tarchini Saavedra"
NO RELEVANTE,,Mataderos,Sí,"Mon, 07 Jan 2013 21:17:35 GMT",07 De Enero De 2013,Policía Federal,"Mauro Martin, Capital Federal, Manuel De Campos, General Paz, Ernesto Cirino"
NO RELEVANTE,,CABA,Sí,"Tue, 02 May 2017 00:00:00 GMT",13 De Marzo,"Policía Federal, Policía Metropolitana, Policía de la Ciudad","Sala Alberdi, Agencia Paco Urondo, Centro Cultural General, Mauricio Macri, Tanto Macri"
NO RELEVANTE,,-,No,2026-03-08,-,-,-
NO RELEVANTE,,"Constitución, Palermo, Recoleta, Retiro",Sí,"Sat, 05 Jul 2025 13:00:00 GMT",-,-,"Jorge Macri, Derechos Humanos, Pablo Grillo"
NO RELEVANTE,,Constitución,Sí,"Fri, 14 Jun 2024 18:18:00 GMT",-,Policía de la Ciudad,Monte Grande
NO RELEVANTE,,Barracas,Sí,"Tue, 28 Jul 2026 00:00:00 GMT",-,Policía Metropolitana,"Marcos Maldonado, Jujuy Mar, Poder Judicial, Roxana Cainzos"
NO RELEVANTE,,Saavedra,Sí,"Tue, 28 Jul 2026 03:59:08 GMT",-,Policía de la Ciudad,"Saavedra Online, Juan Francisco, Barrio Mitre, Elizabeth Alejandra Paisan, Patricia Bullrich"
NO RELEVANTE,,Barracas,Sí,"Thu, 17 Nov 2022 11:00:05 GMT",17 De Noviembre De 2021,"Gendarmería Nacional, Policía Bonaerense, Policía de la Ciudad, Prefectura Naval","Barracas Central, Volkswagen Suran, Florencio Varela, Myriam Bregman, Nissan Tiida"
NO RELEVANTE,,CABA,Sí,"Thu, 25 Aug 2022 14:57:16 GMT",26 De Agosto,-,-
NO RELEVANTE,,Lugano,Sí,"Sat, 02 Jan 2010 00:00:00 GMT",-,Policía de la Ciudad,"Jorge Macri, Juan Gabriel, Laura Brunaird"
NO RELEVANTE,,Constitución,Sí,"Thu, 22 Jan 2026 00:18:00 GMT",-,Policía de la Ciudad,Javier Vargas
NO RELEVANTE,,Lugano,Sí,"Sat, 10 Jan 2026 14:44:01 GMT",-,Policía de la Ciudad,"Hugo Decaria, Nelly Portillo, Edgardo Orfila"
NO RELEVANTE,,"Lugano, Villa 20",Sí,"Wed, 31 Dec 2025 02:56:39 GMT",25 De Diciembre,"Policía Federal, Policía de la Ciudad","Juan Gabriel, Jorge Macri, Izquierda Andrea, Operativo Independencia, Control Externo"
NO RELEVANTE,,Lugano,Sí,"Sat, 27 Dec 2025 21:27:44 GMT",27 De Diciembre De 2025,Policía de la Ciudad,"Juan Gabriel, Vanesa Valentini, Noticias Argentinas, Joel Riquelme, Evelyn Goncebat"
NO RELEVANTE,,"Balvanera, Lugano, San Cristóbal",Sí,2026-03-08,-,-,-
NO RELEVANTE,,"Barracas, Lugano, Villa 20",Sí,"Fri, 26 Dec 2025 12:04:12 GMT",-,Policía de la Ciudad,"Nelly Portillo, Jorge Macri"
NO RELEVANTE,,-,No,2026-03-08,-,-,-
NO RELEVANTE,,Retiro,Sí,"Sun, 07 Dec 2025 21:51:51 GMT",20 De Junio,"Policía Bonaerense, Policía de la Ciudad","Diario Anticipos, Fuerza Patria, Diego Spina, Diario Anticpos, Renault Sandero"
NO RELEVANTE,,"Lugano, Villa 20",Sí,"Fri, 26 Dec 2025 14:53:02 GMT",-,Policía de la Ciudad,"Diario Digital, Juan Gabriel, Oscar Villaverde, Luis Delpini"
NO RELEVANTE,,"Constitución, Lugano",Sí,"Wed, 31 Dec 2025 22:27:10 GMT",25 De Diciembre,Policía de la Ciudad,"Juan Gabriel, Nicolas Solo, Leonardo Vargas, Jorge Macri, Nelly Portillo"
NO RELEVANTE,,"Lugano, Villa 20",Sí,"Wed, 31 Dec 2025 20:35:28 GMT",25 De Diciembre,"Policía Federal, Policía de la Ciudad",Diario Digital
NO RELEVANTE,,"Constitución, Lugano, Villa 20",Sí,"Mon, 29 Dec 2025 00:00:00 GMT",-,Policía de la Ciudad,-
NO RELEVANTE,,"Constitución, Villa 20",Sí,"Mon, 29 Dec 2025 10:09:00 GMT",25 De Diciembre,Policía de la Ciudad,"Jorge Macri, Secretaria General, Georgina Orellano, Juan Gabriel"
NO RELEVANTE,,La Boca,Sí,"Wed, 10 Aug 2022 20:02:25 GMT",25 De Julio De 2022,"Policía Bonaerense, Policía Federal, Policía Metropolitana, Policía de la Ciudad","Mauricio Macri, Gobierno Horacio, Sergio Berni, Juan Pablo Kukoc, Agenda Antirrepresiva"
NO RELEVANTE,,-,No,2026-03-08,-,-,Gremial Docente
NO RELEVANTE,,"Barracas, Constitución",Sí,"Wed, 16 Feb 2022 11:00:44 GMT",28 De Diciembre De 2021,"Policía Federal, Policía de la Ciudad","Correccional
Sala, Sistema Integral, Procesal Penal, Corte Suprema, Acuerdo General"
NO RELEVANTE,,CABA,Sí,"Fri, 09 Feb 2024 18:58:39 GMT",19 De Diciembre,"Gendarmería Nacional, Prefectura Naval","Patricia Bullrich, Mauricio Macri, Protocolo Chocobar, Naval Argentina, Funcionarios Encargados"
NO RELEVANTE,,Villa Crespo,Sí,"Fri, 13 Sep 2024 22:07:16 GMT",9 De Septiembre,Policía de la Ciudad,"Claudio Romano, Beatriz Alejandra Manzanelli, Daniela Isabel, Sanatorio Fitz Roy, Cuando Claudio"
NO RELEVANTE,,CABA,Sí,"Mon, 03 Dec 2018 17:42:53 GMT",-,Policía Federal,"Patricia Bullrich, Funcionarios Encargados, Hacer Cumplir, Rodolfo Walsh"
NO RELEVANTE,,CABA,Sí,"Tue, 28 Jul 2026 00:00:00 GMT",-,Policía de la Ciudad,"Casa Rosada, Facundo Astudillo Castro, Prensa Obrera"
NO RELEVANTE,,"Barracas, Constitución",Sí,"Fri, 25 Oct 2024 20:16:58 GMT",17 De Noviembre De 2021,Policía de la Ciudad,"Barracas Central, Facundo Torres, Juan Ramos Padilla, Guillermo Friele, Sergio Paduczak"
NO RELEVANTE,,CABA,Sí,"Tue, 28 Jul 2026 00:00:00 GMT",-,Policía Bonaerense,"Emilia Vasallo, Paly Alcorta"
NO RELEVANTE,,La Boca,Sí,"Wed, 10 Aug 2022 18:59:21 GMT",25 De Julio De 2022,"Policía Bonaerense, Policía Federal, Policía Metropolitana, Policía de la Ciudad","Mauricio Macri, Gobierno Horacio, Sergio Berni, Juan Pablo Kukoc, Agenda Antirrepresiva"
NO RELEVANTE,,CABA,Sí,"Sun, 09 May 2021 01:14:36 GMT",8 De Mayo De 1987,Policía Bonaerense,"Oscar Aredes, Ingeniero Budge, Juan Alberto, Isidro Rito Romero, Camino Negro"
NO RELEVANTE,,"Lugano, Villa 20",Sí,"Fri, 26 Dec 2025 14:43:30 GMT",-,Policía de la Ciudad,-
NO RELEVANTE,,Constitución,Sí,"Fri, 02 Jan 2026 00:00:00 GMT",28 De Diciembre,"Policía Federal, Policía de la Ciudad","Victor Vargas, Georgina Orellano"
NO RELEVANTE,,CABA,Sí,"Sun, 07 Dec 2025 01:32:46 GMT",20 De Junio,Policía de la Ciudad,"Primer Plano Online, Renault Sandero"
NO RELEVANTE,,CABA,Sí,"Mon, 21 Jul 2025 19:11:17 GMT",15 De Julio De 2017,Policía de la Ciudad,"Gustavo Otero, Cristian Toledo, Gabriel De Vedia, De Vedia, Corte Suprema"
NO RELEVANTE,,"Lugano, Villa 20",Sí,"Fri, 26 Dec 2025 13:17:02 GMT",-,Policía de la Ciudad,-
NO RELEVANTE,,Lugano,Sí,2026-03-08,-,-,"Sumario Noticias
Performing"
NO RELEVANTE,,"Constitución, Lugano",Sí,"Mon, 29 Dec 2025 21:41:00 GMT",25 De Diciembre,Policía de la Ciudad,"Jorge Macri, Vanina Biasi, Leonardo Vargas, Derechos Humanos, Martin Suarez"
NO RELEVANTE,,Lugano,Sí,"Sun, 28 Dec 2025 00:15:43 GMT",25 De Diciembre,Policía de la Ciudad,"Juan Gabriel, Jorge Macri"
NO RELEVANTE,,"Constitución, Lugano",Sí,"Mon, 29 Dec 2025 14:59:18 GMT",-,Policía de la Ciudad,"Georgina Orellano, Leonardo Vargas"
NO RELEVANTE,,Villa 20,Sí,"Sun, 28 Dec 2025 11:55:09 GMT",-,-,"Juan Gabriel, Navidad Gabriel, Nelly Portillo, Laura Bruniard, Pablo Grillo"
NO RELEVANTE,,-,No,2026-03-08,-,Policía de la Ciudad,-
NO RELEVANTE,,Lugano,Sí,"Sun, 28 Dec 2025 00:00:00 GMT",-,Policía de la Ciudad,"Vanesa Valentini, Noticias Argentinas"
NO RELEVANTE,,"Lugano, Villa 20",Sí,"Fri, 26 Dec 2025 22:41:25 GMT",-,Policía de la Ciudad,Pitu Salvatierra
NO RELEVANTE,,Lugano,Sí,"Sun, 28 Dec 2025 16:54:28 GMT",25 De Diciembre,Policía de la Ciudad,Graciela Pereyra
NO RELEVANTE,,"Constitución, Lugano, Villa 20",Sí,"Mon, 29 Dec 2025 11:06:02 GMT",28 De Diciembre,Policía de la Ciudad,"Leonardo Vargas, Jorge Macri, Gobierno Jorge Macri"
NO RELEVANTE,,"Constitución, Lugano",Sí,"Tue, 30 Dec 2025 20:26:49 GMT",25 De Diciembre,Policía de la Ciudad,"Leonardo Vargas, Victoria Montenegro, Alejandrina Barry, Gabriel Solano, Derechos Humanos"
NO RELEVANTE,,"Lugano, Villa 20",Sí,"Fri, 02 Jan 2026 03:11:00 GMT",-,Policía de la Ciudad,Virgen Madre
NO RELEVANTE,,"Lugano, Villa 20",Sí,"Thu, 08 Jan 2026 23:55:12 GMT",25 De Diciembre De 2025,Policía de la Ciudad,"Juan Gabriel, Nelly Dante, Claudio Romano"
NO RELEVANTE,,Lugano,Sí,"Sat, 27 Dec 2025 05:21:28 GMT",25 De Diciembre,"Policía Federal, Policía de la Ciudad","Control Externo, Asuntos Internos, Nelly Portillo"
NO RELEVANTE,,"Constitución, Lugano, Villa 20",Sí,"Wed, 07 Jan 2026 19:21:16 GMT",25 De Diciembre,Policía de la Ciudad,"Rolling Stone, Juan Gabriel, Coordinadora Contra, Javier Milei, Oscar Villaverde"
NO RELEVANTE,,Lugano,Sí,2026-03-08,-,-,-
NO RELEVANTE,,"Lugano, Villa 20",Sí,"Fri, 24 Jul 2026 12:00:00 GMT",-,Policía de la Ciudad,"Alejandro Bercovich, Juan Gabriel"
NO RELEVANTE,,"Lugano, Villa 20",Sí,"Fri, 26 Dec 2025 13:59:40 GMT",25 De Diciembre,-,"Jorge Macri, Tiempo Argentino, Tiempo Oscar Villaverde"
NO RELEVANTE,,CABA,Sí,"Sun, 07 Dec 2025 23:38:45 GMT",20 De Junio,-,"Renault Sandero, Valeria Courtade, Pablo Grillo, Jonathan Navarro, Axel Kicillof"
NO RELEVANTE,,"Constitución, Lugano",Sí,"Mon, 29 Dec 2025 12:11:29 GMT",-,Policía de la Ciudad,"Georgina Orellano, Navidad
Tan, Jorge Macri, Nelly Portillo"
NO RELEVANTE,,-,No,"Fri, 15 Aug 2025 00:00:00 GMT",10 De Agosto,-,"Da Kiki Lezcano, Ezequiel Blanco, Juan Ignacio Encina, Pablo Alcorta, General Paz"
NO RELEVANTE,,"Lugano, Villa 20",Sí,"Sat, 27 Dec 2025 18:51:34 GMT",25 De Diciembre,"Policía Federal, Policía de la Ciudad","Juan Gabriel, Nelly Portillo, Jorge Macri, Oscar Villaverde, Control Externo"
NO RELEVANTE,,"Lugano, Villa 20",Sí,"Fri, 26 Dec 2025 15:32:43 GMT",-,"Policía Federal, Policía de la Ciudad","Javier Milei, Jorge Macri, Hugo Morales, Nelly Portillo, Procesal Penal"
NO RELEVANTE,,Lugano,Sí,"Fri, 26 Dec 2025 14:00:26 GMT",25 De Diciembre,Policía de la Ciudad,-
NO RELEVANTE,,"Constitución, Lugano",Sí,"Wed, 14 Jan 2026 01:03:09 GMT",28 De Diciembre,Policía de la Ciudad,"Santiago Barrientos, Juan Gabriel"
NO RELEVANTE,,"Constitución, Lugano",Sí,"Tue, 30 Dec 2025 19:54:00 GMT",25 De Diciembre,"Policía Federal, Policía de la Ciudad","Juan Gabriel, Leonardo Vargas, Laura Bruniard, Claudia Neira, Comisario General Pablo"
NO RELEVANTE,,Barracas,Sí,"Wed, 24 Nov 2021 12:46:52 GMT",9 De Julio,"Gendarmería Nacional, Policía Bonaerense, Policía Federal, Policía de la Ciudad, Prefectura Naval",Doctrina Chocobar
NO RELEVANTE,,CABA,Sí,"Wed, 01 Dec 2021 00:03:00 GMT",-,"Policía Bonaerense, Policía de la Ciudad","Guido Segura, Federico Medina, Franco Cardozo, Sergio Berni, Zona Norte"
NO RELEVANTE,,"Lugano, Villa 20",Sí,"Mon, 29 Dec 2025 00:00:00 GMT",25 De Diciembre,"Policía Federal, Policía de la Ciudad","Agencia Paco Urondo, Juan Gabriel, Vanesa Valentini, Joel Riquelme, Evelyn Goncebat"
NO RELEVANTE,,San Telmo,Sí,"Tue, 28 May 2024 21:15:14 GMT",16 De Marzo De 2024,Policía de la Ciudad,"Canal Abierto, Victoria Freire, Frente Patria Grande, Georgina Orellano, Trabajadoras Sexuales"
NO RELEVANTE,,Barracas,Sí,"Thu, 30 Dec 2021 00:00:00 GMT",21 De Noviembre,"Policía Bonaerense, Policía de la Ciudad, Prefectura Naval","Isidro Casanova, Gustavo Pedrozo, Luciano Olivera, Unidad Penitenciaria, Jonathan Silva"
NO RELEVANTE,,Barracas,Sí,"Sun, 05 Dec 2021 08:34:00 GMT",-,"Gendarmería Nacional, Policía Bonaerense, Policía de la Ciudad","Barracas Central, Estudios Legales"
NO RELEVANTE,,CABA,Sí,"Sun, 11 Jan 2026 17:28:00 GMT",22 De Noviembre,Policía Bonaerense,"Infobae
Tres, Operaciones Inmediatas, Corbeta Uruguay, Diagonal Estados Unidos, Ford Ka"
NO RELEVANTE,,CABA,Sí,"Thu, 13 Nov 2025 18:49:00 GMT",22 De Febrero De 2012,-,"De Vido, Comodoro Py, Federal Julio De, Corte Suprema, Cuadernos
De Vido"
NO RELEVANTE,,-,No,"Sat, 22 Nov 2025 11:57:00 GMT",19 De Agosto De 2024,-,"National Center, Exploited Children, Estados Unidos, Unidad Funcional, Rodolfo De"
NO RELEVANTE,,-,No,"Fri, 27 Aug 2021 00:00:00 GMT",27 De Agosto,-,"Daniel Solano, Facundo Castro, Facundo Rivera Alegre, Luciano Arruga, Axel Kicillof"
NO RELEVANTE,,"Constitución, Lugano, Saavedra, Villa 20",Sí,"Sun, 25 Jan 2026 00:00:00 GMT",25 De Diciembre,Policía de la Ciudad,"Coordinadora Contra, Javier Vargas, Santiago Emmanuel Barrientos, Naciones Unidas"
NO RELEVANTE,,Flores,Sí,"Fri, 19 Nov 2021 00:00:00 GMT",23 De Octubre De 2018,"Policía Federal, Policía Metropolitana, Policía de la Ciudad","Agencia Paco Urondo, Estudios Legales, Violencia Institucional, Naciones Unidas, Jonathan Echimborde"
NO RELEVANTE,,CABA,Sí,"Thu, 04 Dec 2025 07:21:00 GMT",-,"Gendarmería Nacional, Policía Federal","Paso Cerrito, Control Vial Paso, Drogas Peligrosas, Justicia Federal, Francisco Bernhardt"
NO RELEVANTE,,-,No,"Fri, 06 Mar 2026 16:57:00 GMT",25 De Noviembre De 2020,-,"Santiago Lara, Diego Maradona, Infobae
Santiago Lara, Servicio Penitenciario Bonaerense, Unidad Funcional"
NO RELEVANTE,,-,No,"Mon, 23 Jun 2025 13:14:00 GMT",29 De Mayo,Gendarmería Nacional,"Puerto Esperanza, Capital Federal"
NO RELEVANTE,,-,No,"Tue, 11 Apr 2017 18:40:38 GMT",-,-,"Christian Castillo, Brenda Hamilton"
NO RELEVANTE,,CABA,Sí,"Thu, 15 Aug 2019 00:00:00 GMT",-,Policía Metropolitana,"Mauricio Macri, Agencia Gubernamental, Ricardo Pedace, Taller Protegido, Desarrollo Urbano"
NO RELEVANTE,,-,No,2026-03-08,-,-,-
NO RELEVANTE,,-,No,"Sat, 29 Mar 2025 12:33:00 GMT",-,Policía Federal,"Jorge Newbery, Teniente Luis Candelaria, Fernando Arrigo, Gustavo Zapata, En Bariloche"
NO RELEVANTE,,CABA,Sí,"Mon, 27 Oct 2025 00:40:00 GMT",-,Policía Federal,"Trenque Lauquen, Alejandro Heim, Escuela Primaria, Departamento Judicial, Colegio Obispo Anunciado"
NO RELEVANTE,,-,No,2026-03-07,-,-,Comodoro Py
NO RELEVANTE,,Recoleta,Sí,"Sun, 26 Apr 2009 19:50:00 GMT",25 De Mayo,-,"Marcial Omar Crespi, Marcelo Carlos Lisanti, Gabriela Beatriz Santamarina, Federico Faggionatto, Capital Federal"
NO RELEVANTE,,CABA,Sí,"Wed, 31 Aug 2022 19:07:00 GMT",27 De Julio,-,"Infocielo
Tres, Capital Federal, Cannabis Medicinal, Axel Kicillof, Agencia Provincial"
NO RELEVANTE,,CABA,Sí,"Fri, 06 Mar 2026 00:00:00 GMT",-,-,"Patricia Bullrich, Elisa Trotta"
NO RELEVANTE,,CABA,Sí,"Thu, 05 Mar 2026 15:00:32 GMT",-,"Policía Federal, Policía de la Ciudad","Capital Federal, Leandro Alem, Protocolo Antipiquetes, Hugo Yasky"
NO RELEVANTE,,CABA,Sí,2026-03-07,-,-,-
NO RELEVANTE,,CABA,Sí,"Wed, 04 Mar 2026 13:26:00 GMT",-,"Policía Federal, Policía de la Ciudad","Hugo Yasky, Horacio Pietragalla, Eduardo Belliboni, Polo Obrero"
NO RELEVANTE,,CABA,Sí,"Mon, 05 May 2025 10:26:44 GMT",-,"Policía Federal, Policía de la Ciudad","Data Diario, Fiat Punto, Bersa Thunder, Federal Argentina"
NO RELEVANTE,,"Liniers, Saavedra",Sí,"Thu, 28 Aug 2025 10:39:27 GMT",13 De Marzo De 2023,Policía de la Ciudad,"General Paz, Volkswagen Polo"
NO RELEVANTE,,CABA,Sí,"Fri, 06 Mar 2026 00:00:00 GMT",2 De Julio,"Policía Federal, Policía de la Ciudad","Criminal Federal, Daniel Vera, Javier Milei, Fernando Marcelo Machado, Javier Feliciano"
NO RELEVANTE,,CABA,Sí,"Fri, 06 Mar 2026 23:05:00 GMT",21 De Mayo,-,"Ricardo Gil Lavedra, Estados Unidos, Peter Lamelas, Carmelo Barbera, Capital Federal"
NO RELEVANTE,,CABA,Sí,"Fri, 06 Mar 2026 08:50:00 GMT",-,-,"Diario Registrado
Ideal, Noticias Argentinas, Plaza Centenario, Iglesia Nuestra, Autopista Ezeiza"
NO RELEVANTE,,"Almagro, Caballito, Lugano",Sí,"Mon, 17 Nov 2025 20:42:00 GMT",14 De Julio,"Policía Bonaerense, Policía de la Ciudad","Infobae
Se, General Paz, Toyota Etios, Anillo Digital, Diego Rulli"
NO RELEVANTE,,-,No,"Thu, 05 Mar 2026 21:00:53 GMT",21 De Mayo,-,"Gil Lavedra, Capital Federal Ricardo, Estados Unidos, Capital Federal, Ricardo Gil Lavedra"
NO RELEVANTE,,CABA,Sí,"Wed, 14 Feb 1996 00:00:00 GMT",-,-,"Votamos Luchar, Facundo Molares, Camilo Fierro, Tanja Nijmeijer, Manuel Olate"
NO RELEVANTE,,CABA,Sí,"Tue, 28 Jan 2025 11:10:00 GMT",26 De Agosto De 2018,-,"Tres Fronteras, Presidente Franco, Unidad Fiscal Especializada, Criminal Compleja"
NO RELEVANTE,,CABA,Sí,"Thu, 05 Mar 2026 00:00:00 GMT",-,"Policía Federal, Policía de la Ciudad","Federal Argentina, Departamento Federal, Gabriel Eduardo Vega, Eugenio Rey, Monitoreo Urbano"
NO RELEVANTE,,CABA,Sí,"Tue, 13 May 2025 13:30:16 GMT",2 De Febrero De 2016,Policía Federal,"Federal Argentina, Alcides Medina, Primer Comando Capital, Color Pablo Medina, Esteban Malocewichz"
NO RELEVANTE,,CABA,Sí,"Sun, 11 May 2025 14:34:00 GMT",18 De Marzo De 2015,Policía Federal,"Federal Argentina, Unidad Operativa Federal, Agencias Federales"
NO RELEVANTE,,CABA,Sí,"Sat, 16 Nov 2024 12:38:03 GMT",31 De Enero,-,"Unidad Funcional, Jonathan Lay, Secretario Dr, Adriana Alicia, Ingeniero Budge"
NO RELEVANTE,,Recoleta,Sí,"Sat, 27 Aug 2022 22:20:00 GMT",-,Policía de la Ciudad,-
NO RELEVANTE,,"Palermo, Parque Patricios",Sí,"Sat, 04 Oct 2014 00:00:00 GMT",4 De Octubre,-,"Norberto Hugo Palermo, Convocatoria Baldosa Norberto, Octubre
Familiares, Espacio Asambleario, Parque Patricios"
NO RELEVANTE,,CABA,Sí,"Thu, 15 Apr 2021 23:19:40 GMT",-,Gendarmería Nacional,"Catamarca Av, Ailen Saracho Diamante, Partido Obrero, Agua Rica, Claudio Del"
NO RELEVANTE,,CABA,Sí,"Sat, 12 Apr 2025 00:00:00 GMT",-,-,"Primera Instancia, Luis Antonio Armella, Justicia Federal"
NO RELEVANTE,,CABA,Sí,"Wed, 04 Mar 2026 19:16:35 GMT",4 De Marzo,Policía de la Ciudad,"Capital Humano, Jorge Macri, Derechos Humanos, Myriam Bregman"
NO RELEVANTE,,CABA,Sí,"Wed, 11 Feb 2026 20:40:34 GMT",-,"Gendarmería Nacional, Policía Federal, Policía de la Ciudad","Plaza Congreso
Mientras, Plaza Congreso, Javier Milei, Alejandra Monteoliva, Malena Mercuriari"
NO RELEVANTE,,-,No,"Wed, 04 Mar 2015 00:00:00 GMT",-,Policía de la Ciudad,"Jorge Macri, Myriam Bregman, Capital Humano, Derechos Humanos"
NO RELEVANTE,,CABA,Sí,"Thu, 22 Feb 2024 17:20:51 GMT",16 De Febrero,Policía de la Ciudad,"Mendoza Today
En, Delitos Sexuales"
NO RELEVANTE,,"Lugano, Mataderos",Sí,"Thu, 06 Jun 2019 15:11:27 GMT",-,Prefectura Naval,"Argentina Sin, Prefectura Naval, Zona Delta, Departamentos Ciberdelitos, Dock Sud"
NO RELEVANTE,,CABA,Sí,"Wed, 04 Mar 2026 21:30:51 GMT",11 De Marzo,-,"Gobierno Jorge Macri, Eduardo Belliboni, Hugo Yasky, Hugo Cachorro Godoy"
NO RELEVANTE,,CABA,Sí,"Wed, 04 Mar 2026 20:46:49 GMT",-,-,"Corrientes Hoy
En, Horacio Pietragalla"
NO RELEVANTE,,CABA,Sí,"Wed, 04 Mar 2026 17:46:00 GMT",-,-,"Diario Registrado
En, Horacio Pietragalla"
NO RELEVANTE,,-,Sí,"Sat, 25 Apr 2020 23:05:38 GMT",23 De Abril,-,"Maximiliano Barrera, Walter Gayoso, Christian Olave, Alejandrina Barry, Carlos Platkowski"
NO RELEVANTE,,Retiro,Sí,"Wed, 04 Mar 2026 06:52:00 GMT",16 De Agosto,-,"General Rivas, Paseo Islas Malvinas, Don Guille, Yerba Suelta, General Rivas
General"
NO RELEVANTE,,La Boca,Sí,"Mon, 29 Sep 2025 10:46:00 GMT",23 De Agosto,"Policía Bonaerense, Policía de la Ciudad","Volkswagen Polo Track, Dock Sud, Investigaciones Comunal, Instituto Inchausti, Cristian Von Leers"
NO RELEVANTE,,"Almagro, Lugano",Sí,"Sun, 09 Nov 2014 17:11:00 GMT",15 De Julio,-,"Caso Nicole, Lucas Ariel Azcona, Capital Federal, Investigaciones Federales, Luis Zelaya"
NO RELEVANTE,,CABA,Sí,"Thu, 13 Mar 2025 14:35:01 GMT",-,-,"Pablo Grillo, Nuevo Encuentro, Tiempo Argentino, Patricia Bullrich"
NO RELEVANTE,,Belgrano,Sí,"Wed, 14 Feb 1996 00:00:00 GMT",9 De Julio,Policía de la Ciudad,"Copa Libertadores, Roberto Barrera, Alfredo Marenzi, Elio Bravo"
NO RELEVANTE,,CABA,Sí,"Wed, 04 Mar 2026 18:16:35 GMT",4 De Marzo,Policía de la Ciudad,"Capital Humano, Jorge Macri, Derechos Humanos, Myriam Bregman"
NO RELEVANTE,,-,No,"Mon, 20 Jan 2025 19:32:10 GMT",-,-,"Javier Berlingieri, Patricia Hortel, Roberto Javier Berlingeri, Juan Cruz"
NO RELEVANTE,,CABA,Sí,"Fri, 13 Jun 2025 13:03:00 GMT",-,Policía Federal,"Infobae
Efectivos, Federal Argentina, Control Aduanero, Operaciones Federales, Alejandro Javier Catania"
NO RELEVANTE,,"Constitución, Saavedra",Sí,"Fri, 12 Dec 2025 18:08:00 GMT",24 De Noviembre,Policía de la Ciudad,"Nancy Haron, Carlos Caputto, Puente Saavedra, Volkswagen Bora, General Paz"
NO RELEVANTE,,"Mataderos, Retiro",Sí,"Tue, 29 Aug 2023 15:07:01 GMT",-,Policía de la Ciudad,"Parque Avellaneda, Carrefour Express, Emilio Castro, Investigaciones Comunales, Roberto Omar"
NO RELEVANTE,,CABA,Sí,"Tue, 03 Mar 2026 14:17:37 GMT",3 De Marzo De 2026,"Policía Federal, Policía de la Ciudad","Litigio Periodismo Judicial, Criminal Federal, Daniel Vera, Javier Milei, Fernando Marcelo Machado"
NO RELEVANTE,,CABA,Sí,"Tue, 03 Mar 2026 02:12:00 GMT",-,Policía Federal,"Facundo Tedeschini, Federal Argentina, Javier Milei"
NO RELEVANTE,,-,No,"Mon, 23 Feb 2026 11:27:00 GMT",9 De Febrero,-,"Ruta Provincial, Alcohol Cero"
NO RELEVANTE,,Palermo,Sí,"Sat, 14 Feb 2026 15:31:00 GMT",-,"Gendarmería Nacional, Policía Federal, Policía de la Ciudad","Federal Argentina, Juan Manuel Reichenbach, Alberto Bande, Jorge Euclides Nieto, Maximiliano Javier Melgar"
NO RELEVANTE,,Flores,Sí,"Wed, 01 Oct 2025 02:06:00 GMT",19 De Septiembre,"Policía Bonaerense, Policía Federal","Florencio Varela, Tony Janzen Valverde, Morena Verdi, Parque Lima, Maximiliano Parra"
NO RELEVANTE,,Chacarita,Sí,"Thu, 13 Mar 2025 08:00:00 GMT",-,-,"Javier Milei, Pepe Grillo, Boca Juniors, River Plate, Chacarita Juniors"
NO RELEVANTE,,-,No,"Sat, 27 Sep 2025 20:26:15 GMT",-,-,"Florencio Varela, Morena Verdi, Volkswagen Fox, Chevrolet Tracker, En Jujuy"
NO RELEVANTE,,CABA,Sí,"Fri, 21 Nov 2025 07:52:00 GMT",-,-,"Capital Federal, Agencia Noticias Argentinas, Penal Juvenil, Noticias Argentinas"
NO RELEVANTE,,Caballito,Sí,"Thu, 14 Aug 2025 14:14:00 GMT",1 De Agosto,Policía de la Ciudad,"Justicia Federal, Fabio Rosa Carvalho, Rio Grande Do"
NO RELEVANTE,,-,No,"Thu, 08 Jun 2023 21:16:00 GMT",-,-,"Volkswagen Gol Trend, Luis Alberto Caldentey"
NO RELEVANTE,,Constitución,Sí,"Wed, 15 Oct 2025 11:24:00 GMT",-,Gendarmería Nacional,"Paul Starc, Santiago Marquevich, Patricia Bullrich, Diego Velasco, Carmen Chena"
NO RELEVANTE,,-,Sí,"Wed, 06 Nov 2024 19:52:13 GMT",-,Policía de la Ciudad,"Gerardo Mirkin, Javier Milei, Jorge Macri, Trabajadores Jubilados, Luca Bonfante"
NO RELEVANTE,,Retiro,Sí,"Mon, 29 Sep 2025 14:07:00 GMT",-,Policía de la Ciudad,"Florencio Varela, Investigaciones Complejas, Javier Gustavo"
NO RELEVANTE,,-,No,"Sat, 03 Jan 2026 13:08:00 GMT",-,-,"Agencia Noticias Argentinas, Giselle Lana, Unidad Fiscal, Delitos No Especializados"
NO RELEVANTE,,Villa Crespo,Sí,"Tue, 20 Jan 2026 18:36:00 GMT",-,"Policía Federal, Policía de la Ciudad","Fitz Roy, Federal Argentina, Pietro Beretta, Flagrancia Norte"
NO RELEVANTE,,-,No,"Mon, 17 Aug 2020 20:48:00 GMT",17 De Mayo De 2019,"Policía Bonaerense, Policía Federal","Agencia Noticias Argentinas, Federal Ariana Micaela, Obispo Jorge Novak, Capital Federal, Honda Wave"
NO RELEVANTE,,Barracas,Sí,"Tue, 11 Mar 2025 16:08:00 GMT",28 De Febrero,Policía de la Ciudad,"Investigaciones Especiales, Terminal Puerto Rosario"
NO RELEVANTE,,CABA,Sí,"Thu, 10 Aug 2023 21:23:00 GMT",13 De Agosto,Policía de la Ciudad,"Facundo Molares, George Floyd, Votamos Luchar, Estados Unidos, Derek Chauvin"
NO RELEVANTE,,CABA,Sí,"Thu, 10 Aug 2023 19:42:58 GMT",-,Policía de la Ciudad,"Facundo Molares, Luciano Lupi"
NO RELEVANTE,,-,No,"Sun, 30 Mar 2025 18:57:50 GMT",-,Policía Bonaerense,"Interior
Tres, Punta Lara, Adriana Cecilia Ponce, Leandro Ignacio Altamiranda, Eduardo Silva Pelossi"
NO RELEVANTE,,Flores,Sí,"Sun, 23 Mar 2025 12:00:00 GMT",22 De Marzo,Policía Federal,"Servicio Penitenciario, Monitoreo Municipal"
NO RELEVANTE,,-,No,2026-03-01,-,-,-
NO RELEVANTE,,"Lugano, Villa 20",Sí,"Wed, 31 Dec 2025 11:55:00 GMT",25 De Diciembre,"Policía Federal, Policía de la Ciudad","Juan Gabriel, Laura Bruniard, Vanesa Valentini"
NO RELEVANTE,,-,No,2026-03-01,-,-,-
NO RELEVANTE,,"Balvanera, Barracas, Constitución",Sí,"Sun, 01 Mar 2026 19:35:08 GMT",-,Policía de la Ciudad,Investigaciones Antidrogas Zona
NO RELEVANTE,,CABA,Sí,2026-03-01,-,-,-
NO RELEVANTE,,"Balvanera, Barracas, Constitución",Sí,"Sun, 01 Mar 2026 14:01:00 GMT",-,Policía de la Ciudad,Investigaciones Antidrogas Zona
NO RELEVANTE,,-,Sí,"Mon, 22 Aug 2022 23:50:45 GMT",-,Policía de la Ciudad,"Cristina Kirchner, Diego Luciani, Grana
Video, Incidentes
Pasadas"
NO RELEVANTE,,-,Sí,"Thu, 13 Nov 2025 14:09:56 GMT",-,Policía de la Ciudad,Santiago Carlos Bignone
NO RELEVANTE,,-,No,"Wed, 12 Mar 2025 23:28:00 GMT",-,Policía Federal,"Big Bang, Federal Argentina, Dos Congresos, Patricia Bullrich, Pablo Grillo"
NO RELEVANTE,,CABA,Sí,"Fri, 13 Jun 2025 14:25:16 GMT",8 De Abril,-,"Mariano Moyano, Ariel Campos, Fragata Sarmiento, Alejandra Papazoglu, Unidad Penal"
NO RELEVANTE,,Saavedra,Sí,"Thu, 31 Mar 2022 19:06:53 GMT",31 De Marzo De 2022,Policía de la Ciudad,"Suzuki Fun, Cornelio Saavedra, Monitoreo Urbano"
NO RELEVANTE,,CABA,Sí,"Wed, 28 May 2025 12:59:00 GMT",2 De Mayo,Policía de la Ciudad,"Investigaciones Especiales, Unidad Fiscal Especializada, Criminal Compleja, River Plate, Copa Libertadores"
NO RELEVANTE,,CABA,Sí,"Sat, 28 Feb 2026 21:33:48 GMT",20 De Febrero,Policía de la Ciudad,"Conducta Criminal, Delitos Conexos, Ernesto Ichazo, Unidad Funcional"
NO RELEVANTE,,CABA,Sí,"Sat, 28 Feb 2026 22:29:33 GMT",-,-,"General Pico, Capital Federal"
NO RELEVANTE,,"Constitución, Palermo, Recoleta",Sí,"Thu, 26 Jun 2025 10:42:00 GMT",13 De Mayo,Policía Federal,"Federal Argentina, Departamento Federal, Ilia Boiarintsev, Daniel Rafecas, Correccional Federal"
NO RELEVANTE,,-,No,"Sun, 19 Jun 2016 23:23:37 GMT",9 De Abril,"Gendarmería Nacional, Policía Federal","Desde Argentina, Aguiar Sanabria, Nathalia Gonzalez Seligra, Ariel Iglesias, Alicia Navarro Palacios"
NO RELEVANTE,,"Caballito, Lugano, Palermo, Villa Crespo",Sí,"Thu, 13 Mar 2025 12:46:35 GMT",-,"Gendarmería Nacional, Policía Federal, Policía de la Ciudad","Data Diario, Casa Rosada, Javier Milei, Patricia Bullrich, Pablo Grillo"
NO RELEVANTE,,San Telmo,Sí,"Fri, 07 Nov 2025 15:46:13 GMT",-,-,Capital Federal
NO RELEVANTE,,Mataderos,Sí,"Wed, 02 May 2018 06:23:00 GMT",-,Policía de la Ciudad,"Litoral
En, Capital Federal, Cristian Ritondo, Gonzalo Dangelo, Daniel Alberto"
NO RELEVANTE,,-,Sí,"Tue, 06 Feb 2018 00:00:00 GMT",-,Policía de la Ciudad,"Capital Federal, Ezequiel Allende, Norberto Crescentti"
NO RELEVANTE,,Lugano,Sí,"Thu, 01 May 2025 21:18:38 GMT",14 De Febrero,-,"Manuel Adorni, Javier Milei, Guillermo Francos, Casa Rosada, Patricia Bullrich"
NO RELEVANTE,,-,No,"Wed, 30 Jul 2025 20:13:24 GMT",-,-,Javier Milei
NO RELEVANTE,,-,No,"Thu, 27 Feb 2025 00:45:30 GMT",-,-,"Federico Zirulnik, Juan Pablo Costa"
NO RELEVANTE,,CABA,Sí,"Mon, 06 May 2024 15:08:42 GMT",-,-,"Tiago Palacios, Autopista Arturo Illia, Unidades Fijas"
NO RELEVANTE,,"Balvanera, Barracas, Constitución, Flores, La Boca, Lugano, Nueva Pompeya, Parque Patricios, Retiro, San Cristóbal, San Telmo",Sí,"Thu, 26 Sep 2019 21:30:55 GMT",-,"Gendarmería Nacional, Policía Federal, Policía de la Ciudad, Prefectura Naval","Puerto Madero, Nueva Pompeya, Parque Patricios, Parque Chacabuco, Federal Argentina"
NO RELEVANTE,,CABA,Sí,"Fri, 27 Feb 2026 16:30:51 GMT",27 De Febrero De 2026,Policía de la Ciudad,"Reforma Laboral, Tiempo Judicial
Sociedad, Javier Milei"
NO RELEVANTE,,-,Sí,"Fri, 27 Feb 2026 12:25:49 GMT",-,Policía de la Ciudad,"Diario Registrado
Antes, Reforma Laboral, Myriam Bregman"
NO RELEVANTE,,CABA,Sí,"Fri, 27 Feb 2026 19:08:50 GMT",-,-,"Javier Milei, Myriam Bregman"
NO RELEVANTE,,CABA,Sí,"Fri, 14 Mar 2025 03:01:00 GMT",12 De Junio,"Gendarmería Nacional, Policía Federal, Policía de la Ciudad, Prefectura Naval","Derechos Humanos Horacio, Pietragalla Corti, Naciones Unidas, Derechos Humanos, Patricia Bullrich"
NO RELEVANTE,,CABA,Sí,"Sat, 01 Feb 2025 00:33:43 GMT",22 De Enero,"Policía Bonaerense, Policía de la Ciudad","Izquierda
Durante, Laura Sosa, Fang Jin, Pablo Bartoli, Ruta Provincial"
NO RELEVANTE,,CABA,Sí,"Thu, 13 Mar 2025 15:38:07 GMT",-,-,"Pablo Grillo, Data Diario, Patricia Bullrich, General Urquiza, Emanuel Coria"
NO RELEVANTE,,"Barracas, Constitución",Sí,"Thu, 12 Jun 2025 13:52:00 GMT",11 De Mayo,Policía de la Ciudad,"Alberto Enrique Alejandro, Grasso Rivaldi, Corte Suprema, Cristina Kirchner, Luis Caputo"
NO RELEVANTE,,CABA,Sí,"Thu, 05 Jun 2025 14:49:13 GMT",14 De Julio De 2023,-,"Alejo Arias, Interior
Alejo Arias, Nayib Bukele, Javier Milei, Bukele
Alejo Arias"
NO RELEVANTE,,Liniers,Sí,"Mon, 09 Feb 2026 17:31:00 GMT",-,Policía de la Ciudad,"Autopista Riccheri, Jorge Macri, Capital Federal, Ingeniero Budge, General Hornos"
NO RELEVANTE,,CABA,Sí,"Mon, 05 Jan 2026 03:01:00 GMT",30 De Diciembre,"Policía Federal, Policía de la Ciudad","Daniel Vera, Obra Social, Actividad Docente, Javier Milei, Luis Espert"
NO RELEVANTE,,-,Sí,"Fri, 27 Feb 2026 10:27:00 GMT",9 De Julio,Gendarmería Nacional,"Capital Federal, Reforma Laboral"
NO RELEVANTE,,-,Sí,"Wed, 28 May 2025 19:02:15 GMT",12 De Marzo,"Gendarmería Nacional, Policía Federal","Javier Milei, Patricia Bullrich, Jubiladxs Insurgentes, Antonio Becerra, Tiempo Argentino"
NO RELEVANTE,,CABA,Sí,"Thu, 20 Feb 2025 03:01:00 GMT",-,"Policía Federal, Prefectura Naval","Javier Milei, Casa Rosada, Myriam Bregman, Alejandro Lipco, Polo Obrero"
NO RELEVANTE,,Palermo,Sí,"Sun, 22 Jun 2025 03:01:00 GMT",-,Policía de la Ciudad,"Juan Pablo, Agustina Milagro Contreras, Grand Bourg, Malvinas Argentinas, Investigaciones Comunales"
NO RELEVANTE,,Lugano,Sí,"Tue, 27 Jan 2026 11:39:00 GMT",27 De Enero,Policía de la Ciudad,"Agencia Noticias Argentinas, General Paz, Anillo Digital, Volkswagen Polo, Autopista Riccheri"
NO RELEVANTE,,-,No,"Sun, 28 Sep 2025 17:45:00 GMT",-,-,"Florencio Varela, Victor Sotacuro, Aeropuerto Internacional, Patricia Bullrich, Alejandra Monteoliva"
NO RELEVANTE,,-,No,"Thu, 13 Mar 2025 07:39:50 GMT",13 De Marzo De 2025,-,"Milei
Hay, Pablo Grillo, Javier Milei, Contacto
Nuestro"
NO RELEVANTE,,Palermo,Sí,"Thu, 26 Feb 2026 19:47:00 GMT",17 De Noviembre De 1972,-,"Thomas Markwell, Estados Unidos, Correccional Federal, De Giorgi, Juan Pablo Madeo"
NO RELEVANTE,,CABA,Sí,"Thu, 26 Feb 2026 03:59:00 GMT",-,Policía Federal,"Facundo Tedeschini, Federal Argentina, Javier Milei"
NO RELEVANTE,,-,No,2026-02-27,-,-,-
NO RELEVANTE,,CABA,Sí,"Thu, 21 Mar 2019 00:36:31 GMT",-,-,Rodriguez Larreta
NO RELEVANTE,,CABA,Sí,"Sat, 15 Nov 2025 12:13:00 GMT",-,Policía Bonaerense,"Volkswagen Up, Unidad Funcional"
NO RELEVANTE,,CABA,Sí,"Wed, 11 Sep 2019 22:20:12 GMT",9 De Julio,Policía de la Ciudad,"Desarrollo Social, Votamos Luchar, Carolina Stanley, Eduardo Belliboni, Polo Obrero"
NO RELEVANTE,,Palermo,Sí,"Thu, 26 Feb 2026 22:08:16 GMT",26 De Febrero De 2026,-,"Thomas Markwell, Correccional Federal, De Giorgi, Estados Unidos, The Gifting Company"
NO RELEVANTE,,-,No,"Tue, 31 Jul 2012 00:00:00 GMT",6 De Agosto,Policía Federal,"Pablo Montanaro, Servicio Penitenciario Federal, Jorge Alberto Soza, Alto Valle, Federal Argentina"
NO RELEVANTE,,-,No,"Fri, 02 Sep 2022 21:41:00 GMT",-,-,"Arroyo Salgado, Juan Manuel Coresa, Christian Parodi, Fernando Palazzo, Fabio Crucianelli"
NO RELEVANTE,,-,No,"Wed, 28 Oct 2009 06:17:00 GMT",-,Policía Federal,"Poder Judicial, Flavia Flamig, Natalia Contreras, Capital Federal, Mar Caribe"
NO RELEVANTE,,-,No,2026-02-26,-,-,"Capital Federal, Diario Junin
Es"
NO RELEVANTE,,Chacarita,Sí,"Thu, 19 Feb 2026 18:47:37 GMT",-,"Gendarmería Nacional, Policía Federal, Policía de la Ciudad","Dos Congresos, Plaza Congreso, Avenida Entre, Alejandra Monteoliva"
NO RELEVANTE,,Constitución,Sí,"Tue, 10 Jun 2025 15:35:00 GMT",-,Policía de la Ciudad,"Monte Castro, Unidad Investigativa"
NO RELEVANTE,,CABA,Sí,"Mon, 26 Aug 2019 21:17:00 GMT",15 De Febrero De 2013,-,"Julio Avinceto, Daniel Scioli, Eugenia Vidal, Ismael Sosa"
NO RELEVANTE,,Lugano,Sí,"Wed, 15 Feb 2023 17:30:00 GMT",-,Policía de la Ciudad,"Autopista Dellepiane, Alejandrina Barry"
NO RELEVANTE,,Constitución,Sí,"Mon, 21 Jan 2008 09:00:00 GMT",-,-,Operativa Ferroviaria
NO RELEVANTE,,Parque Patricios,Sí,"Sun, 27 Jul 2025 16:48:03 GMT",12 De Abril De 2012,Policía de la Ciudad,"Parque Patricios, Renault Megane, Justicia Penal"
NO RELEVANTE,,Recoleta,Sí,"Thu, 08 Jan 2026 16:30:00 GMT",-,Policía de la Ciudad,Martin Peluso
NO RELEVANTE,,Boedo,Sí,"Sun, 08 Jun 2025 20:04:00 GMT",14 De Mayo,-,"Servicio Penitenciario Bonaerense, Capital Federal"
NO RELEVANTE,,CABA,Sí,"Tue, 06 Aug 2024 18:25:00 GMT",-,-,"Guardia Urbana, Chevrolet Prisma, Unidad Funcional"
NO RELEVANTE,,CABA,Sí,"Fri, 13 Feb 2026 01:38:13 GMT",-,Policía de la Ciudad,"Interior
Uno, Reforma Laboral, Departamento Judicial, Malena Mercuriari, Palacio Legislativo"
NO RELEVANTE,,La Boca,Sí,"Thu, 08 Jan 2026 19:00:00 GMT",-,Gendarmería Nacional,Nahuel Gallo
NO RELEVANTE,,CABA,Sí,"Mon, 16 Jun 2025 21:09:06 GMT",13 De Abril De 2021,-,"Comodoro Py, Interior
Bajo, Cristina Kirchner, Nelson Periotti, Jorge Gorini"
NO RELEVANTE,,Lugano,Sí,"Tue, 27 Jan 2026 18:49:54 GMT",21 De Diciembre,-,"Anillo Digital, General Paz, Volkswagen Polo, Boulogne Sur Mer, Mercado Central"
NO RELEVANTE,,-,No,2026-02-25,-,-,-
NO RELEVANTE,,Villa Crespo,Sí,"Wed, 25 Feb 2026 17:46:00 GMT",-,Policía Federal,"Patricia Bullrich, Departamento Federal, Federal Argentina, Javier Milei, Correccional Federal"
NO RELEVANTE,,-,No,2026-02-25,-,-,Patricia Bullrich
NO RELEVANTE,,Villa Crespo,Sí,"Wed, 25 Feb 2026 18:26:31 GMT",-,Policía Federal,"Patricia Bullrich, Departamento Federal, Federal Argentina, Crimen Organizado, Correccional Federal"
NO RELEVANTE,,-,No,2026-02-25,-,-,Patricia Bullrich
NO RELEVANTE,,Villa Crespo,Sí,"Wed, 25 Feb 2026 16:09:00 GMT",-,Policía Federal,"Patricia Bullrich, Federal Argentina, Donald Trump, Unidad Antiterrorista, Javier Milei"
NO RELEVANTE,,-,Sí,2026-02-25,-,-,-
NO RELEVANTE,,-,No,"Wed, 12 Mar 2025 16:59:00 GMT",-,Gendarmería Nacional,"Javier Milei, Patricia Bullrich, Avenida Rivadavia, Avenida Callao, Congreso
Mariano Fuchila"
NO RELEVANTE,,"Caballito, Lugano, Palermo, Villa Crespo",Sí,"Thu, 13 Mar 2025 00:00:19 GMT",12 De Marzo De 2025,"Gendarmería Nacional, Policía Federal, Policía de la Ciudad","Casa Rosada, Cruz Roja, Pablo Grillo, Sergio Palazzo, Julia Strada"
NO RELEVANTE,,-,No,"Fri, 26 Mar 2021 00:41:00 GMT",-,Policía de la Ciudad,"Agencia Federal, Bernardino Rivadavia, Guillermo Federico Barea, Leandro Noguera"
NO RELEVANTE,,-,Sí,"Wed, 06 Sep 2023 15:27:53 GMT",-,-,"Bario Illia, Volkswagen Bora, Flagrancia Oeste"
NO RELEVANTE,,CABA,Sí,"Tue, 08 Aug 2023 11:34:59 GMT",08 De Agosto De 2023,-,"Distrito Mosconi, Leonardo Ignacio Valles, Jueza Roxana Mariel"
NO RELEVANTE,,-,No,2026-02-25,-,-,-
NO RELEVANTE,,-,No,"Tue, 28 Jul 2026 00:00:00 GMT",-,-,"Zona
Secciones
Locales, Deportes
Policiales, Noticias Anteriores, Contacto Comercial"
NO RELEVANTE,,CABA,Sí,"Tue, 03 Dec 2024 14:15:00 GMT",31 De Diciembre De 2023,Policía Bonaerense,"Infobae
Eduardo Omar, Jorge Villalba, Almirante Brown, Chicago Bull, Estados Unidos"
NO RELEVANTE,,Palermo,Sí,"Mon, 19 Dec 2022 22:39:56 GMT",9 De Julio,-,"Capital Federal, Fan Fest, Monitoreo Urbano, Diagonal Norte"
NO RELEVANTE,,"Balvanera, Barracas, Caballito, Chacarita, Saavedra",Sí,"Tue, 18 Feb 2025 12:49:00 GMT",16 De Febrero,Policía de la Ciudad,"Daniel Olivera, Leonardo Emanuel Zavala, Alfredo Maldonado Villalobo, Waldo Wolff, Wilson Marcelo"
NO RELEVANTE,,Villa Crespo,Sí,"Wed, 25 Feb 2026 19:29:00 GMT",-,Policía Federal,"Patricia Bullrich, Departamento Federal, Federal Argentina, Javier Milei, Correccional Federal"
NO RELEVANTE,,Villa Crespo,Sí,"Wed, 25 Feb 2026 22:40:35 GMT",-,Policía Federal,"Patricia Bullrich, Departamento Federal, Federal Argentina, Crimen Organizado, Correccional Federal"
NO RELEVANTE,,-,No,"Sat, 13 Sep 2025 09:56:00 GMT",-,-,"Venado Tuerto, Marcelo Rodrigo, Andrea Cecilia"
NO RELEVANTE,,"Caballito, Flores",Sí,"Thu, 21 Aug 2025 03:18:00 GMT",20 De Agosto De 2025,Gendarmería Nacional,"Infobae
No, Unidad Penal, Rafael Francisco Lupa, Pharma Group, Laboratorios Ramallo"
NO RELEVANTE,,Palermo,Sí,"Wed, 25 Feb 2026 02:37:04 GMT",22 De Octubre,-,"Capital Federal, Thomas Markell, Correccional Federal, De Giorgi, The Gifting Company"
NO RELEVANTE,,-,No,"Tue, 25 Mar 2014 12:07:00 GMT",-,Policía Federal,"Infobae
The, Karina Jelinek, Delitos Federales, Federal Argentina, Juez Federal"
NO RELEVANTE,,Belgrano,Sí,"Tue, 05 Nov 2013 00:00:00 GMT",12 De Octubre,-,"Capital Federal, Alejandro Salas, Unidad Funcional, Unidad Penitenciaria"
NO RELEVANTE,,-,No,2026-02-25,-,-,-
NO RELEVANTE,,Lugano,Sí,"Fri, 14 Nov 2025 00:21:00 GMT",20 De Julio,"Policía Bonaerense, Policía Federal","Gordo Jorge, Volkswagen Suran, Departamento Casos Especiales, Cristian Norberto Garnica, Volkswagen Bora"
NO RELEVANTE,,-,No,"Thu, 20 Nov 2025 12:44:00 GMT",-,-,"Carlos Negro, Luis Fernando, Nueva Era, Punta Espinillo, Luis Mendoza"
NO RELEVANTE,,"Chacarita, Mataderos",Sí,"Thu, 02 Oct 2025 03:01:00 GMT",-,"Gendarmería Nacional, Policía Federal, Policía de la Ciudad, Prefectura Naval","Patricia Bullrich, Jorge Macri, Luis Espert, Prefectura Naval, Dos Congresos"
NO RELEVANTE,,-,No,2026-02-25,-,-,-
NO RELEVANTE,,-,No,2026-02-24,-,-,-
NO RELEVANTE,,CABA,Sí,"Thu, 14 Aug 2025 13:43:00 GMT",-,"Policía Federal, Policía de la Ciudad","Del Trabajo, Agustina Bagniole, Gentileza
Del, Destacamento Especial, General Roca"
NO RELEVANTE,,Chacarita,Sí,"Mon, 23 Feb 2026 03:01:00 GMT",11 De Febrero,Policía de la Ciudad,"Reforma Laboral, Lucas Morello, Horacio Alberto, Plaza Congreso, Movimiento Evita"
NO RELEVANTE,,Retiro,Sí,"Tue, 08 Jul 2025 22:19:58 GMT",-,Policía de la Ciudad,"Interior
Agentes"
NO RELEVANTE,,CABA,Sí,"Sun, 17 Aug 2025 19:11:00 GMT",20 De Julio,Policía de la Ciudad,"Anillo Digital, Volkswagen Golf, Amancio Alcorta, Puente Alsina, Carlos Pellegrini"
NO RELEVANTE,,-,No,"Wed, 31 Dec 1969 21:00:00 GMT",-,-,"Capital Federal, Diario Junin
Notice"
NO RELEVANTE,,CABA,Sí,"Tue, 14 Nov 2006 00:00:00 GMT",28 De Marzo,"Gendarmería Nacional, Policía Federal","Corrientes
Policiales
Si, Mario Oscar Veloso, Capital Federal, Departamento Interpol, Federal Argentina"
NO RELEVANTE,,-,No,"Fri, 03 Oct 2025 06:12:00 GMT",30 De Septiembre,-,"Almirante Brown, Schmidt Ocean Institute, Pablo Adolfo Buonanotte, Smith Ocean Institute, Laura Ruiz Etcheverry"
NO RELEVANTE,,CABA,Sí,"Mon, 01 Dec 2025 22:05:07 GMT",-,Policía Bonaerense,"Toyota Hilux, Ford Focus"
NO RELEVANTE,,CABA,Sí,"Sun, 26 Oct 2025 19:25:00 GMT",-,Policía Federal,"Uno Entre Rios, Federal Argentina, Carlos Rengel Mirat, Unidad Fiscal Especializada, Criminal Compleja"
NO RELEVANTE,,Lugano,Sí,"Sat, 17 May 2025 16:11:57 GMT",18 De Enero,-,"En Linea Noticias, Antonio Eduardo Bustos, Guillermo Mareco, Diego Prado, Sierra Chica"
NO RELEVANTE,,"Barracas, Retiro",Sí,"Sat, 27 Sep 2025 03:01:00 GMT",-,-,"Morena Verdi, Brenda Loreley Del, Lara Morena, Chevrolet Trucker, Florencio Varela"
NO RELEVANTE,,-,No,"Tue, 07 Jan 2025 13:30:32 GMT",20 De Mayo De 2012,Policía Federal,"Plata
En, Diego Benzi, Del Valle, Fernando Miner, Capital Federal"
NO RELEVANTE,,CABA,Sí,"Wed, 03 Jun 2020 20:32:00 GMT",20 De Marzo,"Gendarmería Nacional, Policía Federal, Prefectura Naval","Prefectura Naval, En Capital Federal, Capital Federal, Poder Ejecutivo"
NO RELEVANTE,,-,No,"Thu, 29 May 2025 11:27:07 GMT",-,Policía de la Ciudad,"Perfil
Durante, River Plate, Departamento Actuaciones Judiciales, Figueroa Alcorta, Tribuna Segura"
NO RELEVANTE,,-,No,"Thu, 22 Jan 2026 11:01:00 GMT",-,-,"Mameluco Villalba, Agencia Noticias Argentinas, Droga Adulterada, Correccional Federal"
NO RELEVANTE,,CABA,Sí,"Tue, 19 Dec 2017 00:00:00 GMT",-,Policía de la Ciudad,"Especial Argentina, Dos Congresos, Reforma Previsional, Quinta Presidencial"
NO RELEVANTE,,CABA,Sí,"Fri, 07 Feb 2025 11:07:00 GMT",17 De Octubre,Policía Federal,"Federal Argentina, Antidrogas Eldorado, Viviana Vallejos, Alejandro Gallandat Luzuriaga, Salta
En"
NO RELEVANTE,,Palermo,Sí,"Mon, 23 Feb 2026 16:27:00 GMT",-,Policía de la Ciudad,"Ambito
En, Jorge Macri, Toyota Yaris"
NO RELEVANTE,,Constitución,Sí,"Wed, 18 Jun 2025 13:00:00 GMT",-,-,"Cristina Elisabet, Jorge Gorini, Corte Suprema, Sigue Leyendo"
NO RELEVANTE,,Palermo,Sí,"Mon, 23 Feb 2026 16:27:00 GMT",-,Policía de la Ciudad,"Ambito
En, Jorge Macri, Toyota Yaris"
NO RELEVANTE,,CABA,Sí,"Wed, 30 Jul 2025 12:44:00 GMT",-,Policía de la Ciudad,"Avenida Entre, Avenida Callao, Avenida Rivadavia, Palacio Legislativo, Plaza Mayo"
NO RELEVANTE,,Villa Devoto,Sí,"Thu, 15 Jan 2026 16:01:00 GMT",-,-,"Marcos Paz, Servicio Penitenciario Federal, Alejandra Monteoliva, Radio Rivadavia, Complejo Penitenciario Federal"
NO RELEVANTE,,CABA,Sí,"Sun, 22 Feb 2026 20:25:50 GMT",-,Policía Federal,"Federal Argentina, Reynaldo Castedo, Justicia Federal"
NO RELEVANTE,,Liniers,Sí,"Sat, 08 Jun 2019 11:57:00 GMT",-,Policía Bonaerense,"Capital Federal, Toyota Corolla, Pablo Barral, Departamento Judicial, Puerto Madero
Delincuentes"
NO RELEVANTE,,-,No,2026-02-22,-,-,-
NO RELEVANTE,,CABA,Sí,"Sun, 22 Feb 2026 13:28:00 GMT",-,Policía de la Ciudad,"Parque Chacabuco, Parque Chacabuco
Durante"
NO RELEVANTE,,CABA,Sí,"Tue, 09 Sep 2025 19:35:11 GMT",27 De Agosto,Policía de la Ciudad,"Bersa Thunder, Unidad Fiscal, Alejandro Pelicoli, Alejandra Provitola"
NO RELEVANTE,,-,No,"Sat, 10 Jan 2026 07:00:00 GMT",-,Prefectura Naval,"Prefectura Naval Argentina, Estados Unidos, Tamara Ahumada Pourcel, Casos Complejos"
NO RELEVANTE,,CABA,Sí,"Tue, 04 Nov 2025 17:36:26 GMT",-,Policía Federal,"Plata
Dos, Federal Argentina, Santiago Inchausti, Laura Mazzaferri, Di Julio"
NO RELEVANTE,,-,No,"Mon, 17 Nov 2025 00:00:00 GMT",-,Policía de la Ciudad,"Capital Federal, Anillo Digital, Toyota Etios, Unidad Funcional"
NO RELEVANTE,,"Constitución, Flores",Sí,"Sun, 21 Apr 2024 18:11:00 GMT",-,Policía Federal,"Delitos Complejos, Procedimientos Judiciales, Bajo Flores, Cannabis Sativa, Pablo Yadarola"
NO RELEVANTE,,-,No,2026-02-22,-,-,Reforma Laboral
NO RELEVANTE,,CABA,Sí,"Tue, 20 Sep 2022 11:36:47 GMT",-,Policía de la Ciudad,"Sports
En, Hugo Ibarra, Liga Profesional, Boca Juniors"
NO RELEVANTE,,CABA,Sí,"Wed, 24 Nov 2021 00:00:00 GMT",-,"Policía Bonaerense, Policía de la Ciudad","Roberto Sabo, Daniel Feierstein, Garganta Poderosa, Sergio Berni, Patricia Bullrich"
NO RELEVANTE,,Constitución,Sí,"Sun, 16 Mar 2025 13:56:00 GMT",-,-,"Casa Rosada, Karina Andrade, Poder Judicial, Patricia Bullrich, Jueza Karina Andrade"
NO RELEVANTE,,CABA,Sí,"Thu, 14 Aug 2025 10:15:00 GMT",-,"Policía Federal, Policía de la Ciudad","Del Trabajo, Agustina Bagniole, Gentileza
Del, Destacamento Especial, General Roca"
NO RELEVANTE,,Constitución,Sí,"Thu, 20 Jul 2023 12:18:00 GMT",20 De Junio,-,"Tiempo Argentino
En, Gerardo Morales, Grupo Ledesma, Trabajadores Argentinos, Hugo Yasky"
NO RELEVANTE,,"Flores, Villa Devoto",Sí,"Tue, 11 Jul 2017 20:00:05 GMT",-,-,"Segunda Guerra Mundial, Crimen Organizado, Paul Starc"
NO RELEVANTE,,CABA,Sí,"Thu, 27 Nov 2025 00:03:00 GMT",-,Policía de la Ciudad,"Estudios Comparados, Ciencias Sociales, Javier Milei, Derechos Humanos, Justicia
De"
NO RELEVANTE,,CABA,Sí,"Tue, 20 Jan 2026 10:30:00 GMT",20 De Junio,-,-
NO RELEVANTE,,CABA,Sí,"Fri, 14 Mar 2025 02:23:00 GMT",-,-,"Pablo Grillo, Javier Milei, Emiliano Grillo, Paco Olveira, Boca Juniors"
NO RELEVANTE,,-,No,"Thu, 13 Mar 2025 00:37:20 GMT",-,Policía de la Ciudad,"Pablo Grillo, Patricia Bullrich"
NO RELEVANTE,,CABA,Sí,"Wed, 12 Nov 2025 18:04:24 GMT",-,Policía Federal,"Otero Cao, Guillermo Jorge Hugo, Santiago Inchausti, Gerardo Mendiola, Franco Saraco"
NO RELEVANTE,,CABA,Sí,"Wed, 28 Jan 2026 12:46:00 GMT",22 De Noviembre,"Policía Bonaerense, Policía de la Ciudad","Infobae
Cuatro, Eugenia Renom, Operaciones Inmediatas, Corbeta Uruguay, Diagonal Estados Unidos"
NO RELEVANTE,,CABA,Sí,"Tue, 20 Jan 2026 18:27:40 GMT",24 De Junio De 1973,-,"Elisa Trotta, Venezuela
Gustavo Gabriel, Reporte Ya, Nahuel Gallo, Roberto Baldo"
NO RELEVANTE,,-,Sí,"Fri, 19 Dec 2025 00:00:00 GMT",-,"Policía Bonaerense, Policía de la Ciudad","Diario Hoy En, Capital Federal, Investigaciones Judiciales"
NO RELEVANTE,,-,No,2026-02-21,-,-,"Capital Federal, Diario Junin
Es"
NO RELEVANTE,,CABA,Sí,"Fri, 20 Feb 2026 10:33:00 GMT",-,Policía de la Ciudad,"Parque Chacabuco, Flagrancia Oeste, Emmanuel Ferrario"
NO RELEVANTE,,San Cristóbal,Sí,"Sat, 31 Jan 2026 12:09:13 GMT",24 De Enero,Policía de la Ciudad,"Renault Logan, Investigaciones Victoria, Eduardo Guaita, Inteligencia Criminal, Jefatura Victoria"
NO RELEVANTE,,-,No,"Mon, 02 Jun 2025 14:55:00 GMT",-,-,Alcohol Cero
NO RELEVANTE,,CABA,Sí,"Sat, 18 Mar 2023 01:30:34 GMT",10 De Diciembre,"Gendarmería Nacional, Policía Bonaerense, Policía Federal, Policía de la Ciudad, Prefectura Naval","Personas Asesinadas, Agenda Antirrepresiva, Fondo Monetario Internacional, Donald Trump, Banco Interamericano"
NO RELEVANTE,,CABA,Sí,"Wed, 14 Dec 2022 00:12:00 GMT",-,Policía de la Ciudad,"Infocielo
Luego, Derechos Humanos, Horacio Pietragalla Corti, Pietragalla Corti, Javier Andrade"
NO RELEVANTE,,-,No,"Thu, 13 Mar 2025 00:00:00 GMT",-,Policía de la Ciudad,"Javier Milei, Patricia Bullrich, Pablo Grillo"
NO RELEVANTE,,CABA,Sí,"Tue, 03 Feb 2026 13:22:00 GMT",-,-,"En Argentina, Unidades Fijas"
NO RELEVANTE,,Retiro,Sí,"Thu, 05 Feb 2026 12:03:00 GMT",-,"Policía Federal, Policía de la Ciudad","Agencia Noticias Argentinas, Departamento Federal, Federal Argentina, Capital Federal, Sistema Federal"
NO RELEVANTE,,Nueva Pompeya,Sí,"Fri, 20 Feb 2026 15:44:00 GMT",20 De Febrero,-,"Argentina
Barrio, Nueva Pompeya, Agencia Noticias Argentinas, Noticias Argentinas"
NO RELEVANTE,,-,Sí,"Thu, 10 Aug 2023 18:30:34 GMT",-,Policía de la Ciudad,"Prensa Obrera
Fue, Votamos Luchar, Facundo Molares, Cejas Jimena, Machado Alicia"
NO RELEVANTE,,CABA,Sí,"Sun, 27 Oct 2024 13:55:00 GMT",-,"Policía Bonaerense, Policía de la Ciudad","Toyota Hilux, Marcelo Javier Boro, Javier Alejandro, Silvia Del Conte, Renault Duster"
NO RELEVANTE,,-,No,2026-02-21,-,-,Romina Manguel
NO RELEVANTE,,CABA,Sí,"Tue, 29 Oct 2024 12:36:49 GMT",-,Policía Bonaerense,"Alfredo Palacios, Pedro Goyena, Volkswagen Virtus, Unidad Funcional, Departamento Judicial"
NO RELEVANTE,,CABA,Sí,"Thu, 10 Aug 2023 00:00:00 GMT",-,Policía de la Ciudad,"Necochea
En, Facundo Molares, Votamos Luchar, Molares
Facundo Molares, Fuerzas Armadas Revolucionarias"
NO RELEVANTE,,Caballito,Sí,"Tue, 18 Feb 2025 11:03:33 GMT",-,Policía de la Ciudad,"Daniel Olivera, Alfredo Maldonado Villalobo, Waldo Wolff"
NO RELEVANTE,,CABA,Sí,"Thu, 19 Feb 2026 00:00:00 GMT",-,"Policía Federal, Policía de la Ciudad","Primera Fuente
Durante, Sindicatos Unidos, Plaza Congreso, Palacio Legislativo"
NO RELEVANTE,,-,No,"Wed, 05 Nov 2025 19:46:00 GMT",-,Policía Bonaerense,"Sargento Cabral, Unidad Judicial, Loma Hermosa, Fuerza Barrial"
NO RELEVANTE,,CABA,Sí,"Mon, 30 Jun 2025 19:30:24 GMT",20 De Febrero,Policía de la Ciudad,"Capital Federal, Fuerzas Especiales, Hurtos Sur, Volkswagen Amarok, Renault Duster"
NO RELEVANTE,,-,No,"Fri, 01 Jul 2016 11:54:19 GMT",-,Gendarmería Nacional,Diego Aljanati
NO RELEVANTE,,CABA,Sí,"Fri, 28 Nov 2025 09:52:00 GMT",-,-,"Servicio Penitenciario, Online
En, Servicio Penitenciario Federal, Poder Judicial, Recursos Humanos"
NO RELEVANTE,,Belgrano,Sí,"Sun, 07 Sep 2025 19:57:00 GMT",26 De Octubre,Policía Federal,"Cuyo
Millones, Axel Kicillof, Franco Colapinto, Andrea Trofimczuk, Gran Premio"
NO RELEVANTE,,CABA,Sí,"Fri, 14 Mar 2025 14:51:00 GMT",-,"Policía Federal, Policía de la Ciudad","Lilia Lemoine, Federal Argentina, Lilia Lemonie, Mariano Yezze, Maximiliano Kosteki"
NO RELEVANTE,,-,No,2026-02-19,-,-,Reforma Laboral
NO RELEVANTE,,CABA,Sí,"Sun, 26 Oct 2025 00:00:00 GMT",-,Policía de la Ciudad,-
NO RELEVANTE,,CABA,Sí,"Thu, 19 Feb 2026 16:15:00 GMT",-,-,"Capital Federal, Online
Entre, General Rivas, Autopista Acceso Oeste"
NO RELEVANTE,,-,No,"Thu, 19 Feb 2026 16:49:00 GMT",-,"Policía Federal, Prefectura Naval","Acceso Oeste, En Congreso, Mendoza Enorme"
NO RELEVANTE,,Belgrano,Sí,"Tue, 15 Jul 2025 10:11:51 GMT",-,Gendarmería Nacional,"Perfil
Pablo Javier, Operaciones Especiales, Brian Walter, Patricia Bullrich, Pablo Raynaud"
NO RELEVANTE,,CABA,Sí,"Thu, 19 Feb 2026 18:05:00 GMT",-,Policía de la Ciudad,-
NO RELEVANTE,,"Barracas, Nueva Pompeya",Sí,"Wed, 27 Nov 2024 00:46:00 GMT",11 De Noviembre,-,"Jorge Macri, Barracas
Entre, Jairo Abel Gamarra, Ezequiel Pacheco, Parque Chacabuco"
NO RELEVANTE,,"Chacarita, Palermo",Sí,"Tue, 09 Sep 2025 16:10:00 GMT",11 De Mayo,Policía de la Ciudad,"Toyota Corolla, Jefatura Departamental, Monitoreo Urbano, Barrio Fraga"
NO RELEVANTE,,Liniers,Sí,"Mon, 09 Feb 2026 13:43:57 GMT",-,Policía de la Ciudad,"Capital Federal, Puente Alsina, Ingeniero Budge, General Hornos, Volkswagen Bora"
NO RELEVANTE,,-,No,"Sat, 27 Sep 2025 20:08:00 GMT",-,-,"Infonews
Hubo, Brenda Del Castillo, Morena Verdi, Jorge Macri, Patricia Bullrich"
NO RELEVANTE,,CABA,Sí,"Fri, 24 Oct 2025 14:13:14 GMT",12 De Junio De 2024,Policía de la Ciudad,"Javier Milei, Jorge Macri, Mecanismo Local, Agencia Andar, Violencia Institucional"
NO RELEVANTE,,CABA,Sí,"Fri, 07 Mar 2025 17:54:05 GMT",-,-,"Canal Abierto, Waldo Wolff, Patricia Bullrich, Gobierno Jorge Macri, Servicio Penitenciario"
NO RELEVANTE,,-,No,"Fri, 04 Apr 2025 01:37:00 GMT",-,"Gendarmería Nacional, Policía Federal","Federal Argentina, Pozo Blanco, Pozo Hondo, Guillermo Molinari, Unidad Operativa Federal"
NO RELEVANTE,,Belgrano,Sí,"Sat, 31 Aug 2024 13:37:06 GMT",-,"Gendarmería Nacional, Policía Federal, Policía Metropolitana, Policía de la Ciudad, Prefectura Naval","Juez Correccional, Fiscal Contravencional, Habeas Corpus, Divisiones Sarmiento, Investigaciones Federales"
NO RELEVANTE,,CABA,Sí,"Thu, 10 Aug 2023 19:25:00 GMT",-,Policía Federal,"Facundo Molares, Facundo Molares Schoenfeld, Fuerzas Armadas Revolucionarias, Derechos Humanos"
NO RELEVANTE,,-,No,"Wed, 10 Sep 2025 00:04:19 GMT",-,Gendarmería Nacional,-
NO RELEVANTE,,CABA,Sí,"Thu, 22 May 2025 08:17:00 GMT",-,Policía Federal,"Jorge Castillo, Justicia Federal, Luis Amella, Cecilia Icardona, Agencias Federales"
NO RELEVANTE,,-,No,"Sun, 19 Jun 2016 18:23:37 GMT",9 De Abril,"Gendarmería Nacional, Policía Federal","Desde Argentina, Aguiar Sanabria, Nathalia Gonzalez Seligra, Ariel Iglesias, Alicia Navarro Palacios"
NO RELEVANTE,,CABA,Sí,"Fri, 28 Feb 2025 10:30:00 GMT",-,"Policía Bonaerense, Policía de la Ciudad",Malvinas Argentinas
NO RELEVANTE,,-,No,"Wed, 18 Feb 2026 17:37:00 GMT",18 De Febrero,-,"Pinos Guevara, Fernando Pinos Guevara, Florencio Varela, Agencia Noticias Argentinas, Cristian Barreto"
NO RELEVANTE,,"Boedo, Constitución, Flores, Liniers",Sí,"Sat, 13 Dec 2025 00:00:00 GMT",-,Policía de la Ciudad,Hurtos Sur
NO RELEVANTE,,CABA,Sí,"Thu, 03 Apr 2025 14:43:50 GMT",12 De Marzo,"Gendarmería Nacional, Policía de la Ciudad","Human Rights Watch, Derechos Humanos Human, Rights Watch, Patricia Bullrich, Juanita Goebertus"
NO RELEVANTE,,Constitución,Sí,"Tue, 04 Mar 2025 00:08:33 GMT",26 De Abril De 2013,"Policía Federal, Policía Metropolitana, Policía de la Ciudad","Jorge Macri, Waldo Wolff, Diego Kravetz, Sin Kravetz, Claudia Neira"
NO RELEVANTE,,CABA,Sí,"Thu, 22 Jan 2026 15:08:05 GMT",-,-,Diario Nuevo
NO RELEVANTE,,-,No,2026-02-18,-,-,"Infovallefertil
Performing"
NO RELEVANTE,,-,No,"Tue, 26 Jul 2022 09:31:00 GMT",-,Policía Federal,"Alicia Vence, Investigaciones Federales, Jeep Renegade, Capital Federal"
NO RELEVANTE,,"Constitución, Flores",Sí,"Fri, 27 Apr 2018 01:06:12 GMT",8 De Marzo De 2017,"Gendarmería Nacional, Policía Federal, Policía de la Ciudad, Prefectura Naval","Foto Enfoque Rojo, Violencia Institucional, Myriam Bregman, Estudios Legales, Nahuel Berguier"
NO RELEVANTE,,-,No,"Wed, 04 Feb 2026 11:26:00 GMT",2 De Febrero,-,"Agencia Noticias Argentinas, Rastreador Fournier"
NO RELEVANTE,,CABA,Sí,"Sun, 26 Oct 2025 02:01:53 GMT",-,-,"Cyber Monday, Unidad Fiscal Especializada, Datos Personales"
NO RELEVANTE,,-,Sí,"Wed, 30 Apr 2025 12:17:03 GMT",-,Policía Bonaerense,"Fuerza Barrial, Luis Antonio Armella, En Rosario, Adolf Hitler, Brigada Operativa"
NO RELEVANTE,,CABA,Sí,"Tue, 05 Dec 2023 11:11:00 GMT",30 De Agosto,"Policía Bonaerense, Policía Federal","Infobae
Trece, Bettina Mobillo, Delitos Conexos, Eleonora Weingast, Departamento Judicial"
NO RELEVANTE,,CABA,Sí,"Sat, 13 Dec 2025 18:32:00 GMT",-,Policía de la Ciudad,"Mario Giannobeli, Parque Lezama, Mario Giannobeli Playa, Sergio Ubaldo, Puerto Madryn"
NO RELEVANTE,,Retiro,Sí,"Wed, 02 Jul 2025 14:09:15 GMT",-,Policía de la Ciudad,"Perfil
Cinco, Fiat Pulse, Noticias Argentinas, Correccional Federal, Daniel Rafecas"
NO RELEVANTE,,CABA,Sí,"Tue, 20 Jan 2026 10:30:00 GMT",20 De Junio,-,-
NO RELEVANTE,,Caballito,Sí,"Sun, 03 Aug 2025 11:31:00 GMT",-,"Policía Federal, Policía de la Ciudad","Fabio Rosa Carvalho, Os Manos, Rosa Carvalho, Gilmar Dos Santos, Pedro Goyena"
NO RELEVANTE,,CABA,Sí,"Wed, 14 Feb 1996 00:00:00 GMT",-,Policía Federal,"Federal Argentina, Correccional Federal, Roberto Ramos"
NO RELEVANTE,,Nueva Pompeya,Sí,"Tue, 28 Oct 2025 12:22:08 GMT",30 De Septiembre,Policía de la Ciudad,"Nueva Pompeya, Matanza Riachuelo"
NO RELEVANTE,,CABA,Sí,"Mon, 02 Feb 2026 20:46:04 GMT",24 De Junio De 1973,-,"Gustavo Gabriel Rivara, Pablo Quirno, Nahuel Gallo, Patricia Bullrich"
NO RELEVANTE,,CABA,Sí,"Wed, 23 Jul 2025 11:00:00 GMT",-,-,"Carlos Casares, Bellocq
Uno, Henri Gesta"
NO RELEVANTE,,Barracas,Sí,"Mon, 11 Aug 2025 18:26:22 GMT",27 De Agosto,Policía de la Ciudad,"Barracas Central, Perfil
Tal, Guillermo Francella, Edgar Limber Justo, Osvaldo Cruz"
NO RELEVANTE,,CABA,Sí,"Wed, 21 Oct 2020 13:04:16 GMT",-,-,"Unidad Especial Antirrobo, Black Lives Matter, George Floyd, Babajide Sanwo, Autoridad Nigeriana"
NO RELEVANTE,,"Barracas, Constitución",Sí,"Fri, 08 Nov 2024 06:56:00 GMT",-,Policía de la Ciudad,"Cecilia Martha Amil, Unidad Fiscal Especializada, Primera Instancia, Fiscal General, Juan Bautista Mahiques"
NO RELEVANTE,,San Telmo,Sí,"Fri, 07 Nov 2025 15:46:13 GMT",-,-,Capital Federal
NO RELEVANTE,,"Flores, San Telmo",Sí,"Sat, 27 Dec 2025 18:47:00 GMT",21 De Diciembre,-,Capital Federal
NO RELEVANTE,,Belgrano,Sí,"Wed, 15 Nov 2023 17:11:00 GMT",-,Policía Federal,"Pablo Yadarola, Jorge Lanata, Ivo Rojnica, Banco Central, De Giorgi"
NO RELEVANTE,,La Boca,Sí,"Wed, 15 Mar 2023 13:26:00 GMT",-,-,"Segunda Guerra Mundial, Partido Popular, Clint Eastwood, Guardia Civil, Unidad Central Operativa"
NO RELEVANTE,,CABA,Sí,2026-02-17,-,-,-
NO RELEVANTE,,CABA,Sí,"Tue, 01 Apr 2025 10:18:00 GMT",-,Policía de la Ciudad,"Orlando Manzoni, Horacio Azzolin"
NO RELEVANTE,,CABA,Sí,"Tue, 18 Mar 2025 10:54:00 GMT",14 De Octubre De 2023,Policía Federal,"Olga Delina Quinteros, Rafaella Riccono, Andes
Luego, Ignacio Pombo, Olga Quinteros"
NO RELEVANTE,,Saavedra,Sí,"Thu, 06 Nov 2025 14:08:00 GMT",-,Policía de la Ciudad,"Anillo Digital, Fiat Cronos, General Paz, Gabriel Omar Ghirlanda, Primer Plano Online"
NO RELEVANTE,,Retiro,Sí,"Sat, 14 Feb 2026 00:00:00 GMT",-,Policía Federal,"Departamento Federal, Federal Argentina, Sistema Federal, Comunicaciones Policiales, Francisco Ledesma"
NO RELEVANTE,,Liniers,Sí,"Mon, 09 Feb 2026 19:55:22 GMT",-,Policía de la Ciudad,"Zona Norte Hoy, Capital Federal, Puente Alsina, Ingeniero Budge, General Hornos"
NO RELEVANTE,,Flores,Sí,"Mon, 26 Jan 2026 13:14:08 GMT",9 De Enero,Policía de la Ciudad,"Bajo Flores, National Center, Exploited Children, Daniela Dupuy, Unidad Fiscal Especializada"
NO RELEVANTE,,Lugano,Sí,"Sun, 08 Jun 2025 05:07:16 GMT",-,Policía Federal,"Juan Grabois, Instituto Juan Domingo, Capital Federal, Investigaciones Federales, Patria Grande"
NO RELEVANTE,,Barracas,Sí,"Thu, 05 Jan 2023 09:52:00 GMT",-,Policía Federal,"Gustavo Rivero, Cristian Antonio, Ricardo Javier Andrada, Mercado Andrada, Apoyo Investigativo"
NO RELEVANTE,,-,No,"Tue, 26 Sep 2017 12:20:39 GMT",6 De Diciembre De 2015,-,"Buenaventura Duarte, Radio Dos, Alejandro Ibarra"
NO RELEVANTE,,CABA,Sí,"Sat, 07 Feb 2026 10:33:55 GMT",1 De Febrero,-,"Ricardo Medina, Cristian Bracamonte, Ricardo Orlando Medina, Quilmes Oeste"
NO RELEVANTE,,-,No,2026-02-17,-,-,-
NO RELEVANTE,,CABA,Sí,"Fri, 14 Nov 2025 10:39:00 GMT",20 De Julio,Policía Bonaerense,"Uno Entre Rios, Investigaciones Federales, Gordo Jorge, Volkswagen Suran, Unidad Fiscal"
NO RELEVANTE,,CABA,Sí,"Sun, 30 Mar 2025 11:32:00 GMT",-,Policía Federal,"Infobae
Dos, Teniente Luis Candelaria, Jorge Newbery, Fernando Arrigo, Gustavo Zapata"
NO RELEVANTE,,CABA,Sí,"Mon, 16 Feb 2026 00:00:00 GMT",15 De Febrero,Policía de la Ciudad,"Bad Bunny, Eventos Masivos, Ultra Music Festival, Boca Juniors, Deudores Alimentantes Morosos"
NO RELEVANTE,,Constitución,Sí,"Wed, 11 Feb 2026 18:41:00 GMT",-,"Gendarmería Nacional, Policía Federal, Policía de la Ciudad","Jorge Macri, Plaza Congreso, Estudios Legales, Federal Argentina, Malena Mercuriani"
NO RELEVANTE,,CABA,Sí,"Tue, 26 Aug 2025 16:33:00 GMT",-,-,"Radio Continental, Luis Poblete, Daniel Barrientos, En Posadas"
NO RELEVANTE,,CABA,Sí,"Sun, 26 Oct 2025 17:10:00 GMT",-,-,"Trenque Lauquen, Alejandro Heim, Escuela Primaria, Colegio Obispo Anunciado"
NO RELEVANTE,,-,No,"Thu, 24 Dec 2009 11:49:00 GMT",-,-,"Exitoina
En, Capital Federal"
NO RELEVANTE,,-,No,"Wed, 06 Apr 2016 13:51:00 GMT",-,-,"Pato Fontanet, Patricio Fiontanet, Marcelo Brito, Capital Federal, Maximiliano Djerfy"
NO RELEVANTE,,-,No,"Mon, 06 Jul 2026 00:00:00 GMT",-,-,"Rodolfo Daer, Gerardo Morales, Cristina Kirchner"
NO RELEVANTE,,-,No,"Mon, 17 Nov 2025 12:01:00 GMT",-,Policía Bonaerense,"Infobae
Virginia Franco, City Bell"
NO RELEVANTE,,Constitución,Sí,"Thu, 29 Aug 2024 19:44:00 GMT",12 De Enero De 1977,Policía Federal,"Brigadas Rojas, Federal Argentina, Leonardo Bertulazzi, Romilda Servini, Giorgia Meloni"
NO RELEVANTE,,Lugano,Sí,"Wed, 08 Jan 2025 18:02:00 GMT",2 De Abril,Policía de la Ciudad,"Almirante Brown, General Paz, Anillo Digital, Fiat Palio, Mitsubishi Montero"
NO RELEVANTE,,Belgrano,Sí,"Tue, 01 Jul 2025 11:04:17 GMT",-,Policía de la Ciudad,"Que Pasa Web, General Paz, Noticias Argentinas, Figueroa Alcorta"
NO RELEVANTE,,"Chacarita, La Boca, San Cristóbal",Sí,"Thu, 13 Mar 2025 00:57:00 GMT",-,"Gendarmería Nacional, Policía Federal, Prefectura Naval","Javier Milei, Patricia Bullrich, Pablo Grillo, Deportivo Merlo, Almirante Brown"
NO RELEVANTE,,Nueva Pompeya,Sí,"Sat, 20 Sep 2025 22:36:54 GMT",-,Policía de la Ciudad,"Deportivo Riestra, Guillermo Lazo, Nueva Pompeya, Tribuna Segura, Capital Federal"
NO RELEVANTE,,-,No,"Wed, 14 May 2025 19:37:00 GMT",-,Policía Federal,"Trabajadores Excluidos, Paco Olveira, Instituto Patria, Argentina Humana, Juan Grabois"
NO RELEVANTE,,-,No,"Wed, 22 Oct 2025 16:04:00 GMT",22 De Octubre,Policía Federal,"Federal Argentina, Enrique Montenegro"
NO RELEVANTE,,"Barracas, Nueva Pompeya",Sí,"Tue, 26 Nov 2024 07:47:00 GMT",26 De Febrero,Policía de la Ciudad,"Jairo Abel Gamarra, Ezequiel Pacheco, Fernando Mauro Pacheco, Ezequiel Ramos, Brian Placencia"
NO RELEVANTE,,-,No,2026-02-16,-,-,-
NO RELEVANTE,,-,No,"Mon, 17 Nov 2025 00:00:00 GMT",-,Policía de la Ciudad,"Capital Federal, Anillo Digital, Toyota Etios, Unidad Funcional"
NO RELEVANTE,,Constitución,Sí,"Tue, 19 Nov 2024 07:30:00 GMT",30 De Agosto,"Policía Federal, Policía de la Ciudad","National Center, Exploited Children, General Madariaga, Walter Mercuri, Unidad Operativa Federal"
NO RELEVANTE,,-,No,"Mon, 21 Aug 2017 17:09:00 GMT",-,"Gendarmería Nacional, Policía Bonaerense, Policía Federal","Eugenia Vidal, Claudio Correa, Cristian Ritondo, Federal Argentina"
NO RELEVANTE,,Palermo,Sí,"Tue, 06 May 2025 08:08:00 GMT",-,Policía de la Ciudad,"Infobae
Dos, Avenida Libertador, Javier Alessod, Carolina Pelizza, Cecilia Perzan"
NO RELEVANTE,,"Boedo, Constitución, Flores, Liniers, Parque Patricios",Sí,2026-02-16,29 De Septiembre,"Policía Federal, Policía de la Ciudad","Unidad Fiscal Especializada, Delitos Vinculados, Cecilia Amil, Birra Super John, Operaciones Sur"
NO RELEVANTE,,-,No,2026-02-16,-,-,-
NO RELEVANTE,,Palermo,Sí,2026-02-16,-,-,-
NO RELEVANTE,,Balvanera,Sí,"Fri, 25 Mar 2022 00:00:00 GMT",-,Policía de la Ciudad,"Servicio Penitenciario Federal, Fernando Mario Caunedo, Marcelo Alberto Muffatti"
NO RELEVANTE,,Constitución,Sí,"Fri, 12 Dec 2025 13:35:00 GMT",-,Policía de la Ciudad,"Auxiliar Fiscal Carlos, Dodge Ram, Agencia Noticias Argentinas"
NO RELEVANTE,,Chacarita,Sí,"Thu, 13 Mar 2025 08:48:00 GMT",-,Policía de la Ciudad,"Javier Milei, Pablo Grillo, Chacarita Juniors, Beatriz Bianco, Casa Rosada"
NO RELEVANTE,,"Caballito, Lugano, Palermo, Villa Crespo",Sí,"Thu, 13 Mar 2025 21:00:00 GMT",-,"Gendarmería Nacional, Policía Federal, Policía de la Ciudad","Nuevo Diario, Salta
Vecinos, Izquierda Myriam Bregman, Congreso
Horas, Pablo Grillo"
NO RELEVANTE,,CABA,Sí,"Mon, 16 Feb 2026 16:01:00 GMT",1 De Marzo,-,"Javier Milei, Alejandra Monteoliva, Justicia Federal"
NO RELEVANTE,,CABA,Sí,"Thu, 15 Jan 2026 21:48:22 GMT",-,-,"Marcos Paz, Servicio Penitenciario Federal, Alejandra Monteoliva"
NO RELEVANTE,,CABA,Sí,"Sun, 26 Oct 2025 19:40:00 GMT",-,Policía de la Ciudad,"Dolores Lavalle, Avenida Independencia, Capital Federal, Avenida Almafuerte, En Entre"
NO RELEVANTE,,Flores,Sí,"Sat, 27 Sep 2025 09:01:00 GMT",-,"Policía Bonaerense, Policía Federal","Florencio Varela, Patricia Bullrich, Chevrolet Tracker, Morena Verdi, Alberto Mendevil"
NO RELEVANTE,,CABA,Sí,"Sun, 02 Nov 2025 21:26:28 GMT",-,Policía de la Ciudad,"Monte Castro, Carina Elizabeth, Daniel Roma"
NO RELEVANTE,,-,No,"Wed, 09 Apr 2025 09:31:00 GMT",-,"Policía Bonaerense, Policía Federal","Juan Pablo, Juan Carlos, Unidad Operativa, Investigaciones Especiales Corrientes, Complejo Penitenciario"
NO RELEVANTE,,"Retiro, Villa Devoto",Sí,"Wed, 09 Apr 2025 16:45:38 GMT",-,"Policía Federal, Policía de la Ciudad","Federal Argentina, Primer Plano, Graciela Celayes, Cecilia Villagra"
NO RELEVANTE,,-,No,"Mon, 17 Nov 2025 16:00:00 GMT",-,Policía Bonaerense,"City Bell, Virginia Franco"
NO RELEVANTE,,CABA,Sí,"Mon, 08 Jul 2024 22:23:07 GMT",-,-,"Mendoza Post
Dos, Hotel Diplomatic, Malvinas Argentinas, Les Bleus, Integridad Sexual"
NO RELEVANTE,,Retiro,Sí,"Thu, 06 Feb 2025 20:27:00 GMT",-,Gendarmería Nacional,"Infobae
Mientras, Alberto Weretilneck, Emergencia Municipal, Bruno Pogliano, Dedo Gordo"
NO RELEVANTE,,Belgrano,Sí,"Sat, 14 Feb 2026 11:02:00 GMT",-,Policía de la Ciudad,"Reforma Laboral, Palacio Legislativo, Alejandra Monteoliva"
NO RELEVANTE,,Constitución,Sí,"Mon, 08 Sep 2025 00:00:00 GMT",-,Policía de la Ciudad,"Investigaciones Antidrogas Zona, Unidad Fiscal Especializada, Cecilia Amil, Primera Instancia, Norberto Luis Circo"
NO RELEVANTE,,CABA,Sí,"Fri, 16 Aug 2019 03:00:00 GMT",-,Policía Metropolitana,"Ricardo Pedace, Agencia Gubernamental, Taller Protegido, Desarrollo Urbano"
NO RELEVANTE,,CABA,Sí,"Tue, 21 Aug 2018 03:53:49 GMT",27 De Agosto,"Policía de la Ciudad, Prefectura Naval","Doctrina Chocobar, Roxana Cainzos, Cristopher Bocha Rego"
NO RELEVANTE,,CABA,Sí,"Sat, 16 Aug 2025 03:01:00 GMT",26 De Octubre,-,"Patricia Bullrich, Javier Milei, Victoria Villarruel"
NO RELEVANTE,,CABA,Sí,"Thu, 11 Dec 2025 13:30:00 GMT",16 De Agosto,-,"General Rivas, General Rivas
General, Ruta Provincial, Autopista Acceso Oeste, Padre Luis Brady"
NO RELEVANTE,,-,No,"Wed, 13 Aug 2025 17:54:11 GMT",9 De Noviembre,Policía Federal,"Rosario Central, Di Zeo, Paredes
Ghiselli, Volkswagen Amarok, Daniel Atardo"
NO RELEVANTE,,"Balvanera, Palermo",Sí,"Wed, 08 Oct 2025 18:00:00 GMT",-,Policía de la Ciudad,"Niceto Vega, Suzuki Gixxer, Departamento Motorizada, Alejandro Litvack, Omar Rojas"
NO RELEVANTE,,Palermo,Sí,"Sat, 14 Feb 2026 00:00:00 GMT",7 De Agosto,"Gendarmería Nacional, Policía Federal, Policía de la Ciudad","Federal Argentina, Juan Manuel Reichenbach, Alberto Bande, Jorge Euclides Nieto, Maximiliano Javier Melgar"
NO RELEVANTE,,Villa del Parque,Sí,"Mon, 26 Jan 2026 16:37:41 GMT",16 De Marzo De 2024,Policía de la Ciudad,Ubaldo Matildo
NO RELEVANTE,,-,Sí,"Thu, 13 Mar 2025 12:35:08 GMT",-,Policía de la Ciudad,"Pablo Grillo, Patricia Bullrich, Javier Milei, Capital Federal"
NO RELEVANTE,,Saavedra,Sí,"Mon, 18 Mar 2024 20:50:26 GMT",-,-,"Resumen Latinoamericano, Related Items, Previous Story Argentina, En Puente, Next Story"
NO RELEVANTE,,CABA,Sí,2026-02-15,-,-,-
NO RELEVANTE,,CABA,Sí,"Thu, 31 Jul 2025 00:16:25 GMT",-,Policía de la Ciudad,Estudios Legales
NO RELEVANTE,,Retiro,Sí,"Wed, 26 Mar 2025 13:25:04 GMT",12 De Marzo,"Policía Federal, Policía de la Ciudad","Beatriz Blanco, Resumen Latinoamericano, Romualdo Coronel, Cuando Beatriz Blanco, Avenida Rivadavia"
NO RELEVANTE,,Villa Devoto,Sí,"Mon, 12 Jan 2026 09:15:00 GMT",23 De Diciembre,Policía de la Ciudad,"Mercedes Maiorano, Daniel Rafecas, Servicio Penitenciario Federal, Asuntos Penitenciarios, Marcelo Curi"
NO RELEVANTE,,CABA,Sí,"Thu, 19 Jun 2025 12:47:00 GMT",21 De Diciembre,"Policía Federal, Policía de la Ciudad","Infobae
Dylan Vergara, Real Pilar, Dylan Vergara, Agustina Barreiro, Radio Splendid"
NO RELEVANTE,,-,No,"Fri, 16 May 2025 17:32:00 GMT",-,-,"Infobae
En, The Mule, Cifuentes Villanueva, Carlos Tejedor, Florida Oeste"
NO RELEVANTE,,Belgrano,Sí,"Sat, 14 Feb 2026 20:23:00 GMT",-,Policía de la Ciudad,"Javier Milei, Juan Manuel Reichenbach, Alberto Bande, Jorge Euclides Nieto, Maximiliano Javier Melgar"
NO RELEVANTE,,-,No,2026-02-14,-,Policía de la Ciudad,-
NO RELEVANTE,,-,No,2026-02-14,-,-,-
NO RELEVANTE,,CABA,Sí,"Thu, 04 Sep 2025 12:56:00 GMT",27 De Febrero,Policía de la Ciudad,"Infobae
Efectivos, Anillo Digital, Manuel Campos, Coronel Roca, Jeep Renegade"
NO RELEVANTE,,Retiro,Sí,"Mon, 22 Sep 2025 12:11:00 GMT",-,-,"Argentina Turismo, Iglesia Parroquial, Estancia Martin Fierro, Ruta Provincial"
NO RELEVANTE,,Flores,Sí,"Mon, 29 Sep 2025 20:39:00 GMT",19 De Septiembre,"Policía Federal, Policía de la Ciudad","Florencio Varela, Bajo Flores, Federal Argentina, Guillermo Endi, Morena Verdi"
NO RELEVANTE,,CABA,Sí,"Thu, 20 Mar 2025 11:12:00 GMT",12 De Marzo,Policía de la Ciudad,"All Boys, Fernando David Yurquina, Karina Andrade, Francisco Medina, Patricio Manuel"
NO RELEVANTE,,-,No,"Tue, 18 Nov 2025 18:11:13 GMT",-,-,"Mi Telefe
Desde, Amsafe Provincial, Ernestina Pais
Gran, Emanuel Di Gioia, Gran Hermano"
NO RELEVANTE,,"Almagro, Saavedra",Sí,"Fri, 03 Oct 2025 11:51:29 GMT",2 De Octubre,Policía Federal,"Que Pasa Web, Federal Argentina, Comandante Peredo, Toyota Etios, Juan Carlos Nacul"
NO RELEVANTE,,CABA,Sí,"Thu, 13 Mar 2025 10:13:04 GMT",-,Policía de la Ciudad,"Karina Andrade, Poder Judicial, Unidad Fiscal Oeste, Santiago Almeida, Patricia Bullrich"
NO RELEVANTE,,CABA,Sí,"Sun, 04 May 2025 13:41:00 GMT",-,Policía de la Ciudad,"Fiat Punto, Bersa Thunder"
NO RELEVANTE,,Belgrano,Sí,"Sat, 14 Feb 2026 09:43:00 GMT",-,Policía de la Ciudad,"Palacio Legislativo, Alejandra Monteoliva"
NO RELEVANTE,,Belgrano,Sí,"Sat, 14 Feb 2026 11:02:00 GMT",-,Policía de la Ciudad,"Reforma Laboral, Palacio Legislativo, Alejandra Monteoliva"
NO RELEVANTE,,La Boca,Sí,"Sat, 13 Dec 2025 15:24:00 GMT",20 De Octubre,"Policía Bonaerense, Policía de la Ciudad","Diario Jornada
Fueron, Mario Daniel Giannobile, Playa Magagna, Parque Lezama, Sergio Ubaldo"
NO RELEVANTE,,Lugano,Sí,"Fri, 29 Aug 2025 09:00:00 GMT",4 De Abril,"Policía Federal, Policía de la Ciudad","Federal Argentina, Capital Federal, Parque Avellaneda, Investigaciones Comunales, Marcela Alejandra Hurt"
NO RELEVANTE,,-,No,"Wed, 18 Jun 2025 09:01:00 GMT",-,Gendarmería Nacional,"Cristina Kirchner, Javier Milei, Toyota Hilux, Joel Miguel Pessi, Mayra Mendoza"
NO RELEVANTE,,Villa Crespo,Sí,"Thu, 16 Oct 2025 00:00:00 GMT",-,Policía de la Ciudad,"General Paz, Anillo Digital, Perito Moreno, Tres Arroyos, Monitoreo Urbano"
NO RELEVANTE,,CABA,Sí,"Tue, 25 Feb 2025 14:27:00 GMT",10 De Febrero,Policía de la Ciudad,"Aleksander Tsai, Avenida Corrientes, Margarita Meira, Correccional Federal"
NO RELEVANTE,,-,Sí,"Tue, 14 Jan 2025 03:00:00 GMT",-,"Policía Bonaerense, Policía de la Ciudad","Time Crisis, Diego Kravetz, Guillermo Montenegro, Brian Max Torrico, Alejandro Guevara"
NO RELEVANTE,,-,No,"Fri, 05 Jan 2024 18:31:00 GMT",-,-,"Pablo Carrea, Ariel Tello, Ramiro Diego Vivero, Michele Alexandro, Departamento Judicial"
NO RELEVANTE,,CABA,Sí,"Thu, 14 Jul 2022 12:27:00 GMT",13 De Julio,Policía Federal,"Infobae
En, Asesino Deprimido, Departamento Unidad, Federal Bureau, Depressed Killer"
NO RELEVANTE,,-,No,2026-02-14,-,-,-
NO RELEVANTE,,"La Boca, Parque Patricios",Sí,"Tue, 02 Sep 2025 14:17:00 GMT",12 De Agosto,Policía de la Ciudad,"Parque Patricios, Investigaciones Comunales, Domingo Luis Altieri, Mariano Acosta, Amado Nervo"
NO RELEVANTE,,CABA,Sí,"Mon, 11 Aug 2025 14:52:59 GMT",1 De Agosto De 2024,-,"Eduardo Farah, Roberto Boico, Primera Instancia Penal, Crimen Organizado, Procesal Penal"
NO RELEVANTE,,CABA,Sí,"Mon, 29 Sep 2025 13:56:00 GMT",-,-,"Luis Espert, Fred Machado, Estados Unidos, Lynn Mercer, Juan Grabois"
NO RELEVANTE,,CABA,Sí,"Thu, 13 Mar 2025 04:27:03 GMT",-,Policía Federal,"Primera Instancia, Karina Andrade, Maria Servini, Ley Bases, Susana Parada"
NO RELEVANTE,,Almagro,Sí,"Thu, 31 Jul 2025 16:15:00 GMT",20 De Febrero,Policía de la Ciudad,"Carlos Federico Cociancich, Eugenio Renom, Puente Alsina, Renault Duster, Renault Sandero"
NO RELEVANTE,,-,Sí,"Tue, 11 Nov 2025 12:35:00 GMT",-,-,"Capital Federal, Investigaciones Antidrogas Zona, Clan Villalba"
NO RELEVANTE,,-,No,"Thu, 04 Sep 2025 02:10:11 GMT",4 De Julio,Policía Federal,"Casas Arregui, Justicia
Fue, Roger Auad, Mesa Directiva, Capital Federal"
NO RELEVANTE,,CABA,Sí,"Tue, 03 Aug 2021 17:31:53 GMT",2 De Julio De 2019,-,"Capital Federal, Bautista Manuel"
NO RELEVANTE,,CABA,Sí,"Mon, 29 May 2023 07:06:00 GMT",-,-,"Jon Snow, Kit Harrington, Emilia Clark, Francesca Orsi, Game Of Thrones"
NO RELEVANTE,,"Almagro, Palermo, Villa Crespo",Sí,"Mon, 17 Nov 2025 13:51:00 GMT",-,Policía de la Ciudad,"Max Nordau, Dor Jadash, Auxiliar Fiscal Leandro, Flagrancia Norte, Parque Centenario"
NO RELEVANTE,,CABA,Sí,"Fri, 19 Dec 2025 14:09:00 GMT",-,-,"Luisa Vicenta Caporalini, Almirante Brown, Boca Juniors, Jawniuk Diego Armando, Romina Palegrino"
NO RELEVANTE,,CABA,Sí,"Thu, 11 Sep 2025 09:10:00 GMT",-,Gendarmería Nacional,"Justicia Federal, Hogar Levantando, Carlos Casas, Juan Pablo Quinteros, Cinco Saltos"
NO RELEVANTE,,-,No,"Thu, 27 Mar 2025 11:28:00 GMT",-,Policía Bonaerense,"Rafael Castillo, Claudio Fornaro, Valle Cuba, Alex Sanabria, Del Valle"
NO RELEVANTE,,Caballito,Sí,"Wed, 03 Jan 2024 01:36:00 GMT",30 De Diciembre,Policía Federal,"Infobae
Daniel, Dan Masciarelli, Danny Rey, Departamento Interpol, Federal Argentina"
NO RELEVANTE,,-,No,"Tue, 12 Nov 2024 20:19:00 GMT",30 De Octubre,-,"Carlos Ortigoza, General Paz, Riesgos Especiales"
NO RELEVANTE,,Belgrano,Sí,"Tue, 01 Jul 2025 11:03:56 GMT",-,Policía de la Ciudad,"General Paz, Figueroa Alcorta"
NO RELEVANTE,,CABA,Sí,"Thu, 22 May 2025 17:26:00 GMT",-,Policía de la Ciudad,"Carolina Amoroso, Cecilia Boufflet, Maximiliano Pullaro, Ocampo
Infobae, Jesica Bossi"
NO RELEVANTE,,CABA,Sí,"Sat, 03 Jan 2026 00:00:00 GMT",-,Policía Federal,"Asuntos Migratorios, Aeroparque Jorge Newbery"
NO RELEVANTE,,CABA,Sí,"Thu, 13 Mar 2025 08:45:00 GMT",-,Policía de la Ciudad,"Jorge Macri, Karina Andrade, Pablo Grillo, Claudio Alejandro Curci, Nueva Chicago"
NO RELEVANTE,,"Barracas, La Boca, Retiro",Sí,"Wed, 11 Feb 2026 20:02:36 GMT",9 De Julio,"Gendarmería Nacional, Policía Federal, Policía de la Ciudad, Prefectura Naval","Reforma Laboral, Resumen Latinoamericano, Mientras Patricia Bullrich, Alejandra Monteoliva, Pablo Grillo"
NO RELEVANTE,,CABA,Sí,"Thu, 12 Feb 2026 02:08:34 GMT",-,"Gendarmería Nacional, Policía Federal, Policía de la Ciudad, Prefectura Naval","Plaza Congreso, Diario Huarpe
Fuerzas, Prefectura Naval, Dos Congresos, Javier Milei"
NO RELEVANTE,,CABA,Sí,"Tue, 02 Dec 2025 19:03:00 GMT",-,-,"Infobae
En, Observatorio Vial"
NO RELEVANTE,,CABA,Sí,"Sun, 26 Oct 2025 15:36:00 GMT",-,Policía de la Ciudad,Trenque Lauquen
NO RELEVANTE,,Barracas,Sí,"Sun, 08 Jun 2025 15:32:13 GMT",-,-,"Perfil
Nahuel Barrios, Dock Sud, Barracas Central, Santi Barrios, Nahuel Barrios"
NO RELEVANTE,,Belgrano,Sí,"Mon, 30 Jun 2025 12:55:00 GMT",-,"Policía Federal, Policía de la Ciudad","Operativo Friend, Covid
Ante, Agencia Noticias Argentinas, Alejandra Provitola, Derechos Humanos"
NO RELEVANTE,,Recoleta,Sí,"Thu, 29 May 2025 00:04:18 GMT",19 De Mayo,Policía de la Ciudad,"Hotel Alvear, Carlos Alberto Ficarra, Ficarra Toledo, Actuaciones Policiales, Sistema Federal"
NO RELEVANTE,,Lugano,Sí,"Thu, 05 Jun 2025 21:55:42 GMT",4 De Febrero,"Policía Bonaerense, Policía Federal","Tiempo Argentino
Sus, Unidad Penal, Servicio Penitenciario Bonaerense, Antonio Eduardo Bustos, Unidad Funcional"
NO RELEVANTE,,Villa Devoto,Sí,"Tue, 08 Apr 2025 22:09:56 GMT",-,"Policía Federal, Policía de la Ciudad","Federal Argentina, Graciela Celayes, Cecilia Villagra, Primer Plano, National Center"
NO RELEVANTE,,Retiro,Sí,"Fri, 13 Feb 2026 14:25:25 GMT",-,Policía Federal,"Departamento Federal, Federal Argentina, Sistema Federal, Comunicaciones Policiales, Francisco Ledesma"
NO RELEVANTE,,CABA,Sí,"Fri, 13 Feb 2026 12:51:33 GMT",-,Policía de la Ciudad,"Partido Justicialista, Trabajadores Excluidos, Juan Grabois, Alejandra Monteoliva, Javier Milei"
NO RELEVANTE,,Belgrano,Sí,"Thu, 11 Dec 2025 17:37:00 GMT",-,Policía de la Ciudad,"General Paz, Anillo Digital, Toyota Corolla, Monitoreo Urbano, Volkswagen Amarok"
NO RELEVANTE,,"Almagro, Belgrano, Villa Devoto",Sí,"Sat, 23 Mar 2024 16:08:59 GMT",-,-,"Conurbano
Operaban, Aeropuerto Internacional Ministro, Capital Federal, Monte Grande, Isidro Casanova"
NO RELEVANTE,,-,No,"Sun, 20 Mar 2022 16:12:00 GMT",-,Policía Bonaerense,"Ingeniero White, Capital Federal, Marcelo Reynoso, Da Silva"
NO RELEVANTE,,Recoleta,Sí,"Wed, 27 Jul 2005 22:00:00 GMT",-,-,"Audiencia Provincial, Europa Press, Brigada Central, Crimen Organizado"
NO RELEVANTE,,Palermo,Sí,"Thu, 12 Feb 2026 15:04:00 GMT",12 De Febrero,Policía Federal,"Argentina
Delito, Agencia Noticias Argentinas, Federal Argentina, Santiago Macchi"
NO RELEVANTE,,Flores,Sí,"Mon, 05 Dec 2016 15:04:00 GMT",25 De Mayo,Policía Federal,"Capital Federal, Banco Provincia, Azucena Ines Molina, Alberto Ramon Sosa, Oscar Antonio Legere"
NO RELEVANTE,,Belgrano,Sí,"Wed, 14 Feb 1996 00:00:00 GMT",9 De Julio,Policía de la Ciudad,"Copa Libertadores, Roberto Barrera, Alfredo Marenzi, Elio Bravo"
NO RELEVANTE,,"Flores, Liniers",Sí,"Thu, 18 Aug 2016 20:10:43 GMT",13 De Agosto,Gendarmería Nacional,"Bajo Flores, Murga Alabardon, Barrio Campomar, Monte Chingolo, Murga Todo Pasa"
NO RELEVANTE,,-,No,"Tue, 21 Nov 2023 13:16:00 GMT",-,-,"Infobae
Dibu, Estados Unidos, Lionel Messi, Al Dibu, Franco Armani"
NO RELEVANTE,,Villa 20,Sí,"Mon, 04 Jan 2016 18:23:31 GMT",18 De Enero,"Gendarmería Nacional, Policía Federal, Policía Metropolitana","Operaciones Motorizadas Federales, Cuerpo Guardia, Justicia Federal, Di Santo, Patricia Bullrich"
NO RELEVANTE,,-,No,"Wed, 19 Mar 2025 18:32:28 GMT",-,-,"Javier Milei, Trenes Argentinos, Fondo Monetario Internacional, Pablo Grillo, Patricia Bullrich"
NO RELEVANTE,,CABA,Sí,"Tue, 02 Feb 2021 00:00:00 GMT",2 De Septiembre,"Policía Federal, Policía de la Ciudad","Agencia Paco Urondo, Mario Abdo, Trabajadores Migrantes, Carmen Villalba, Carmen Oviedo Villalba"
NO RELEVANTE,,Belgrano,Sí,"Wed, 03 Sep 2025 03:12:00 GMT",29 De Agosto,Policía de la Ciudad,"The Armenian Girl, Eventos Masivos, Fan Vip, River Plate, Quilmes Rock"
NO RELEVANTE,,CABA,Sí,"Fri, 05 Dec 2025 09:48:00 GMT",9 De Julio,Policía Bonaerense,"Operaciones Policiales, Laura Manuela, Alicia Vence, Operaciones Especiales, Asuntos Internos"
NO RELEVANTE,,-,No,"Mon, 29 Sep 2025 01:22:00 GMT",-,Policía Federal,"Alejandro Daniel, Pablo Socca, Brenda Debiasi, Franco Carbone, Jonatan Emiliano"
NO RELEVANTE,,CABA,Sí,"Wed, 14 Feb 1996 00:00:00 GMT",-,Policía Federal,"Federal Argentina, Correccional Federal, Roberto Ramos"
NO RELEVANTE,,Barracas,Sí,"Fri, 13 Feb 2026 03:01:00 GMT",-,Policía de la Ciudad,"Plaza Congreso
Tan, Alejandra Monteoliva, Patricia Bullrich, Plaza Congreso, Mario Sadras"
NO RELEVANTE,,CABA,Sí,"Wed, 04 Feb 2026 19:49:37 GMT",-,Policía Federal,"Paco Olveira, Javier Milei, Agencia Noticias Argentinas"
NO RELEVANTE,,Constitución,Sí,"Sun, 15 Jun 2025 14:15:21 GMT",15 De Junio,Policía de la Ciudad,"Corte Suprema, Carlos Beraldi"
NO RELEVANTE,,CABA,Sí,"Thu, 13 Mar 2025 01:00:00 GMT",12 De Marzo,Policía Federal,"Pablo Grillo, Consejo Deliberante, Patricia Bullrich, Luis Majul, Javier Milei"
NO RELEVANTE,,-,No,2026-02-13,-,-,-
NO RELEVANTE,,Chacarita,Sí,"Thu, 13 Mar 2025 07:04:48 GMT",-,Policía de la Ciudad,"Javier Milei, Chacarita Juniors, Beatriz Bianco, Casa Rosada, Pablo Grillo"
NO RELEVANTE,,Constitución,Sí,"Wed, 10 Apr 2024 15:28:15 GMT",9 De Julio,Policía de la Ciudad,"Tiempo Argentino
Militantes, Capital Humano, Noticias Argentinas, Diego Ricciardi, Camila Barral"
NO RELEVANTE,,CABA,Sí,"Thu, 12 Feb 2026 00:00:00 GMT",-,Policía de la Ciudad,"Renault Duster, Gobierno Jorge Macri"
NO RELEVANTE,,CABA,Sí,"Wed, 10 Dec 2025 17:09:00 GMT",-,Policía de la Ciudad,"Agencia Noticias Argentinas, Rombo Sur, Juan Rozas, Investigadores Judiciales"
NO RELEVANTE,,CABA,Sí,"Wed, 27 Aug 2025 13:42:59 GMT",-,"Gendarmería Nacional, Policía Federal, Prefectura Naval","Canal Doce Misiones, Estados Unidos, Puerto Rico, Investigaciones Judiciales, Daniela Dupuy"
NO RELEVANTE,,CABA,Sí,"Wed, 05 Mar 2025 18:57:38 GMT",-,"Policía Federal, Policía Metropolitana","Waldo Wolff, Canal Abierto, Jorge Macri, Mauricio Macri, Talleres Protegidos"
NO RELEVANTE,,"Constitución, Flores",Sí,"Wed, 05 Mar 2025 11:42:57 GMT",26 De Abril De 2013,-,"Tiempo Argentino, Waldo Wolff, Barrio Padre Rodolfo, Bajo Flores, Gabriel Solano"
NO RELEVANTE,,Boedo,Sí,"Wed, 01 Feb 2023 16:17:00 GMT",-,Policía de la Ciudad,"Boedo
En"
NO RELEVANTE,,-,No,"Mon, 08 Oct 2012 19:35:00 GMT",28 De Julio,-,"Jorge Lanata, Oscar Aguad, Patricia Bullrich, Carlos Cheppi, Keiko Fujimori"
NO RELEVANTE,,CABA,Sí,"Wed, 10 Aug 2022 21:15:00 GMT",9 De Julio,-,"Mendoza Post
En"
NO RELEVANTE,,Constitución,Sí,"Thu, 07 Aug 2025 21:38:57 GMT",-,-,"Ferrocarril Sud, Casa Rojo, Autopista Ricardo, Ruta Provincial"
NO RELEVANTE,,CABA,Sí,"Fri, 13 Feb 2026 01:38:13 GMT",-,Policía de la Ciudad,"Interior
Uno, Reforma Laboral, Departamento Judicial, Malena Mercuriari, Palacio Legislativo"
NO RELEVANTE,,-,No,"Mon, 26 Jan 2026 17:47:00 GMT",26 De Enero,Policía Federal,"Departamento Federal, Agencia Noticias Argentinas, Asuntos Migratorios, Customs Enforcement, Estados Unidos"
NO RELEVANTE,,CABA,Sí,"Wed, 24 Dec 2025 11:18:00 GMT",24 De Diciembre,-,"Defensa Civil, General Paz, Desarrollo Social"
NO RELEVANTE,,CABA,Sí,"Thu, 18 Sep 2025 18:22:34 GMT",-,"Policía Bonaerense, Policía de la Ciudad","Don Torcuato, Fiat Cronos, Autopista Panamericana"
NO RELEVANTE,,"Barracas, Retiro",Sí,"Thu, 12 Feb 2026 12:57:36 GMT",9 De Julio,"Gendarmería Nacional, Policía Federal, Policía de la Ciudad, Prefectura Naval","Alejandra Monteoliva, Patricia Bullrich, Javier Milei, Ley Bases, Palacio Legislativo"
NO RELEVANTE,,"Barracas, La Boca, Retiro",Sí,"Thu, 12 Feb 2026 08:21:00 GMT",12 De Marzo De 2025,"Gendarmería Nacional, Policía Federal, Policía de la Ciudad, Prefectura Naval","Javier Milei, Mario Sadras, Alejandra Monteoliva, Diego Santilli, Patricia Bullrich"
NO RELEVANTE,,CABA,Sí,"Fri, 30 Jan 2026 18:17:00 GMT",5 De Diciembre,-,"Osvaldo Jaldo, Banco Patagonia, Cecilia Blas, Juan Pablo Nastar, Banco Macro"
NO RELEVANTE,,-,Sí,"Thu, 14 Aug 2025 19:41:14 GMT",-,Policía de la Ciudad,"Camila Rey, Jorge Macri, Rodrigo Abd, Horacio Gimenez, Patricia Bullrich"
NO RELEVANTE,,Chacarita,Sí,"Wed, 12 Mar 2025 21:48:00 GMT",-,Policía de la Ciudad,"Aristegui Noticias
Cientos, Javier Milei, Europa Press, Fuerzas Federales, Chacarita Juniors"
NO RELEVANTE,,CABA,Sí,"Wed, 27 Dec 2023 18:05:00 GMT",-,Policía de la Ciudad,"Javier Milei, Waldo Wolff"
NO RELEVANTE,,CABA,Sí,"Fri, 24 Nov 2017 01:40:17 GMT",9 De Julio,-,"Resumen Latinoamericano, De Mayo, Elizabeth Gomez Alcorta, Related Items, Previous Story Argentina"
NO RELEVANTE,,CABA,Sí,"Thu, 12 Feb 2026 08:47:00 GMT",-,"Gendarmería Nacional, Policía Federal, Policía de la Ciudad","Federal Argentina, Malena Mercuriali, Francisco Daniel Mansilla, Islas Malvinas, Cristina Kirchner"
NO RELEVANTE,,CABA,Sí,"Thu, 12 Feb 2026 16:18:02 GMT",-,-,"Tecnicatura Universitaria, Prensa Bonaerense"
NO RELEVANTE,,CABA,Sí,"Thu, 12 Feb 2026 14:12:30 GMT",-,-,Diario Mendoza Today
NO RELEVANTE,,CABA,Sí,"Fri, 23 Jan 2026 18:54:00 GMT",20 De Enero,Policía de la Ciudad,"Patricio Cruz Viale, Departamento Trata, Delitos Conexos, Investigaciones Judiciales"
NO RELEVANTE,,CABA,Sí,"Thu, 15 Jan 2026 17:52:00 GMT",-,-,"Cuyo
Patricia Bullrich, Roberto Baldo, Nahuel Gallo, Patricia Bullrich, Foro Argentino"
NO RELEVANTE,,CABA,Sí,"Thu, 18 Sep 2025 11:46:00 GMT",23 De Julio,"Policía Federal, Policía de la Ciudad","Ariel Lijo, Alejandra Mangano, Departamento Federal, Federal Argentina, Correccional Federal"
NO RELEVANTE,,CABA,Sí,"Thu, 16 Oct 2025 10:41:00 GMT",16 De Octubre,-,"Joel Ojeda, Gran Hermano, Exitoina
Joel Ojeda, Gabriel Lezzi, Juan Rozas"
NO RELEVANTE,,La Boca,Sí,"Wed, 12 Nov 2025 22:47:25 GMT",-,Policía de la Ciudad,"Departamento Motorizada, Almirante Brown"
NO RELEVANTE,,Retiro,Sí,"Mon, 22 Sep 2025 12:11:00 GMT",-,-,"Argentina Turismo, Iglesia Parroquial, Estancia Martin Fierro, Ruta Provincial"
NO RELEVANTE,,"Recoleta, San Telmo",Sí,"Sat, 27 Aug 2022 21:27:04 GMT",-,Policía de la Ciudad,"Axel Kicillof, Facundo Tignanelli, Parque Lezama, Partido Justicialista, Mariano Recalde"
NO RELEVANTE,,-,No,"Tue, 14 Apr 2020 15:43:00 GMT",15 De Marzo,-,"Reinaldo Wabeke, Marcela Saravia, Complejo Penitenciario Rosario, Tanto Wabeke, Gustavo Onel"
NO RELEVANTE,,"Barracas, Nueva Pompeya",Sí,"Mon, 25 Nov 2024 12:46:00 GMT",-,Policía de la Ciudad,"Infobae
Once, Jairo Gamarra Canaval, Brian Placencia, Ezequiel Pacheco, Franco Emanuel Vega"
NO RELEVANTE,,-,Sí,"Thu, 23 May 2019 03:19:19 GMT",-,-,"Capital Federal, Rafael Benedicto, Roberto Daniel Carmona, Sergio Arnaldo Favretto"
NO RELEVANTE,,CABA,Sí,"Wed, 26 Aug 2020 00:14:01 GMT",-,Policía de la Ciudad,"Diagonal Sur, Casa Rosada, Santiago Maldonado, Facundo Astudillo Castro, Diego Santilli"
NO RELEVANTE,,CABA,Sí,"Wed, 17 Jul 2019 05:58:36 GMT",11 De Junio,"Policía Federal, Policía de la Ciudad","Parque Avellaneda, Sonia Soloaga, Diego Pachila, Vanesa Peluffo, Estela Andrades"
NO RELEVANTE,,CABA,Sí,"Tue, 10 Jun 2025 23:54:00 GMT",-,-,"Cristina Kirchner, Jorge Gorini"
NO RELEVANTE,,CABA,Sí,"Mon, 09 Jun 2025 00:00:00 GMT",-,Policía Federal,"Unidad Fiscal Especializada, Criminal Compleja, Capital Federal"
NO RELEVANTE,,CABA,Sí,"Sat, 12 Apr 2025 02:35:44 GMT",9 De Abril,-,"En Linea Noticias, Operaciones Antidrogas, General Roca"
NO RELEVANTE,,"Barracas, Nueva Pompeya",Sí,"Mon, 02 Dec 2024 20:24:00 GMT",-,Policía de la Ciudad,"Dilson Polanco, Javier Polanco, Capital Federal, Investigaciones Antidroga Zona, Pedro Victor Souza"
NO RELEVANTE,,"Almagro, Balvanera, Barracas, Caballito, Palermo, San Telmo",Sí,"Fri, 17 Jan 2025 20:34:56 GMT",17 De Enero De 2025,Policía de la Ciudad,"Capital Federal, Parque Centenario, Pablo Recchini, Mariano Iturralde, Investigaciones Comunales"
NO RELEVANTE,,-,No,2026-02-12,-,-,-
NO RELEVANTE,,Barracas,Sí,"Thu, 12 Feb 2026 15:22:00 GMT",-,-,"Tecnicatura Universitaria, Prensa Bonaerense"
NO RELEVANTE,,CABA,Sí,"Thu, 14 Mar 2024 22:45:42 GMT",31 De Marzo,"Policía Federal, Policía de la Ciudad","Cine Gaumont, Perfil
En, Casa Rosada, Artes Audiovisuales, Dos Congresos"
NO RELEVANTE,,CABA,Sí,"Wed, 30 Aug 2023 17:01:00 GMT",25 De Agosto,-,"Ambito
Mientras, Gerardo Morales, Abra Pampa, Salinas Grandes, Derechos Humanos"
NO RELEVANTE,,CABA,Sí,"Tue, 13 Dec 2022 00:00:00 GMT",9 De Julio,Policía de la Ciudad,"Derechos Humanos, Horacio Pietragalla, Horacio Pietragalla Corti, Pietragalla Corti, Claudia Neira"
NO RELEVANTE,,"Barracas, La Boca, Retiro",Sí,"Thu, 12 Feb 2026 08:21:00 GMT",12 De Marzo De 2025,"Gendarmería Nacional, Policía Federal, Policía de la Ciudad, Prefectura Naval","Javier Milei, Mario Sadras, Alejandra Monteoliva, Diego Santilli, Patricia Bullrich"
NO RELEVANTE,,"Constitución, Retiro",Sí,"Mon, 16 Jun 2025 08:00:00 GMT",-,"Policía Federal, Policía de la Ciudad","Cristina Kirchner, Corte Suprema, Humberto Primo, Laura Alonso, Carlos Beraldi"
NO RELEVANTE,,CABA,Sí,"Thu, 30 Oct 2025 18:07:00 GMT",30 De Septiembre,Policía Federal,"Justicia Federal, Fernando Pinos Guevara, Brenda Del Castillo, Morena Verdi, Florencio Varela"
NO RELEVANTE,,CABA,Sí,"Thu, 16 Oct 2025 13:46:34 GMT",-,-,"Joel Ojeda, Gran Hermano, Juan Rozas, Ojeda Joel David, Morena Rial"
NO RELEVANTE,,"Belgrano, Caballito",Sí,"Fri, 11 Jul 2025 20:45:19 GMT",-,-,Carlos Russo
NO RELEVANTE,,Flores,Sí,"Tue, 29 Jul 2025 17:43:01 GMT",25 De Julio,Policía de la Ciudad,"Clan Cabral, Investigaciones Antidrogas Zona, Unidad Investigativa, Eugenia Capuchetti, General Paunero"
NO RELEVANTE,,CABA,Sí,"Fri, 11 Apr 2025 14:11:04 GMT",17 De Marzo,Policía de la Ciudad,"Parque Chacabuco, Perfil
Luego, Jorge Macri, Ford Fiesta, Alberto Crescenti"
NO RELEVANTE,,CABA,Sí,"Wed, 09 Apr 2025 01:26:10 GMT",-,"Policía Bonaerense, Policía Federal, Policía de la Ciudad","Moreno Sur, Esperanza Renovada, Estados Unidos, Departamento Judicial, Graciela Celayes"
NO RELEVANTE,,CABA,Sí,"Wed, 23 Jul 2025 11:00:00 GMT",-,-,"Carlos Casares, Bellocq
Uno, Henri Gesta"
NO RELEVANTE,,CABA,Sí,"Thu, 28 Aug 2025 01:44:15 GMT",-,-,"Sports
Se, Jairo Leon, All Boys, Volkswagen Gol Trend"
NO RELEVANTE,,-,No,2026-02-12,-,-,Radio Dos Corrientes
NO RELEVANTE,,"Flores, Villa Devoto",Sí,"Wed, 09 Apr 2025 12:34:26 GMT",-,Policía de la Ciudad,"Esperanza Renovada, Estados Unidos, Departamento Judicial, Graciela Celayes, Cecilia Villagra"
NO RELEVANTE,,"Barracas, La Boca, Retiro",Sí,"Thu, 12 Feb 2026 03:01:00 GMT",9 De Julio,"Gendarmería Nacional, Policía Federal, Policía de la Ciudad, Prefectura Naval","Congreso
Mientras Patricia, Alejandra Monteoliva, Pablo Grillo, Ley Bases, Estudios Legales"
NO RELEVANTE,,Chacarita,Sí,"Mon, 01 May 2023 14:00:51 GMT",1 De Mayo,-,"Diario Digital, En Argentina, Estados Unidos, Capital Federal, Plaza Lorea"
NO RELEVANTE,,CABA,Sí,"Sat, 07 Sep 2024 00:37:35 GMT",-,Policía Federal,"Unidad Operativa Federal, Centro Comercial Patio, Avenida Ignacio, Capital Federal, Francisco Maldonado"
NO RELEVANTE,,CABA,Sí,"Wed, 22 Oct 2025 21:01:09 GMT",-,"Policía Federal, Policía de la Ciudad","Resumen Latinoamericano, Federal Argentina, Javier Milei, Palacio Legislativo"
NO RELEVANTE,,-,No,2026-02-12,-,-,"Diario Norte
Performing"
NO RELEVANTE,,CABA,Sí,"Sat, 01 Sep 2018 03:06:11 GMT",-,Policía de la Ciudad,"Santiago Maldonado, Rafael Nahuel, Myriam Bregman, Alejandrina Barry, Eugenia Vidal"
NO RELEVANTE,,CABA,Sí,"Tue, 16 Apr 2024 14:27:41 GMT",-,-,"Infosur Diario
Claudio, Pueblo Unido, Violencia Institucional, Operativo Antiprotesta, Tanto Patricia Bullrich"
NO RELEVANTE,,-,Sí,"Thu, 28 Nov 2024 16:27:00 GMT",-,Policía de la Ciudad,-
NO RELEVANTE,,"Almagro, Balvanera, Caballito, Lugano, Villa Devoto",Sí,"Wed, 16 Nov 2022 01:51:00 GMT",-,-,"Emiliano Gatti, Unidad Fiscal Especializada, Daniela Dupuy, Red Federal, Parque Chas"
NO RELEVANTE,,CABA,Sí,"Thu, 28 Jul 2022 16:14:47 GMT",-,"Policía Federal, Prefectura Naval","Tiempo Ariel Cejas, Federal Argentina, Prefectura Naval Argentina, Cejas Meliare"
NO RELEVANTE,,CABA,Sí,"Mon, 01 Dec 2025 22:05:07 GMT",-,Policía Bonaerense,"Toyota Hilux, Ford Focus"
NO RELEVANTE,,CABA,Sí,"Wed, 28 May 2025 12:59:00 GMT",2 De Mayo,Policía de la Ciudad,"Investigaciones Especiales, Unidad Fiscal Especializada, Criminal Compleja, River Plate, Copa Libertadores"
NO RELEVANTE,,CABA,Sí,"Thu, 27 Mar 2025 13:19:00 GMT",17 De Marzo,Policía Federal,Olga Delina Quinteros
NO RELEVANTE,,CABA,Sí,"Tue, 04 Nov 2025 12:07:00 GMT",-,Policía Federal,Federal Argentina
NO RELEVANTE,,-,No,2026-02-12,-,-,-
NO RELEVANTE,,Saavedra,Sí,"Wed, 28 Aug 2024 19:18:23 GMT",28 De Agosto,Policía de la Ciudad,"Derechos Humanos, Anabella Hers Cabral, Ariel Risafi, Edificio Modular, Sede Comunal"
NO RELEVANTE,,La Boca,Sí,"Wed, 11 Feb 2026 19:28:00 GMT",-,-,"Laura Vilches, Audios
Denuncian, Capital Federal, Jorge Mercado
Lectura, Puente Centenario"
NO RELEVANTE,,-,No,"Wed, 12 Mar 2025 20:01:00 GMT",-,Policía Federal,"Pablo Grillo, Patricia Bullrich, Pablo Grillo
Juan, Manuel Foglia, Congreso
Durante"
NO RELEVANTE,,Recoleta,Sí,"Mon, 23 Dec 2024 19:51:00 GMT",18 De Septiembre,Policía de la Ciudad,"Renault Sandero, Puerto Madero, Cecilia Grierson, Chevrolet Cruze, Rafael Castillo"
NO RELEVANTE,,CABA,Sí,"Fri, 15 Mar 2024 22:06:00 GMT",-,Policía Federal,"Uno Entre Rios, Inteligencia Criminal, Pablo Bur, Federal Argentina, Samsung Galaxy"
NO RELEVANTE,,-,Sí,2026-02-11,-,-,Leo Rey
NO RELEVANTE,,-,No,"Mon, 06 Jun 2016 10:17:00 GMT",-,Policía Federal,"Monchi Cantero, Rosario
Rosario, Agencia Federal, Capital Federal, Justicia Federal"
NO RELEVANTE,,CABA,Sí,"Thu, 15 Nov 2018 10:34:00 GMT",-,Policía Federal,"Infobae
Dos, Axel Ezequiel Abraham, Kevin Gamal Abraham, Asociaciones Israelitas Argentina, Gamal Salomon"
NO RELEVANTE,,"Chacarita, Parque Patricios",Sí,"Tue, 25 Feb 2025 00:42:40 GMT",-,Policía de la Ciudad,"Torneo Apertura, Nueva Chicago, Alianza Lima, Waldo Wolff, Parque Patricios"
NO RELEVANTE,,CABA,Sí,"Wed, 16 Oct 2024 22:45:00 GMT",-,-,-
NO RELEVANTE,,CABA,Sí,"Thu, 04 Apr 2024 19:48:02 GMT",-,Policía de la Ciudad,"Sindicato Unificado, Carlos Fuentealba, Jorge Macri, Memoria Verdad"
NO RELEVANTE,,Recoleta,Sí,"Mon, 29 Aug 2022 11:15:43 GMT",28 De Agosto,-,"Patricia Bullrich, Parque Lezama"
NO RELEVANTE,,Flores,Sí,"Sun, 24 Jun 2018 03:00:00 GMT",20 De Junio,"Policía Federal, Policía Metropolitana, Policía de la Ciudad","Tiempo Arfang Diedhiou, Victoria Pita, Victoria Pacecca, Gabriela Liguori, Kane Serigne Dame"
NO RELEVANTE,,CABA,Sí,"Mon, 20 Dec 2021 21:45:01 GMT",20 De Diciembre,-,"Gabriel Solano, Santiago Gima, Partido Obrero, Ley Federal, Fernando De"
NO RELEVANTE,,CABA,Sí,"Wed, 16 Oct 2019 04:50:35 GMT",-,Policía de la Ciudad,"Poder Judicial, Violencia Institucional, Izquierda Unidad, Myriam Bregman, Corte Suprema"
NO RELEVANTE,,-,No,"Wed, 10 Apr 2024 13:25:00 GMT",9 De Julio,-,-
NO RELEVANTE,,-,No,2026-02-11,-,-,-
NO RELEVANTE,,CABA,Sí,"Tue, 11 Apr 2017 09:31:41 GMT",6 De Marzo,-,"Sonia Alesso, Esteban Bullrich, Roberto Baradel, Mauricio Macri, Diego Santilli"
NO RELEVANTE,,CABA,Sí,"Sun, 16 Aug 2020 02:00:38 GMT",10 De Diciembre,"Gendarmería Nacional, Policía Federal, Policía de la Ciudad, Prefectura Naval","Sabina Frederic, Derechos Humanos, Horacio Pietragalla Corti, Facundo Astudillo Castro, Rodolfo Walsh"
NO RELEVANTE,,Constitución,Sí,"Sat, 18 Mar 2017 04:11:44 GMT",8 De Marzo,Policía de la Ciudad,"Paro Internacional, Horacio Corti, Control Externo, Violencia Institucional"
NO RELEVANTE,,-,No,2026-02-11,-,-,-
NO RELEVANTE,,-,Sí,"Tue, 19 Dec 2017 07:12:57 GMT",-,"Gendarmería Nacional, Policía Federal, Policía de la Ciudad","Enfoque Rojo
Decenas, Casa Rosada, Carlos Artacho, Mauro Fulco, Leandro Teysseire"
NO RELEVANTE,,CABA,Sí,"Fri, 13 Dec 2024 19:24:28 GMT",30 De Noviembre,-,"Tiempo Argentino
Al, Javier Milei, Patricia Bullrich, Mecanismo Local, Roberto Cipriano"
NO RELEVANTE,,-,No,"Thu, 01 Nov 2018 03:00:10 GMT",24 De Octubre,Policía de la Ciudad,"Derechos Humanos, Myriam Bregman, Poder Judicial, Federico Tropea, Justicia Penal"
NO RELEVANTE,,CABA,Sí,"Sat, 03 Feb 2024 15:23:28 GMT",-,"Gendarmería Nacional, Policía Federal, Policía de la Ciudad","Plaza Congreso, Del Carmen, Pablo Sabando Aburto, Sergio Luciano, Derechos Humanos"
NO RELEVANTE,,-,No,"Fri, 15 Mar 2024 12:35:51 GMT",-,Policía de la Ciudad,-
NO RELEVANTE,,Recoleta,Sí,"Sun, 28 Aug 2022 22:50:00 GMT",-,-,"Patricia Bullrich, Parque Lezama"
NO RELEVANTE,,CABA,Sí,"Thu, 12 Feb 2026 02:08:34 GMT",-,"Gendarmería Nacional, Policía Federal, Policía de la Ciudad, Prefectura Naval","Plaza Congreso, Diario Huarpe
Fuerzas, Prefectura Naval, Dos Congresos, Javier Milei"
NO RELEVANTE,,CABA,Sí,"Thu, 12 Feb 2026 03:07:26 GMT",-,Policía de la Ciudad,"Agencia Noticias Argentinas, Malena Mercuriari, Plaza Congreso, Alejandra Monteoliva"
NO RELEVANTE,,-,No,2026-02-11,-,-,Resumen Latinoamericano
NO RELEVANTE,,CABA,Sí,"Wed, 11 Feb 2026 19:10:00 GMT",-,-,"Codigo Baires
Mientras, Convergencia Socialista, Partido Socialista, Hermes Binner, Juan Grabois"
NO RELEVANTE,,-,No,"Thu, 22 Jan 2026 16:58:18 GMT",-,"Gendarmería Nacional, Policía Federal, Policía de la Ciudad, Prefectura Naval","Avenida Rivadavia, Javier Milei, Prefectura Naval, Sobre Rivadavia, Subcomisario Pablo Fernando"
NO RELEVANTE,,CABA,Sí,"Wed, 04 Feb 2026 21:21:28 GMT",9 De Julio,Policía Federal,"Francisco Paco Olveira, Paula Penacca, Jorge Taianna, Lorena Pokoik"
NO RELEVANTE,,CABA,Sí,"Tue, 13 Jan 2026 09:50:04 GMT",12 De Marzo De 2025,Policía de la Ciudad,"Javier Milei, Jorge Macri, Comunidades Mapuche, Jonathan Leandro Navarro, Rodrigo Troncoso"
NO RELEVANTE,,CABA,Sí,"Thu, 18 Dec 2025 00:00:00 GMT",24 De Diciembre,"Gendarmería Nacional, Policía Federal, Policía de la Ciudad","Javier Milei, Palacio Legislativo, Noticias Argentinas, Carlos Alberto Dawlowfki, Inocencia Fiscal"
NO RELEVANTE,,CABA,Sí,"Wed, 30 Jul 2025 21:10:11 GMT",-,Policía de la Ciudad,Rodolfo Walsh
NO RELEVANTE,,Flores,Sí,"Fri, 17 Dec 2021 00:12:00 GMT",20 De Diciembre,"Policía Bonaerense, Policía Federal","Casa Rosada, Graciela Acosta, Alberto Arapi, Elvira Avaca, Gustavo Ariel Benedetto"
NO RELEVANTE,,-,No,2026-02-11,-,-,Tiempo Argentino
NO RELEVANTE,,Chacarita,Sí,"Thu, 13 Mar 2025 04:15:35 GMT",-,Policía de la Ciudad,"Javier Milei, Chacarita Juniors, Beatriz Bianco, Casa Rosada, Ferrocarril Oeste"
NO RELEVANTE,,CABA,Sí,"Fri, 14 Mar 2025 14:51:00 GMT",-,"Policía Federal, Policía de la Ciudad","Lilia Lemoine, Federal Argentina, Lilia Lemonie, Mariano Yezze, Maximiliano Kosteki"
NO RELEVANTE,,Belgrano,Sí,"Thu, 20 Mar 2025 17:30:00 GMT",-,-,"Belgrano Norte, Belgrano Sur, Corriente Clasista Combativa, Zona Oeste, Pastoral Social"
NO RELEVANTE,,CABA,Sí,"Thu, 13 Mar 2025 12:36:01 GMT",13 De Marzo,-,"Pablo Grillo, Guillermo Francos, Patricia Bullrich, General Urquiza, Gobierno
Durante"
NO RELEVANTE,,Retiro,Sí,"Fri, 13 Sep 2024 15:59:56 GMT",4 De Septiembre,Policía Federal,"Patricia Bullrich, Red Federal, Derechos Humanos, Javier Milei, Correccional Federal"
NO RELEVANTE,,CABA,Sí,"Fri, 20 Dec 2024 00:00:00 GMT",30 De Noviembre,"Gendarmería Nacional, Policía Federal, Policía de la Ciudad, Prefectura Naval","Federico Schmeigel, Inteligencia Ilegal, Ley Bases, Movilidad Jubilatoria, Comodoro Py"
NO RELEVANTE,,CABA,Sí,"Thu, 10 Aug 2023 21:19:02 GMT",-,"Policía Federal, Policía de la Ciudad","Votamos Luchar, Facundo Molares Schoenfeld, Jimena Cejas, Alicia Machado, Horacio Ferreyra"
NO RELEVANTE,,"Flores, Retiro",Sí,"Sat, 19 Dec 2020 03:41:08 GMT",20 De Marzo,"Gendarmería Nacional, Policía Federal, Policía Metropolitana, Policía de la Ciudad, Prefectura Naval","Personas Asesinadas, Asamblea Legislativa, Mauricio Macri, Santiago Maldonado, Rafael Nahuel"
NO RELEVANTE,,-,No,2026-02-11,-,-,-
NO RELEVANTE,,-,No,2026-02-11,-,-,-
NO RELEVANTE,,Liniers,Sí,"Mon, 09 Feb 2026 17:31:00 GMT",-,Policía de la Ciudad,"Autopista Riccheri, Jorge Macri, Capital Federal, Ingeniero Budge, General Hornos"
NO RELEVANTE,,-,No,2026-02-11,-,-,-
NO RELEVANTE,,CABA,Sí,"Tue, 10 Feb 2026 10:52:45 GMT",-,-,"Que Pasa Web, General Pacheco, Tigre
De, Agencia Noticias Argentinas, Mercedes Benz"
NO RELEVANTE,,CABA,Sí,"Mon, 02 Feb 2026 12:57:00 GMT",27 De Septiembre De 2022,"Gendarmería Nacional, Policía Federal","Sabag Montiel, Fernando Sabag Montiel, Abasto Shopping, Eugenia Capuchetti, Brenda Uliarte"
NO RELEVANTE,,Barracas,Sí,"Tue, 25 Nov 2025 18:43:04 GMT",-,-,"Guillermo Francella, Tribuna Segura, Eventos Masivos, Boca Juniors, Deportivo Riestra"
NO RELEVANTE,,CABA,Sí,"Wed, 14 Jan 2026 21:31:00 GMT",-,Policía de la Ciudad,"Jorge Alfaro, Consulado Chileno"
NO RELEVANTE,,Constitución,Sí,"Fri, 24 Oct 2025 20:08:13 GMT",24 De Octubre De 2025,-,"Ferrocarril Sud, Casa Rojo, Ruta Provincial"
NO RELEVANTE,,"Barracas, Belgrano",Sí,"Fri, 06 Jun 2025 14:45:00 GMT",6 De Junio De 2025,"Policía Federal, Policía de la Ciudad","Federico Iuspa, Florencia Rey, Capital Federal, Fabiana Galletti, Federal Argentina"
NO RELEVANTE,,CABA,Sí,"Tue, 15 Jul 2025 22:21:33 GMT",20 De Diciembre De 2023,-,"Patricia Bullrich, Capital Federal, Ley Bases, Carlos Stornelli"
NO RELEVANTE,,"Barracas, Belgrano",Sí,"Mon, 21 Jul 2025 12:20:45 GMT",4 De Abril,Policía de la Ciudad,"Tribuna Segura, Barracas Central, River Plate, Departamento Judicial, All Boys"
NO RELEVANTE,,CABA,Sí,"Thu, 06 Nov 2025 13:09:05 GMT",6 De Noviembre De 2025,"Policía Federal, Policía de la Ciudad","Litigio Periodismo Judicial, Daniel Vera, Javier Milei, Investigaciones Complejas, Correccional Federal"
NO RELEVANTE,,Palermo,Sí,"Fri, 24 Oct 2025 11:33:00 GMT",-,Policía de la Ciudad,"Leandro Esteban, Lissa Vera, Investigaciones Comunales, Santiago Bignone, Polo Integral"
NO RELEVANTE,,CABA,Sí,2026-02-11,-,-,-
NO RELEVANTE,,CABA,Sí,"Thu, 16 Oct 2025 03:10:11 GMT",-,-,"Gran Hermano, Joel Ojeda, Juan Rozas, Cartas Documento"
NO RELEVANTE,,Liniers,Sí,"Wed, 26 Nov 2025 15:29:00 GMT",2 De Noviembre,Policía de la Ciudad,"Catedral Metropolitana, Padre Lucas Arguimbau"
NO RELEVANTE,,-,No,2026-02-11,-,-,-
NO RELEVANTE,,-,No,2026-02-11,-,-,Tony Montana
NO RELEVANTE,,CABA,Sí,2026-02-11,-,-,-
NO RELEVANTE,,Palermo,Sí,2026-02-11,-,-,-
NO RELEVANTE,,-,No,2026-02-11,-,-,-
NO RELEVANTE,,-,No,2026-02-11,-,-,Miss Bolivia
NO RELEVANTE,,-,No,2026-02-11,-,-,-
NO RELEVANTE,,-,No,2026-02-11,-,-,-
NO RELEVANTE,,-,No,2026-02-11,-,-,-
NO RELEVANTE,,-,No,2026-02-11,-,-,Javier Milei
NO RELEVANTE,,Barracas,Sí,2026-02-11,-,-,-
NO RELEVANTE,,-,No,2026-02-11,-,-,-
NO RELEVANTE,,Retiro,Sí,2026-02-11,-,-,-
NO RELEVANTE,,CABA,Sí,2026-02-11,-,-,-
NO RELEVANTE,,-,No,2026-02-11,-,-,Florencio Varela
NO RELEVANTE,,-,No,2026-02-11,-,-,-
NO RELEVANTE,,-,No,2026-02-11,-,-,-
NO RELEVANTE,,-,No,2026-02-11,-,-,Correo Argentino
NO RELEVANTE,,-,No,2026-02-11,-,-,-
NO RELEVANTE,,Palermo,Sí,2026-02-11,-,-,-
NO RELEVANTE,,-,No,2026-02-11,-,Policía Federal,-
NO RELEVANTE,,San Telmo,Sí,2026-02-11,-,-,-
NO RELEVANTE,,-,No,2026-02-11,-,-,Javier Milei
NO RELEVANTE,,-,No,2026-02-11,-,-,-
NO RELEVANTE,,-,No,2026-02-11,-,-,-
NO RELEVANTE,,-,No,2026-02-11,-,-,-
NO RELEVANTE,,-,No,2026-02-11,-,-,-
NO RELEVANTE,,-,No,2026-02-11,-,-,Laura Vilches
NO RELEVANTE,,-,No,2026-02-11,-,-,-
NO RELEVANTE,,-,No,2026-02-11,-,-,-
NO RELEVANTE,,-,No,2026-02-11,-,-,Georgina Barbarossa
NO RELEVANTE,,-,No,2026-02-11,-,-,-
NO RELEVANTE,,-,No,2026-02-11,-,-,-
NO RELEVANTE,,-,No,2026-02-11,-,-,-
NO RELEVANTE,,-,No,2026-02-11,-,-,-
NO RELEVANTE,,-,No,2026-02-11,-,-,Diario Digital
NO RELEVANTE,,-,No,2026-02-11,-,-,-
NO RELEVANTE,,-,No,2026-02-11,-,-,Izquierda Web
NO RELEVANTE,,-,No,2026-02-11,-,-,Canal Abierto
NO RELEVANTE,,-,No,2026-02-11,-,-,-
NO RELEVANTE,,-,No,2026-02-11,-,-,-
NO RELEVANTE,,-,No,2026-02-11,-,-,"Diego Lamagna, Diario Digital"
NO RELEVANTE,,-,No,2026-02-11,-,-,Telesol Diario
NO RELEVANTE,,-,No,2026-02-11,-,-,-
NO RELEVANTE,,-,No,2026-02-11,20 De Diciembre De 2001,-,Diputados Bonaerenses
NO RELEVANTE,,-,No,2026-02-11,-,-,Casa Rosada
NO RELEVANTE,,-,No,2026-02-11,-,-,-
NO RELEVANTE,,-,No,2026-02-11,-,-,-
NO RELEVANTE,,-,No,2026-02-11,-,-,-
NO RELEVANTE,,-,No,2026-02-11,-,-,Desde Argentina
NO RELEVANTE,,-,No,2026-02-11,-,-,-
NO RELEVANTE,,-,No,2026-02-11,-,-,Caso Reuterfin
NO RELEVANTE,,-,No,2026-02-11,-,-,Casa Rosada
NO RELEVANTE,,Barracas,Sí,2026-02-11,-,Policía de la Ciudad,-
NO RELEVANTE,,-,No,2026-02-11,-,-,Capital Federal
NO RELEVANTE,,-,No,2026-02-11,-,-,-
NO RELEVANTE,,-,No,2026-02-11,-,-,-
NO RELEVANTE,,-,No,2026-02-11,-,-,-
NO RELEVANTE,,-,No,2026-02-11,-,-,Diario Panorama
NO RELEVANTE,,-,No,2026-02-11,-,-,-
NO RELEVANTE,,-,No,2026-02-11,-,-,-
NO RELEVANTE,,-,No,2026-02-11,-,-,-
NO RELEVANTE,,CABA,Sí,2026-02-11,-,-,-
NO RELEVANTE,,-,No,2026-02-11,-,-,-
NO RELEVANTE,,Recoleta,Sí,2026-02-11,-,-,-
NO RELEVANTE,,-,No,2026-02-11,-,-,-
NO RELEVANTE,,-,No,2026-02-11,-,-,"Enrique Grassi Susini, Juez Rago Gallo"
NO RELEVANTE,,Retiro,Sí,2026-02-11,-,-,-
NO RELEVANTE,,-,No,2026-02-11,-,-,-
NO RELEVANTE,,-,No,2026-02-11,-,-,-
NO RELEVANTE,,CABA,Sí,2026-02-11,-,-,-
NO RELEVANTE,,-,No,2026-02-11,-,-,-
NO RELEVANTE,,-,No,2026-02-11,-,-,Ingeniero Budge
NO RELEVANTE,,-,No,2026-02-11,-,Policía de la Ciudad,-
NO RELEVANTE,,-,No,2026-02-11,-,-,-
NO RELEVANTE,,-,No,2026-02-11,-,-,-
NO RELEVANTE,,-,No,2026-02-11,-,Policía de la Ciudad,-
NO RELEVANTE,,-,No,2026-02-11,-,-,Diario Jornada
NO RELEVANTE,,-,No,2026-02-11,-,-,-
NO RELEVANTE,,-,No,2026-02-11,-,-,-
NO RELEVANTE,,Caballito,Sí,2026-02-11,-,-,-
NO RELEVANTE,,-,No,2026-02-11,-,-,Diario Judicial
NO RELEVANTE,,-,No,2026-02-11,-,-,-
NO RELEVANTE,,-,No,2026-02-11,-,-,-
NO RELEVANTE,,-,No,2026-02-11,-,-,Diario Norte
NO RELEVANTE,,-,No,2026-02-11,-,-,-
NO RELEVANTE,,-,No,2026-02-11,-,-,-
NO RELEVANTE,,-,No,2026-02-11,-,-,-
NO RELEVANTE,,-,No,2026-02-11,-,-,-
NO RELEVANTE,,-,No,2026-02-11,-,-,Agencia Noticias Argentinas
NO RELEVANTE,,-,No,2026-02-11,-,-,-
NO RELEVANTE,,-,No,2026-02-11,-,-,-
NO RELEVANTE,,CABA,Sí,2026-02-11,-,-,-
NO RELEVANTE,,-,No,2026-02-11,-,Policía de la Ciudad,-
NO RELEVANTE,,-,No,2026-02-11,-,-,-
NO RELEVANTE,,-,No,2026-02-11,-,-,-
NO RELEVANTE,,-,No,2026-02-11,18 De Diciembre,-,Prensa Obrera
NO RELEVANTE,,-,No,2026-02-11,-,-,International Federation
NO RELEVANTE,,-,No,2026-02-11,-,-,-
NO RELEVANTE,,CABA,Sí,2026-02-11,-,-,-
NO RELEVANTE,,-,No,2026-02-11,-,-,Javier Milei
NO RELEVANTE,,CABA,Sí,2026-02-11,-,-,Tiempo Argentino
NO RELEVANTE,,CABA,Sí,2026-02-11,-,-,-
NO RELEVANTE,,-,No,2026-02-11,-,-,-
NO RELEVANTE,,-,No,2026-02-11,-,-,-
NO RELEVANTE,,CABA,Sí,2026-02-11,-,-,Agencia Paco Urondo
NO RELEVANTE,,-,No,2026-02-11,-,-,-
NO RELEVANTE,,-,No,2026-02-11,-,-,-
NO RELEVANTE,,CABA,Sí,2026-02-11,-,-,-
NO RELEVANTE,,-,No,2026-02-11,-,-,-
NO RELEVANTE,,Saavedra,Sí,2026-02-11,-,-,"En Puente, Resumen Latinoamericano"
NO RELEVANTE,,-,No,2026-02-11,-,-,-
NO RELEVANTE,,-,No,2026-02-11,-,-,Pablo Grillo
NO RELEVANTE,,CABA,Sí,2026-02-11,-,Policía de la Ciudad,Agencia Paco Urondo
NO RELEVANTE,,-,No,2026-02-11,-,-,-
NO RELEVANTE,,-,No,2026-02-11,-,-,-
NO RELEVANTE,,-,No,2026-02-11,-,-,"Cintia Castellanos, Canal Abierto"
NO RELEVANTE,,-,No,2026-02-11,-,-,Radio Kermes
NO RELEVANTE,,-,No,2026-02-11,-,-,-
NO RELEVANTE,,-,No,2026-02-11,-,-,Resumen Latinoamericano
NO RELEVANTE,,CABA,Sí,2026-02-11,-,-,-
NO RELEVANTE,,-,No,2026-02-11,-,-,-
NO RELEVANTE,,-,No,2026-02-11,-,-,-
NO RELEVANTE,,-,No,2026-02-11,-,-,-
NO RELEVANTE,,-,No,2026-02-11,-,-,-
NO RELEVANTE,,-,No,2026-02-11,-,-,-
NO RELEVANTE,,-,No,2026-02-11,-,-,-
NO RELEVANTE,,-,No,2026-02-11,-,-,Izquierda Web
NO RELEVANTE,,-,Sí,2026-02-11,-,-,-
NO RELEVANTE,,-,No,2026-02-11,-,-,-
NO RELEVANTE,,-,No,2026-02-11,-,-,-
NO RELEVANTE,,CABA,Sí,2026-02-11,-,-,Luis Cevasco
NO RELEVANTE,,-,No,2026-02-11,-,-,-
NO RELEVANTE,,-,No,2026-02-11,-,-,-
NO RELEVANTE,,CABA,Sí,2026-02-11,-,-,-
NO RELEVANTE,,-,No,2026-02-11,-,-,"American Airlines, Info Viajera"
NO RELEVANTE,,-,No,2026-02-11,-,-,-
NO RELEVANTE,,-,No,2026-02-11,-,-,City Bell
NO RELEVANTE,,-,No,2026-02-11,-,-,-
NO RELEVANTE,,-,No,2026-02-11,-,-,"Monte Castro, Agencia Noticias Argentinas"
NO RELEVANTE,,-,No,2026-02-11,-,Policía de la Ciudad,Lionel Scaloni
NO RELEVANTE,,Chacarita,Sí,2026-02-11,-,-,-
NO RELEVANTE,,-,No,2026-02-11,-,-,-
NO RELEVANTE,,-,No,2026-02-11,-,-,-
NO RELEVANTE,,Belgrano,Sí,2026-02-11,-,-,-
NO RELEVANTE,,-,No,2026-02-11,-,-,-
NO RELEVANTE,,-,No,2026-02-11,-,-,-
NO RELEVANTE,,-,No,2026-02-11,-,-,-
NO RELEVANTE,,-,No,2026-02-11,-,-,-
NO RELEVANTE,,-,No,2026-02-11,-,-,-
NO RELEVANTE,,Palermo,Sí,2026-02-11,-,-,-
NO RELEVANTE,,-,No,2026-02-11,-,-,-
NO RELEVANTE,,Balvanera,Sí,2026-02-11,-,-,-
NO RELEVANTE,,-,No,2026-02-11,-,-,-
NO RELEVANTE,,-,No,2026-02-11,-,-,Playa Magagna
NO RELEVANTE,,-,No,2026-02-11,-,-,-
NO RELEVANTE,,-,No,2026-02-11,-,-,Florencio Varela
NO RELEVANTE,,Constitución,Sí,2026-02-11,-,-,-
NO RELEVANTE,,CABA,Sí,2026-02-11,-,-,"Gordo Tin, Salideras Bancarias, Semanario Actualidad"
NO RELEVANTE,,CABA,Sí,2026-02-11,-,-,-
NO RELEVANTE,,-,No,2026-02-11,-,-,Gordo Jorge
NO RELEVANTE,,CABA,Sí,2026-02-11,-,-,Diario Democracia
NO RELEVANTE,,CABA,Sí,2026-02-11,-,-,-
NO RELEVANTE,,La Boca,Sí,2026-02-11,-,-,-
NO RELEVANTE,,-,No,2026-02-11,-,-,-
NO RELEVANTE,,-,No,2026-02-11,-,-,-
NO RELEVANTE,,-,No,2026-02-11,-,-,-
NO RELEVANTE,,-,No,2026-02-11,-,-,-
NO RELEVANTE,,CABA,Sí,2026-02-11,-,-,-
NO RELEVANTE,,-,No,2026-02-11,-,-,Sol Play
NO RELEVANTE,,-,No,2026-02-11,-,-,-
NO RELEVANTE,,-,No,2026-02-11,-,-,"Ariel Sosa, Clan Sosa"
NO RELEVANTE,,CABA,Sí,2026-02-11,-,Policía de la Ciudad,-
NO RELEVANTE,,CABA,Sí,2026-02-11,-,-,-
NO RELEVANTE,,CABA,Sí,2026-02-11,-,-,-
NO RELEVANTE,,Villa 20,Sí,2026-02-11,-,-,-
NO RELEVANTE,,-,No,2026-02-11,-,-,-
NO RELEVANTE,,-,No,2026-02-11,-,-,Mario Giannobeli
NO RELEVANTE,,-,No,2026-02-11,-,-,-
NO RELEVANTE,,-,No,2026-02-11,-,-,"De Tigre, Que Pasa Web"
NO RELEVANTE,,CABA,Sí,2026-02-11,-,-,Cronos Noticias
NO RELEVANTE,,-,No,2026-02-11,-,-,-
NO RELEVANTE,,-,No,2026-02-11,-,-,-
NO RELEVANTE,,-,No,2026-02-11,-,-,-
NO RELEVANTE,,CABA,Sí,2026-02-11,-,-,-
NO RELEVANTE,,CABA,Sí,2026-02-11,-,Prefectura Naval,-
NO RELEVANTE,,-,No,2026-02-11,-,-,-
NO RELEVANTE,,CABA,Sí,2026-02-11,-,-,-
NO RELEVANTE,,CABA,Sí,2026-02-11,-,-,-
NO RELEVANTE,,-,No,2026-02-11,-,-,Estados Unidos
NO RELEVANTE,,-,Sí,2026-02-11,-,-,-
NO RELEVANTE,,-,No,2026-02-11,-,-,Brigate Rosse
NO RELEVANTE,,CABA,Sí,2026-02-11,-,-,-
NO RELEVANTE,,-,No,2026-02-11,-,-,-
NO RELEVANTE,,-,No,2026-02-11,-,-,Caso Loan
NO RELEVANTE,,-,No,2026-02-11,-,-,-
NO RELEVANTE,,CABA,Sí,2026-02-11,-,-,Mendoza Post
NO RELEVANTE,,-,No,2026-02-11,-,-,-
NO RELEVANTE,,-,No,2026-02-11,-,-,-
NO RELEVANTE,,-,No,2026-02-11,-,-,General Paz
NO RELEVANTE,,CABA,Sí,2026-02-11,-,-,-
NO RELEVANTE,,CABA,Sí,2026-02-11,-,-,-
NO RELEVANTE,,CABA,Sí,2026-02-11,-,-,Cronos Noticias
NO RELEVANTE,,CABA,Sí,2026-02-11,-,-,-
NO RELEVANTE,,CABA,Sí,2026-02-11,-,-,-
NO RELEVANTE,,-,No,2026-02-11,-,-,Pisco Raider
NO RELEVANTE,,CABA,Sí,2026-02-11,-,-,-
NO RELEVANTE,,-,No,2026-02-11,-,-,-
NO RELEVANTE,,CABA,Sí,2026-02-11,-,-,-
NO RELEVANTE,,CABA,Sí,2026-02-11,-,-,-
NO RELEVANTE,,-,No,2026-02-11,-,-,-
NO RELEVANTE,,CABA,Sí,2026-02-11,-,-,-
NO RELEVANTE,,CABA,Sí,2026-02-11,-,-,Tiempo Judicial
NO RELEVANTE,,-,No,2026-02-11,-,-,-
NO RELEVANTE,,CABA,Sí,2026-02-11,-,-,-
NO RELEVANTE,,-,No,2026-02-11,-,-,-
NO RELEVANTE,,-,No,2026-02-11,-,-,-
NO RELEVANTE,,CABA,Sí,2026-02-11,-,-,-
NO RELEVANTE,,CABA,Sí,2026-02-11,-,-,-
NO RELEVANTE,,CABA,Sí,2026-02-11,-,-,-
NO RELEVANTE,,CABA,Sí,2026-02-11,-,-,Cristina Kirchner
NO RELEVANTE,,CABA,Sí,2026-02-11,-,-,-
NO RELEVANTE,,CABA,Sí,2026-02-11,-,Gendarmería Nacional,-
NO RELEVANTE,,CABA,Sí,2026-02-11,-,-,Uno Entre Rios
NO RELEVANTE,,CABA,Sí,2026-02-11,-,-,Cronos Noticias
NO RELEVANTE,,CABA,Sí,2026-02-11,-,-,-
NO RELEVANTE,,CABA,Sí,2026-02-11,-,-,-
NO RELEVANTE,,CABA,Sí,2026-02-11,-,-,Prensa Obrera
NO RELEVANTE,,-,No,2026-02-11,-,-,-
NO RELEVANTE,,CABA,Sí,2026-02-11,-,-,-
NO RELEVANTE,,-,No,2026-02-11,-,-,-
NO RELEVANTE,,CABA,Sí,2026-02-11,-,-,-
NO RELEVANTE,,Caballito,Sí,2026-02-11,-,-,-
NO RELEVANTE,,CABA,Sí,2026-02-11,-,-,-
NO RELEVANTE,,CABA,Sí,2026-02-11,-,-,-
NO RELEVANTE,,Barracas,Sí,2026-02-11,-,-,-
NO RELEVANTE,,CABA,Sí,2026-02-11,-,-,-
NO RELEVANTE,,CABA,Sí,2026-02-11,-,-,-
NO RELEVANTE,,CABA,Sí,2026-02-11,-,-,Servicio Penitenciario Federal
NO RELEVANTE,,CABA,Sí,2026-02-11,-,-,-
NO RELEVANTE,,CABA,Sí,2026-02-11,-,-,-
NO RELEVANTE,,-,No,2026-02-11,-,-,-
NO RELEVANTE,,CABA,Sí,2026-02-11,-,Policía de la Ciudad,-
NO RELEVANTE,,CABA,Sí,2026-02-11,-,-,-
NO RELEVANTE,,-,No,2026-02-11,-,-,-
NO RELEVANTE,,CABA,Sí,2026-02-11,-,-,Data Conurbano
NO RELEVANTE,,CABA,Sí,2026-02-11,-,-,-
NO RELEVANTE,,-,No,2026-02-11,-,-,-
NO RELEVANTE,,CABA,Sí,2026-02-11,-,-,-
NO RELEVANTE,,CABA,Sí,2026-02-11,-,-,-
NO RELEVANTE,,CABA,Sí,2026-02-11,-,-,-
NO RELEVANTE,,-,No,2026-02-11,-,-,-
NO RELEVANTE,,CABA,Sí,2026-02-11,-,-,-
NO RELEVANTE,,-,No,2026-02-11,-,-,-
NO RELEVANTE,,CABA,Sí,2026-02-11,-,-,-
NO RELEVANTE,,CABA,Sí,2026-02-11,-,-,-
NO RELEVANTE,,CABA,Sí,2026-02-11,-,-,-
NO RELEVANTE,,CABA,Sí,2026-02-11,-,-,-
NO RELEVANTE,,-,No,2026-02-11,-,-,-
NO RELEVANTE,,CABA,Sí,2026-02-11,-,-,-
NO RELEVANTE,,CABA,Sí,2026-02-11,-,-,-
NO RELEVANTE,,-,No,2026-02-11,-,-,-
NO RELEVANTE,,CABA,Sí,2026-02-11,-,-,-
NO RELEVANTE,,-,No,2026-02-11,-,-,-
NO RELEVANTE,,CABA,Sí,2026-02-11,-,-,-
NO RELEVANTE,,-,No,2026-02-11,-,-,-
NO RELEVANTE,,Villa Crespo,Sí,2026-02-11,-,Policía de la Ciudad,-
NO RELEVANTE,,CABA,Sí,2026-02-11,-,-,-
NO RELEVANTE,,CABA,Sí,2026-02-11,-,-,-
NO RELEVANTE,,CABA,Sí,2026-02-11,-,-,-
NO RELEVANTE,,-,No,2026-02-11,-,-,-
NO RELEVANTE,,CABA,Sí,2026-02-11,-,-,-
NO RELEVANTE,,-,No,2026-02-11,-,-,-
NO RELEVANTE,,-,No,2026-02-11,-,-,-
NO RELEVANTE,,CABA,Sí,2026-02-11,-,-,-
NO RELEVANTE,,CABA,Sí,2026-02-11,-,-,-
NO RELEVANTE,,CABA,Sí,2026-02-11,-,-,-
NO RELEVANTE,,CABA,Sí,2026-02-11,-,-,-
NO RELEVANTE,,-,No,2026-02-11,-,-,-
NO RELEVANTE,,CABA,Sí,2026-02-11,-,-,-
NO RELEVANTE,,-,No,2026-02-11,-,-,-
NO RELEVANTE,,CABA,Sí,2026-02-11,-,-,-
NO RELEVANTE,,-,No,2026-02-11,-,-,-
NO RELEVANTE,,CABA,Sí,2026-02-11,-,-,Lanus Noticias
NO RELEVANTE,,CABA,Sí,2026-02-11,-,-,-
NO RELEVANTE,,CABA,Sí,2026-02-11,-,-,"Puerto Deseado, Tiempo Sur"
NO RELEVANTE,,Caballito,Sí,2026-02-11,-,-,-
NO RELEVANTE,,CABA,Sí,2026-02-11,-,-,Servicio Penitenciario
NO RELEVANTE,,CABA,Sí,2026-02-11,-,-,-
NO RELEVANTE,,CABA,Sí,2026-02-11,-,-,-
NO RELEVANTE,,CABA,Sí,2026-02-11,-,-,-
NO RELEVANTE,,CABA,Sí,2026-02-11,-,-,Agencia Noticias Argentinas
NO RELEVANTE,,-,No,2026-02-11,-,-,Catedral Metropolitana
NO RELEVANTE,,CABA,Sí,2026-02-11,-,-,-
NO RELEVANTE,,-,No,2026-02-11,-,-,-
NO RELEVANTE,,-,No,2026-02-11,-,-,-
NO RELEVANTE,,-,No,2026-02-11,-,-,Al Qaeda
NO RELEVANTE,,-,No,2026-02-11,-,-,-
NO RELEVANTE,,-,No,2026-02-11,-,-,-
NO RELEVANTE,,-,No,2026-03-13,-,-,-
NO RELEVANTE,,CABA,Sí,2026-03-13,-,-,-
NO RELEVANTE,,-,No,2026-03-13,-,-,-
NO RELEVANTE,,CABA,Sí,2026-03-13,-,-,-
NO RELEVANTE,,-,No,2026-03-13,-,-,Big Bang
NO RELEVANTE,,CABA,Sí,2026-03-13,-,-,-
NO RELEVANTE,,CABA,Sí,2026-03-13,-,-,-
NO RELEVANTE,,-,No,2026-03-13,-,-,-
NO RELEVANTE,,CABA,Sí,2026-03-13,-,-,-
NO RELEVANTE,,-,No,2026-03-13,-,-,-
NO RELEVANTE,,-,No,2026-03-13,-,-,-
NO RELEVANTE,,-,No,2026-03-13,-,-,Florencio Varela
NO RELEVANTE,,-,No,2026-03-13,-,-,-
NO RELEVANTE,,-,No,2026-03-13,-,Policía de la Ciudad,-
NO RELEVANTE,,-,No,2026-03-13,-,-,Monte Castro
NO RELEVANTE,,-,No,2026-03-13,-,-,-
NO RELEVANTE,,-,No,2026-03-13,-,-,-
NO RELEVANTE,,-,No,2026-03-13,-,-,Patricia Bullrich
NO RELEVANTE,,-,No,2026-03-13,-,-,Patricia Bullrich
NO RELEVANTE,,-,No,2026-03-14,-,-,-
NO RELEVANTE,,-,No,2026-03-14,-,-,Esperanza Dia
NO RELEVANTE,,-,No,2026-03-14,-,-,-
NO RELEVANTE,,-,No,2026-03-14,-,-,Editor Mendoza
NO RELEVANTE,,-,No,2026-03-14,-,-,-
NO RELEVANTE,,-,No,2026-03-14,-,-,-
NO RELEVANTE,,-,No,2026-03-14,-,-,-
NO RELEVANTE,,Lugano,Sí,2026-03-14,-,-,-
NO RELEVANTE,,CABA,Sí,2026-03-14,-,-,-
NO RELEVANTE,,-,No,2026-03-14,-,-,-
NO RELEVANTE,12M (redundante),-,No,2026-03-14,-,-,-
NO RELEVANTE,,-,No,2026-03-14,-,-,-
NO RELEVANTE,marcha jubilados / miércoles ,-,No,2026-03-14,-,-,-
NO RELEVANTE,Lucas gonzález (2021),-,No,2026-03-14,-,-,-
NO RELEVANTE,,-,No,2026-03-15,-,-,-
NO RELEVANTE,Causa contra manifestantes - ley bases (se hizo el juicio),-,No,2026-03-15,-,-,-
NO RELEVANTE,Pasó en ituzaingó pero intervino un poli de caba,-,Sí,2026-03-15,-,-,-
NO RELEVANTE,marcha jubilados / miércoles ,-,No,2026-03-15,-,-,-
NO RELEVANTE,,CABA,Sí,2026-03-15,-,-,-
NO RELEVANTE,,CABA,Sí,2026-03-15,-,-,Cronos Noticias
NO RELEVANTE,,-,No,2026-03-15,-,-,-
NO RELEVANTE,,CABA,Sí,2026-03-15,-,Policía de la Ciudad,-
NO RELEVANTE,,-,No,2026-03-15,-,-,-
NO RELEVANTE,,-,No,2026-03-15,-,-,-
NO RELEVANTE,Caso de lugano fines de dic (ya está registrado),Lugano,Sí,2026-03-15,-,-,-
NO RELEVANTE,represión en manifestación 2024,-,No,2026-03-16,-,-,-
NO RELEVANTE,Pasó en ituzaingó pero intervino un poli de caba,-,No,2026-03-16,-,-,-
NO RELEVANTE,,-,No,2026-03-16,-,-,-
NO RELEVANTE,,-,No,2026-03-16,-,-,-
NO RELEVANTE,,-,No,2026-03-16,-,-,-
NO RELEVANTE,,-,No,2026-03-16,-,-,-
NO RELEVANTE,Caso J Navarro 12M (ya registrado),-,No,2026-03-16,-,-,-
NO RELEVANTE,Caso de lugano fines de dic (ya está registrado),Lugano,Sí,2026-03-16,-,-,-
NO RELEVANTE,,Boedo,Sí,2026-03-16,-,-,-
NO RELEVANTE,,CABA,Sí,2026-03-16,-,-,"Capital Federal, Agencia Noticias Argentinas"
NO RELEVANTE,,-,No,2026-03-16,-,-,-
NO RELEVANTE,,-,No,2026-03-16,-,-,-
NO RELEVANTE,,CABA,Sí,2026-03-16,-,-,"Anillo Digital, Info Quilmes"
NO RELEVANTE,,-,No,2026-03-16,-,-,-
NO RELEVANTE,,-,No,2026-03-16,-,-,-
NO RELEVANTE,2001,-,No,2026-03-16,-,-,-
NO RELEVANTE,2017,-,No,2026-03-16,-,-,Pueblos Originarios
NO RELEVANTE,Causa contra manifestantes - ley bases (se hizo el juicio),-,No,2026-03-16,-,-,-
NO RELEVANTE,,-,No,2026-03-16,-,-,-
NO RELEVANTE,,-,No,2026-03-16,-,-,-
NO RELEVANTE,,-,No,2026-03-16,-,-,-
NO RELEVANTE,,-,No,2026-03-16,-,-,Agencia Paco Urondo
NO RELEVANTE,,Barracas,Sí,2026-03-16,-,-,-
NO RELEVANTE,,CABA,Sí,2026-03-17,-,-,"Anillo Digital, Info Quilmes"
NO RELEVANTE,,-,No,2026-03-17,-,-,Capital Federal
NO RELEVANTE,,-,No,2026-03-17,-,-,Justicia Federal
NO RELEVANTE,,-,No,2026-03-17,-,-,-
NO RELEVANTE,,-,No,2026-03-17,-,-,Agencia Noticias Argentinas
NO RELEVANTE,,-,No,2026-03-17,-,-,Chico Perry
NO RELEVANTE,,-,No,2026-03-17,-,-,-
NO RELEVANTE,,-,No,2026-03-17,-,-,-
NO RELEVANTE,,-,No,2026-03-17,-,-,-
NO RELEVANTE,,-,No,2026-03-17,-,-,-
NO RELEVANTE,,-,Sí,2026-03-17,-,-,-
NO RELEVANTE,,Balvanera,Sí,2026-03-17,-,-,Tiempo Argentino
NO RELEVANTE,,-,No,2026-03-17,-,-,Canicoba Corral
NO RELEVANTE,,-,No,2026-03-17,-,-,Radio Provincia
NO RELEVANTE,,CABA,Sí,2026-03-18,-,-,Perspectiva Sur
NO RELEVANTE,,-,No,2026-03-18,-,-,-
NO RELEVANTE,,-,No,2026-03-18,-,-,Jonathan Morel
NO RELEVANTE,,-,No,2026-03-18,-,-,-
NO RELEVANTE,,-,No,2026-03-18,-,-,-
NO RELEVANTE,,CABA,Sí,2026-03-18,-,-,Diario Mendoza Today
NO RELEVANTE,,Retiro,Sí,2026-03-18,-,-,-
NO RELEVANTE,,-,No,2026-03-18,-,-,-
NO RELEVANTE,,-,No,2026-03-18,-,-,-
NO RELEVANTE,,-,No,2026-03-18,-,-,Agencia Noticias Argentinas
NO RELEVANTE,,-,No,2026-03-18,-,-,-
NO RELEVANTE,,Nueva Pompeya,Sí,2026-03-18,-,-,Nueva Pompeya
NO RELEVANTE,,-,No,2026-03-18,-,-,Mendoza Post
NO RELEVANTE,,-,No,2026-03-18,-,-,Juan Cruz Leal
NO RELEVANTE,,-,No,2026-03-19,-,-,-
NO RELEVANTE,,-,No,2026-03-19,-,-,-
NO RELEVANTE,,-,No,2026-03-19,-,-,-
NO RELEVANTE,,-,No,2026-03-19,-,-,Ley Bases
NO RELEVANTE,,-,No,2026-03-19,-,-,-
NO RELEVANTE,,-,No,2026-03-19,-,-,-
NO RELEVANTE,,-,Sí,2026-03-19,-,-,-
NO RELEVANTE,,Almagro,Sí,2026-03-19,-,-,-
NO RELEVANTE,,-,No,2026-03-19,-,-,-
NO RELEVANTE,,-,No,2026-03-19,-,-,-
NO RELEVANTE,,CABA,Sí,2026-03-19,-,-,Perspectiva Sur
NO RELEVANTE,,-,No,2026-03-19,-,-,-
NO RELEVANTE,,-,No,2026-03-19,-,-,Brigadas Rojas
NO RELEVANTE,,-,No,2026-03-19,-,-,-
NO RELEVANTE,,-,No,2026-03-19,-,-,-
NO RELEVANTE,,CABA,Sí,2026-03-19,-,-,Capital Federal
NO RELEVANTE,,-,No,2026-03-19,-,-,Reforma Laboral
NO RELEVANTE,,-,No,2026-03-19,-,-,-
NO RELEVANTE,,-,No,2026-03-19,-,-,-
NO RELEVANTE,,-,No,2026-03-19,-,-,-
NO RELEVANTE,,CABA,Sí,2026-03-20,-,-,-
NO RELEVANTE,,-,No,2026-03-20,-,-,-
NO RELEVANTE,,-,No,2026-03-20,-,-,-
NO RELEVANTE,,CABA,Sí,2026-03-20,-,-,-
NO RELEVANTE,,CABA,Sí,2026-03-20,-,-,-
NO RELEVANTE,,-,No,2026-03-20,-,Policía de la Ciudad,Florencio Varela
NO RELEVANTE,,Retiro,Sí,2026-03-20,-,-,-
NO RELEVANTE,,Palermo,Sí,2026-03-20,-,-,-
NO RELEVANTE,,-,No,2026-03-20,-,Policía de la Ciudad,Tiempo Argentino
NO RELEVANTE,,-,No,2026-03-20,-,-,-
NO RELEVANTE,,-,No,2026-03-20,-,-,Fuera Bullrich
NO RELEVANTE,,-,No,2026-03-20,-,-,-
NO RELEVANTE,,-,No,2026-03-20,-,-,-
NO RELEVANTE,,-,No,2026-03-20,-,-,"Javier Milei, Tiempo Argentino"
NO RELEVANTE,,-,No,2026-03-20,-,-,-
NO RELEVANTE,,-,No,2026-03-20,-,-,Facundo Molares
NO RELEVANTE,,-,No,2026-03-20,-,-,Shopping Soleil
NO RELEVANTE,,-,No,2026-03-20,-,-,-
NO RELEVANTE,,-,No,2026-03-20,-,-,-
NO RELEVANTE,,-,No,2026-03-21,-,-,Florencio Varela
NO RELEVANTE,,-,No,2026-03-21,-,-,Uno Entre Rios
NO RELEVANTE,,-,No,2026-03-21,-,-,Leonardo Bertulazzi
NO RELEVANTE,,CABA,Sí,2026-03-21,-,-,-
NO RELEVANTE,,-,No,2026-03-21,-,-,-
NO RELEVANTE,,CABA,Sí,2026-03-21,-,-,-
NO RELEVANTE,,CABA,Sí,2026-03-21,-,-,-
NO RELEVANTE,,-,No,2026-03-21,-,-,-
NO RELEVANTE,,Villa del Parque,Sí,2026-03-21,-,-,-
NO RELEVANTE,,-,No,2026-03-21,-,Policía de la Ciudad,-
NO RELEVANTE,,-,No,2026-03-21,-,-,"Ricardo Ragendorfer, Agencia Paco Urondo"
NO RELEVANTE,,-,No,2026-03-21,-,-,-
NO RELEVANTE,,-,No,2026-03-22,-,-,-
NO RELEVANTE,,-,No,2026-03-22,-,-,-
NO RELEVANTE,,Balvanera,Sí,2026-03-22,-,-,-
NO RELEVANTE,,CABA,Sí,2026-03-22,-,-,Diario Mendoza Today
NO RELEVANTE,,-,No,2026-03-22,-,-,-
NO RELEVANTE,,-,No,2026-03-22,-,-,Prensa Obrera
NO RELEVANTE,,-,No,2026-03-23,-,-,Diario Jornada
NO RELEVANTE,,-,No,2026-03-23,-,-,Diario Hoy En
NO RELEVANTE,,-,No,2026-03-23,-,-,Pimpi Camino
NO RELEVANTE,,-,No,2026-03-23,-,-,-
NO RELEVANTE,,-,No,2026-03-23,-,-,-
NO RELEVANTE,,-,No,2026-03-23,-,-,Derechos Humanos
NO RELEVANTE,,-,No,2026-03-23,-,-,-
NO RELEVANTE,,-,No,2026-03-24,-,-,-
NO RELEVANTE,,CABA,Sí,2026-03-24,-,-,Javier Milei
NO RELEVANTE,,-,No,2026-03-24,-,-,Rodolfo Barili
NO RELEVANTE,,Lugano,Sí,2026-03-24,-,-,-
NO RELEVANTE,,-,No,2026-03-24,-,-,Florencio Varela
NO RELEVANTE,,-,No,2026-03-24,-,-,-
NO RELEVANTE,,CABA,Sí,2026-03-24,-,-,-
NO RELEVANTE,,Lugano,Sí,2026-03-24,-,-,-
NO RELEVANTE,,-,No,2026-03-24,-,-,-
NO RELEVANTE,,Palermo,Sí,2026-03-24,-,-,-
NO RELEVANTE,,-,No,2026-03-24,-,-,"Joel Ojeda, Gran Hermano"
NO RELEVANTE,,-,No,2026-03-24,-,-,General Paz
NO RELEVANTE,,-,No,2026-03-24,-,-,Prensa Obrera
NO RELEVANTE,,Palermo,Sí,2026-03-25,-,-,-
NO RELEVANTE,,CABA,Sí,2026-03-25,-,-,-
NO RELEVANTE,,-,No,2026-03-25,-,-,-
NO RELEVANTE,,-,No,2026-03-25,-,-,-
NO RELEVANTE,,-,No,2026-03-25,-,Policía de la Ciudad,-
NO RELEVANTE,,-,No,2026-03-25,-,-,-
NO RELEVANTE,,-,No,2026-03-25,-,-,-
NO RELEVANTE,,Parque Patricios,Sí,2026-03-25,-,-,Parque Patricios
NO RELEVANTE,,CABA,Sí,2026-03-25,-,-,-
NO RELEVANTE,,-,No,2026-03-25,-,-,-
NO RELEVANTE,,CABA,Sí,2026-03-25,-,-,Gordo Tin
NO RELEVANTE,,-,No,2026-03-25,-,-,Chiqui Tapia
NO RELEVANTE,,-,No,2026-03-25,-,Policía de la Ciudad,-
NO RELEVANTE,,-,No,2026-03-25,-,-,-
NO RELEVANTE,,-,No,2026-03-26,-,-,-
NO RELEVANTE,,-,No,2026-03-26,-,-,Nuevo Diario
NO RELEVANTE,,Caballito,Sí,2026-03-26,-,-,-
NO RELEVANTE,,-,No,2026-03-26,-,-,-
NO RELEVANTE,,CABA,Sí,2026-03-26,-,-,-
NO RELEVANTE,,-,No,2026-03-26,-,-,Paco Olveira
NO RELEVANTE,,-,No,2026-03-26,-,-,Liam Payne
NO RELEVANTE,,CABA,Sí,2026-03-26,-,-,-
NO RELEVANTE,,-,No,2026-03-26,-,-,-
NO RELEVANTE,,-,No,2026-03-26,-,-,Alejo Arias
NO RELEVANTE,,-,No,2026-03-26,-,-,Perrito Barrios
NO RELEVANTE,,-,No,2026-03-26,-,-,-
NO RELEVANTE,,-,No,2026-03-26,-,-,-
NO RELEVANTE,,-,No,2026-03-26,-,-,-
NO RELEVANTE,,-,No,2026-03-26,-,-,-
NO RELEVANTE,,-,No,2026-03-26,-,-,-
NO RELEVANTE,,-,No,2026-03-26,-,-,-
NO RELEVANTE,,-,No,2026-03-26,-,Policía Federal,-
NO RELEVANTE,,-,No,2026-03-26,-,-,-
NO RELEVANTE,,CABA,Sí,2026-03-27,-,-,"Mario Giannobeli, Cholila Online"
NO RELEVANTE,,-,No,2026-03-27,-,-,-
NO RELEVANTE,,-,No,2026-03-27,-,-,Agencia Noticias Argentinas
NO RELEVANTE,,-,No,2026-03-27,-,-,Florencio Varela
NO RELEVANTE,,-,No,2026-03-27,-,-,-
NO RELEVANTE,,-,No,2026-03-27,-,-,Canicoba Corral
NO RELEVANTE,,San Cristóbal,Sí,2026-03-27,-,-,Agencia Noticias Argentinas
NO RELEVANTE,,-,No,2026-03-27,-,-,-
NO RELEVANTE,,-,No,2026-03-27,-,-,-
NO RELEVANTE,,-,No,2026-03-27,-,-,-
NO RELEVANTE,,-,No,2026-03-27,-,-,-
NO RELEVANTE,,San Cristóbal,Sí,2026-03-27,-,-,-
NO RELEVANTE,,-,No,2026-03-27,-,-,Florencio Varela
NO RELEVANTE,,-,No,2026-03-27,-,-,Radio Kermes
NO RELEVANTE,,-,No,2026-03-27,-,-,-
NO RELEVANTE,,CABA,Sí,2026-03-28,-,-,-
NO RELEVANTE,,-,No,2026-03-28,-,-,-
NO RELEVANTE,,CABA,Sí,2026-03-28,-,-,-
NO RELEVANTE,,-,No,2026-03-28,-,-,-
NO RELEVANTE,,-,No,2026-03-28,-,-,-
NO RELEVANTE,,CABA,Sí,2026-03-28,-,-,-
NO RELEVANTE,,-,No,2026-03-28,-,-,-
NO RELEVANTE,2025,-,No,2026-03-28,-,-,-
NO RELEVANTE,2023,-,No,2026-03-28,-,-,-
NO RELEVANTE,,CABA,Sí,2026-03-28,-,-,-
NO RELEVANTE,,-,No,2026-03-28,-,-,Agencia Noticias Argentinas
NO RELEVANTE,,-,No,2026-03-28,-,-,-
NO RELEVANTE,,Recoleta,Sí,2026-03-28,-,-,-
NO RELEVANTE,,-,No,2026-03-28,-,-,-
NO RELEVANTE,,-,No,2026-03-28,-,-,"Jorge Macri, Juan Gabriel"
NO RELEVANTE,,-,No,2026-03-28,-,-,-
NO RELEVANTE,,CABA,Sí,2026-03-29,-,-,-
NO RELEVANTE,,CABA,Sí,2026-03-29,-,-,-
NO RELEVANTE,,-,No,2026-03-29,-,-,-
NO RELEVANTE,,Villa Crespo,Sí,2026-03-29,-,Policía Federal,Diario Nuevo
NO RELEVANTE,,-,No,2026-03-29,-,-,Ponte Perro
NO RELEVANTE,,-,No,2026-03-29,-,-,-
NO RELEVANTE,,-,No,2026-03-29,-,-,-
NO RELEVANTE,,-,No,2026-03-29,-,-,-
NO RELEVANTE,sería relevante pero la noticia es del 2017,-,No,2026-03-29,-,-,-
NO RELEVANTE,,-,No,2026-03-29,-,-,"Juan Cruz, Diputados Bonaerenses"
NO RELEVANTE,situaciòn comisarías / alcaidías,CABA,Sí,2026-03-30,-,-,Noticias Urbanas
NO RELEVANTE,,-,No,2026-03-30,-,-,-
NO RELEVANTE,,-,No,2026-03-30,-,-,-
NO RELEVANTE,,"Boedo, Caballito",Sí,2026-03-30,-,-,-
NO RELEVANTE,,-,No,2026-03-30,-,-,-
NO RELEVANTE,,-,No,2026-03-30,-,-,-
NO RELEVANTE,,CABA,Sí,2026-03-30,-,-,Diario Norte
NO RELEVANTE,,Paternal,Sí,2026-03-30,-,-,-
NO RELEVANTE,,-,No,2026-03-30,-,-,"Joel Ojeda, Gran Hermano"
NO RELEVANTE,del 2019,-,No,2026-03-30,-,-,-
NO RELEVANTE,es de 2021 y sobre informe de correpi,-,No,2026-03-30,-,Policía de la Ciudad,-
NO RELEVANTE,año 2022,-,No,2026-03-31,-,-,-
NO RELEVANTE,,-,No,2026-03-31,-,-,Caso Loan
NO RELEVANTE,,-,No,2026-03-31,-,-,-
NO RELEVANTE,,-,No,2026-03-31,-,-,Juan Nardoni
NO RELEVANTE,,-,No,2026-03-31,-,-,"Que Diosito, Big Bang"
NO RELEVANTE,,Belgrano,Sí,2026-03-31,-,-,Mi Belgrano
NO RELEVANTE,,-,No,2026-03-31,-,-,-
NO RELEVANTE,,-,No,2026-03-31,-,-,"Gran Hermano, Joel Ojeda"
NO RELEVANTE,,-,No,2026-04-01,-,-,-
NO RELEVANTE,,La Boca,Sí,2026-04-01,-,-,-
NO RELEVANTE,,-,No,2026-04-01,-,-,Arce Mosqueira
NO RELEVANTE,,-,No,2026-04-01,-,-,-
NO RELEVANTE,,"Versalles, Villa Devoto",Sí,2026-04-01,-,-,-
NO RELEVANTE,,-,No,2026-04-01,-,-,-
NO RELEVANTE,2023,CABA,Sí,2026-04-01,-,-,-
NO RELEVANTE,2019,San Telmo,Sí,2026-04-01,-,-,-
NO RELEVANTE,,-,No,2026-04-01,-,-,General Paz
NO RELEVANTE,,CABA,Sí,2026-04-02,-,-,"Anillo Digital, Info Quilmes"
NO RELEVANTE,2020,-,No,2026-04-02,-,-,Casa Rosada
NO RELEVANTE,Documental sobre 2001,-,No,2026-04-02,-,-,Diario Textual
NO RELEVANTE,2022,-,No,2026-04-02,-,-,-
NO RELEVANTE,"José C, Paz, PBA",-,No,2026-04-02,-,-,-
NO RELEVANTE,"2018, nota sobre Chocobar",-,No,2026-04-02,-,-,Nueva Sociedad
NO RELEVANTE,2022,CABA,Sí,2026-04-03,-,-,-
NO RELEVANTE,2025,-,No,2026-04-03,-,-,Brigadas Rojas
NO RELEVANTE,2023,CABA,Sí,2026-04-03,-,-,-
NO RELEVANTE,2023,CABA,Sí,2026-04-03,-,-,-
NO RELEVANTE,2025,-,No,2026-04-03,-,-,-
NO RELEVANTE,Crimen en PBA,-,No,2026-04-03,-,-,-
NO RELEVANTE,"Caso andis, 2025",-,No,2026-04-03,-,-,-
NO RELEVANTE,2021,-,No,2026-04-03,-,-,-
NO RELEVANTE,2021,-,No,2026-04-03,-,Policía de la Ciudad,-
NO RELEVANTE,,-,No,2026-04-04,-,-,-
NO RELEVANTE,,-,No,2026-04-04,-,-,Florencio Varela
NO RELEVANTE,,-,No,2026-04-04,-,-,Capital Federal
NO RELEVANTE,,Belgrano,Sí,2026-04-04,-,Policía de la Ciudad,-
NO RELEVANTE,,-,No,2026-04-04,-,-,Rodolfo Barili
NO RELEVANTE,,-,No,2026-04-04,-,-,-
NO RELEVANTE,,Barracas,Sí,2026-04-04,-,-,Barracas Central
NO RELEVANTE,2013,-,No,2026-04-04,-,-,Sala Alberdi
NO RELEVANTE,2 de enero,-,No,2026-04-04,-,-,"Jorge Macri, Juan Gabriel"
NO RELEVANTE,,-,No,2026-04-04,-,-,-
NO RELEVANTE,,CABA,Sí,2026-04-04,-,-,-
NO RELEVANTE,2019-10-01 00:00:00,-,No,2026-04-04,-,-,-
NO RELEVANTE,,-,Sí,2026-04-04,-,-,-
NO RELEVANTE,,-,No,2026-04-04,-,-,-
NO RELEVANTE,,-,No,2026-04-04,-,-,-
NO RELEVANTE,represión manifestación junio 2024,-,No,2026-04-05,-,-,-
NO RELEVANTE,,-,No,2026-04-05,-,-,-
NO RELEVANTE,,-,No,2026-04-05,-,-,-
NO RELEVANTE,,CABA,Sí,2026-04-05,-,-,Almirante Brown
NO RELEVANTE,,-,No,2026-04-05,-,-,Capital Federal
NO RELEVANTE,,CABA,Sí,2026-04-05,-,-,-
NO RELEVANTE,,-,No,2026-04-05,-,-,-
NO RELEVANTE,,San Telmo,Sí,2026-04-05,-,-,Izquierda Web
NO RELEVANTE,,-,No,2026-04-06,-,-,-
NO RELEVANTE,,-,No,2026-04-06,-,-,-
NO RELEVANTE,,Villa Crespo,Sí,2026-04-06,-,-,Patricia Bullrich
NO RELEVANTE,,-,No,2026-04-06,-,-,"Ricardo Medina, Diario Panorama"
NO RELEVANTE,,CABA,Sí,2026-04-06,-,-,-
NO RELEVANTE,,-,No,2026-04-06,-,-,-
NO RELEVANTE,cels sobre el 12M,-,No,2026-04-06,-,-,-
NO RELEVANTE,gatillo fines de 2025 (ya los tenemos - gonzález y vargas),-,No,2026-04-06,-,-,Big Bang
NO RELEVANTE,manteros / ambulantes 2018,-,Sí,2026-04-06,-,-,-
NO RELEVANTE,,CABA,Sí,2026-04-06,-,-,-
NO RELEVANTE,,CABA,Sí,2026-04-06,-,-,-
NO RELEVANTE,,-,No,2026-04-06,-,-,-
NO RELEVANTE,,-,No,2026-04-07,-,-,-
NO RELEVANTE,,-,No,2026-04-07,-,-,-
NO RELEVANTE,,CABA,Sí,2026-04-07,-,-,-
NO RELEVANTE,,-,No,2026-04-07,20 De Diciembre,-,-
NO RELEVANTE,,-,No,2026-04-07,-,-,-
NO RELEVANTE,,-,No,2026-04-07,-,-,Big Bang
NO RELEVANTE,,-,Sí,2026-04-07,-,-,Carlos Bianco
NO RELEVANTE,,-,No,2026-04-08,-,-,Jorge Macri
NO RELEVANTE,,CABA,Sí,2026-04-08,-,-,"Anillo Digital, Info Quilmes"
NO RELEVANTE,,-,No,2026-04-08,-,-,"Lionel Scaloni, Somos Jujuy"
NO RELEVANTE,,-,No,2026-04-08,-,-,-
NO RELEVANTE,,-,No,2026-04-08,-,-,-
NO RELEVANTE,,-,No,2026-04-08,-,-,-
NO RELEVANTE,,Mataderos,Sí,2026-04-08,-,-,-
NO RELEVANTE,,-,No,2026-04-08,-,-,Big Bang
NO RELEVANTE,,-,No,2026-04-08,-,-,-
NO RELEVANTE,,-,No,2026-04-08,-,-,Telefe Rosario
NO RELEVANTE,,-,No,2026-04-08,-,-,-
NO RELEVANTE,2025,-,No,2026-04-08,-,-,-
NO RELEVANTE,,-,No,2026-04-08,-,-,-
NO RELEVANTE,,-,No,2026-04-08,-,-,-
NO RELEVANTE,,-,No,2026-04-09,-,-,"Jorge Macri, Zona Norte Hoy"
NO RELEVANTE,,-,No,2026-04-09,-,-,-
NO RELEVANTE,2020,-,No,2026-04-09,-,-,-
NO RELEVANTE,2023,CABA,Sí,2026-04-09,-,-,-
NO RELEVANTE,2022,-,No,2026-04-09,-,-,Polo Obrero
NO RELEVANTE,,-,No,2026-04-09,-,-,-
NO RELEVANTE,2020,-,No,2026-04-09,-,-,-
NO RELEVANTE,,-,No,2026-04-10,-,Policía de la Ciudad,"Torneo Apertura, Agencia Noticias Argentinas"
NO RELEVANTE,,-,No,2026-04-10,-,-,-
NO RELEVANTE,2018,CABA,Sí,2026-04-10,-,-,-
NO RELEVANTE,,-,No,2026-04-10,-,-,-
NO RELEVANTE,,-,No,2026-04-10,-,-,Info Blanco Sobre
NO RELEVANTE,2025,-,No,2026-04-10,-,Policía de la Ciudad,Info Blanco Sobre
NO RELEVANTE,,-,No,2026-04-10,-,-,-
NO RELEVANTE,,-,No,2026-04-10,-,-,-
NO RELEVANTE,,-,No,2026-04-10,-,-,-
NO RELEVANTE,2022,-,No,2026-04-10,-,-,-
NO RELEVANTE,,Palermo,Sí,2026-04-10,-,-,-
NO RELEVANTE,,-,No,2026-04-10,-,-,Diario Huarpe
NO RELEVANTE,2025,-,No,2026-04-10,-,-,Info Blanco Sobre
NO RELEVANTE,,-,No,2026-04-10,-,-,-
NO RELEVANTE,,-,No,2026-04-10,-,-,-
NO RELEVANTE,,-,No,2026-04-10,-,-,-
NO RELEVANTE,,-,No,2026-04-10,-,-,-
NO RELEVANTE,,CABA,Sí,2026-04-10,-,Policía de la Ciudad,-
NO RELEVANTE,,-,Sí,2026-04-10,-,-,Lucas Cabello
NO RELEVANTE,,CABA,Sí,2026-04-10,-,-,-
NO RELEVANTE,,Palermo,Sí,2026-04-11,-,-,-
NO RELEVANTE,2026-02-01 00:00:00,-,No,2026-04-11,-,-,-
NO RELEVANTE,2025-12-01 00:00:00,Lugano,Sí,2026-04-11,-,-,-
NO RELEVANTE,,-,No,2026-04-11,-,-,-
NO RELEVANTE,,-,No,2026-04-11,-,-,-
NO RELEVANTE,,-,No,2026-04-11,-,-,Mendoza Post
NO RELEVANTE,,-,No,2026-04-11,-,-,-
NO RELEVANTE,,-,No,2026-04-11,-,-,"Joel Ojeda, Gran Hermano"
NO RELEVANTE,,-,No,2026-04-11,-,-,-
NO RELEVANTE,,-,No,2026-04-12,-,-,-
NO RELEVANTE,,CABA,Sí,2026-04-12,-,-,-
NO RELEVANTE,,-,No,2026-04-12,-,-,Che Guevara
NO RELEVANTE,,-,No,2026-04-12,-,-,"Tadeo Bourbon, World Press Photo"
NO RELEVANTE,,-,No,2026-04-12,-,-,-
NO RELEVANTE,,-,No,2026-04-12,-,-,-
NO RELEVANTE,,-,No,2026-04-12,-,-,-
NO RELEVANTE,2023-08-01 00:00:00,CABA,Sí,2026-04-12,-,-,Facundo Molares Schoenfeld
NO RELEVANTE,,CABA,Sí,2026-04-12,-,-,Facundo Molares
NO RELEVANTE,,-,Sí,2026-04-12,-,-,-
NO RELEVANTE,,-,Sí,2026-04-12,-,-,-
NO RELEVANTE,,-,No,2026-04-12,-,-,Lolo Regueiro
NO RELEVANTE,,-,No,2026-04-12,-,-,-
NO RELEVANTE,,-,No,2026-04-12,-,-,Juan Pablo Pata
NO RELEVANTE,,-,No,2026-04-12,-,-,-
NO RELEVANTE,,-,No,2026-04-12,-,Policía Bonaerense,Carla Lacorte
NO RELEVANTE,,-,No,2026-04-13,-,-,Casa Rosada
NO RELEVANTE,,-,No,2026-04-13,-,-,-
NO RELEVANTE,,-,No,2026-04-13,-,-,-
NO RELEVANTE,,-,No,2026-04-13,-,-,Juan Cruz Leal
NO RELEVANTE,,-,No,2026-04-13,-,-,Mirador Provincial
NO RELEVANTE,,-,No,2026-04-13,-,-,Tony Montana
NO RELEVANTE,,-,No,2026-04-13,-,-,Rosario Central
NO RELEVANTE,,-,No,2026-04-13,-,-,-
NO RELEVANTE,,-,No,2026-04-13,-,-,Pueblo Mapuche
NO RELEVANTE,,CABA,Sí,2026-04-14,-,-,"Anillo Digital, Info Quilmes"
NO RELEVANTE,2021,-,No,2026-04-14,-,-,-
NO RELEVANTE,2025,-,No,2026-04-14,-,-,-
NO RELEVANTE,,-,Sí,2026-04-15,-,-,Catedral Metropolitana
NO RELEVANTE,,-,No,2026-04-15,-,-,-
NO RELEVANTE,,CABA,Sí,2026-04-15,-,-,-
NO RELEVANTE,,-,No,2026-04-15,-,-,Diario Judicial
NO RELEVANTE,,-,No,2026-04-15,-,-,-
NO RELEVANTE,,Recoleta,Sí,2026-04-15,-,-,-
NO RELEVANTE,,-,No,2026-04-16,-,Policía Federal,-
NO RELEVANTE,,CABA,Sí,2026-04-16,-,-,-
NO RELEVANTE,,-,No,2026-04-16,-,-,-
NO RELEVANTE,,-,No,2026-04-16,-,-,-
NO RELEVANTE,,-,No,2026-04-16,-,-,-
NO RELEVANTE,,-,No,2026-04-16,-,-,"Periodismo Argentino, Agencia Paco Urondo"
NO RELEVANTE,,CABA,Sí,2026-04-16,-,-,-
NO RELEVANTE,,Palermo,Sí,2026-04-16,-,-,-
NO RELEVANTE,,Almagro,Sí,2026-04-16,-,-,-
NO RELEVANTE,,CABA,Sí,2026-04-16,-,-,Perspectiva Sur
NO RELEVANTE,,Palermo,Sí,2026-04-16,-,-,Alto Palermo
NO RELEVANTE,2019,San Telmo,Sí,2026-04-16,-,-,-
NO RELEVANTE,,-,No,2026-04-16,-,-,Litigio Periodismo Judicial
NO RELEVANTE,,-,No,2026-04-16,-,-,-
NO RELEVANTE,Ituzaingó,-,No,2026-04-16,-,-,-
NO RELEVANTE,,-,No,2026-04-16,-,-,-
NO RELEVANTE,,-,No,2026-04-16,-,-,-
NO RELEVANTE,,-,No,2026-04-16,-,-,-
NO RELEVANTE,2021,-,No,2026-04-16,-,-,-
NO RELEVANTE,,Palermo,Sí,2026-04-17,-,-,-
NO RELEVANTE,,CABA,Sí,2026-04-17,-,-,Barrio Parque
NO RELEVANTE,,-,No,2026-04-17,-,-,Big Bang
NO RELEVANTE,,-,No,2026-04-17,-,-,"Lionel Scaloni, Estados Unidos"
NO RELEVANTE,,-,No,2026-04-17,-,-,-
NO RELEVANTE,,Lugano,Sí,2026-04-17,-,-,-
NO RELEVANTE,,Balvanera,Sí,2026-04-17,-,Policía de la Ciudad,-
NO RELEVANTE,,-,No,2026-04-17,-,-,-
NO RELEVANTE,,-,No,2026-04-18,-,-,Agencia Noticias Argentinas
NO RELEVANTE,,-,No,2026-04-18,-,-,Agencia Noticias Argentinas
NO RELEVANTE,,-,No,2026-04-18,-,-,Causa Anses
NO RELEVANTE,,-,No,2026-04-18,-,-,Parque Chacabuco
NO RELEVANTE,2016-10-01 00:00:00,-,No,2026-04-18,-,-,-
NO RELEVANTE,,-,No,2026-04-19,-,-,-
NO RELEVANTE,,-,No,2026-04-19,-,-,-
NO RELEVANTE,,Balvanera,Sí,2026-04-19,-,-,-
NO RELEVANTE,,-,No,2026-04-19,-,-,-
NO RELEVANTE,,-,No,2026-04-19,-,-,-
NO RELEVANTE,12M (caso puntual de dos chicos menores de edad),-,No,2026-04-19,-,-,-
NO RELEVANTE,2022-06-01 00:00:00,-,No,2026-04-19,-,-,-
NO RELEVANTE,,La Boca,Sí,2026-04-19,-,-,-
NO RELEVANTE,,-,No,2026-04-20,-,-,Vive Click
NO RELEVANTE,,-,No,2026-04-20,-,-,-
NO RELEVANTE,,-,No,2026-04-20,-,-,-
NO RELEVANTE,,-,No,2026-04-20,-,-,Lilia Lemoine
NO RELEVANTE,,-,No,2026-04-20,-,Policía de la Ciudad,-
NO RELEVANTE,,-,No,2026-04-20,-,-,Tiempo Judicial
NO RELEVANTE,,-,No,2026-04-21,-,Policía de la Ciudad,-
NO RELEVANTE,,-,No,2026-04-21,-,-,-
NO RELEVANTE,,-,No,2026-04-21,-,-,"Jorge Macri, Juan Gabriel"
NO RELEVANTE,,-,No,2026-04-21,-,-,Diario Panorama
NO RELEVANTE,,-,No,2026-04-21,-,-,-
NO RELEVANTE,2017,La Boca,Sí,2026-04-21,-,-,-
NO RELEVANTE,,-,No,2026-04-22,-,-,Miguel Uribe Turbay
NO RELEVANTE,,-,No,2026-04-22,-,-,-
NO RELEVANTE,,-,No,2026-04-22,-,-,-
NO RELEVANTE,,Palermo,Sí,2026-04-22,-,-,-
NO RELEVANTE,,-,No,2026-04-22,-,-,Que Pasa Web
NO RELEVANTE,,-,No,2026-04-22,-,-,-
NO RELEVANTE,,CABA,Sí,2026-04-22,-,-,Miguel Uribe Turbay
NO RELEVANTE,,CABA,Sí,2026-04-22,-,-,Miguel Uribe Turbay
NO RELEVANTE,,-,No,2026-04-22,-,-,Miguel Uribe Turbay
NO RELEVANTE,,-,No,2026-04-22,-,-,Miguel Uribe Turbay
NO RELEVANTE,,-,No,2026-04-22,-,-,Miguel Uribe Turbay
NO RELEVANTE,,-,No,2026-04-22,-,-,-
NO RELEVANTE,,CABA,Sí,2026-04-22,-,-,-
NO RELEVANTE,,CABA,Sí,2026-04-22,-,-,-
NO RELEVANTE,,CABA,Sí,2026-04-22,-,-,Miguel Uribe
NO RELEVANTE,,CABA,Sí,2026-04-22,-,-,Miguel Uribe Turbay
NO RELEVANTE,,-,No,2026-04-22,-,-,"Miguel Uribe Turbay, Radio Mitre"
NO RELEVANTE,,-,No,2026-04-22,-,-,Miguel Uribe
NO RELEVANTE,,CABA,Sí,2026-04-22,-,-,-
NO RELEVANTE,,CABA,Sí,2026-04-22,-,-,-
NO RELEVANTE,,CABA,Sí,2026-04-22,-,-,Miguel Uribe Turbay
NO RELEVANTE,,-,No,2026-04-22,-,-,-
NO RELEVANTE,,CABA,Sí,2026-04-22,-,-,"Miguel Uribe Turbay, Minuto Neuquen"
NO RELEVANTE,,-,No,2026-04-22,-,-,"Miguel Uribe Turbay, Diario Panorama"
NO RELEVANTE,,-,No,2026-04-22,-,-,Miguel Uribe Turbay
NO RELEVANTE,,-,No,2026-04-22,-,-,-
NO RELEVANTE,,-,No,2026-04-22,-,-,Miguel Uribe Turbay
NO RELEVANTE,,CABA,Sí,2026-04-22,-,-,Colombia Miguel Uribe
NO RELEVANTE,,-,No,2026-04-22,-,-,Colombia Miguel Uribe
NO RELEVANTE,,-,No,2026-04-22,-,-,Colombia Miguel Uribe
NO RELEVANTE,,-,Sí,2026-04-22,-,-,-
NO RELEVANTE,,-,No,2026-04-22,-,-,-
NO RELEVANTE,,-,No,2026-04-23,-,-,Miguel Uribe Turbay
NO RELEVANTE,,CABA,Sí,2026-04-23,-,-,"Miguel Uribe Turbay, Es Nota"
NO RELEVANTE,,-,No,2026-04-23,-,-,-
NO RELEVANTE,,-,No,2026-04-23,-,-,-
NO RELEVANTE,,-,No,2026-04-23,-,-,-
NO RELEVANTE,,-,No,2026-04-23,-,-,-
NO RELEVANTE,,Constitución,Sí,2026-04-23,-,-,-
NO RELEVANTE,,-,No,2026-04-23,-,-,Miguel Uribe Turbay
NO RELEVANTE,2022,CABA,Sí,2026-04-23,-,-,-
NO RELEVANTE,,-,No,2026-04-23,-,-,-
NO RELEVANTE,,-,No,2026-04-23,-,-,-
NO RELEVANTE,,-,No,2026-04-23,-,-,-
NO RELEVANTE,,-,No,2026-04-23,-,-,-
NO RELEVANTE,,-,No,2026-04-23,-,-,-
NO RELEVANTE,,-,No,2026-04-23,-,-,-
NO RELEVANTE,,-,No,2026-04-24,-,-,-
NO RELEVANTE,,CABA,Sí,2026-04-24,-,-,-
NO RELEVANTE,,Palermo,Sí,2026-04-24,-,-,-
NO RELEVANTE,,-,No,2026-04-24,-,-,-
NO RELEVANTE,,-,No,2026-04-24,-,-,-
NO RELEVANTE,,-,No,2026-04-24,-,-,Agencia Paco Urondo
NO RELEVANTE,,-,No,2026-04-25,-,-,-
NO RELEVANTE,,-,No,2026-04-25,-,-,-
NO RELEVANTE,,-,No,2026-04-25,-,-,-
NO RELEVANTE,,-,No,2026-04-25,-,-,Informe Correpi
NO RELEVANTE,,-,No,2026-04-25,20 De Diciembre De 2001,-,-
NO RELEVANTE,,-,No,2026-04-25,-,-,Viviana Canosa
NO RELEVANTE,,-,No,2026-04-25,-,-,-
NO RELEVANTE,2018,-,Sí,2026-04-25,-,-,-
NO RELEVANTE,,-,No,2026-04-26,-,-,-
NO RELEVANTE,,CABA,Sí,2026-04-26,-,-,-
NO RELEVANTE,caso Pablo Grillo,-,No,2026-04-26,-,-,-
NO RELEVANTE,,Recoleta,Sí,2026-04-26,-,-,-
NO RELEVANTE,,-,No,2026-04-26,-,-,"Facundo Morales, Primera Fuente"
NO RELEVANTE,,-,No,2026-04-26,-,-,-
NO RELEVANTE,año 2018,-,Sí,2026-04-26,-,-,-
NO RELEVANTE,,-,No,2026-04-26,-,-,-
NO RELEVANTE,,-,No,2026-04-26,-,-,-
NO RELEVANTE,,-,No,2026-04-26,-,-,Info Blanco Sobre
NO RELEVANTE,,Parque Patricios,Sí,2026-04-26,-,-,Parque Patricios
NO RELEVANTE,gatillo ituzaingó,-,No,2026-04-26,-,Policía de la Ciudad,-
NO RELEVANTE,,-,No,2026-04-26,-,-,-
NO RELEVANTE,,-,No,2026-04-27,-,-,-
NO RELEVANTE,,-,No,2026-04-27,-,-,Miguel Uribe Turbay
NO RELEVANTE,,-,No,2026-04-27,-,-,-
NO RELEVANTE,,-,No,2026-04-28,-,-,-
NO RELEVANTE,,-,No,2026-04-28,-,-,-
NO RELEVANTE,,-,No,2026-04-28,-,-,-
NO RELEVANTE,,-,No,2026-04-28,-,-,-
NO RELEVANTE,,-,No,2026-04-28,-,-,Big Bang
NO RELEVANTE,,-,No,2026-04-28,-,-,-
NO RELEVANTE,,-,No,2026-04-28,-,-,-
NO RELEVANTE,,-,No,2026-04-28,-,-,-
NO RELEVANTE,2024,-,No,2026-04-28,-,-,Data Diario
NO RELEVANTE,,-,No,2026-04-28,-,Policía de la Ciudad,Prensa Obrera
NO RELEVANTE,,-,No,2026-04-28,-,-,-
NO RELEVANTE,,-,No,2026-04-28,-,Policía de la Ciudad,Big Bang
NO RELEVANTE,,CABA,Sí,2026-04-29,-,-,-
NO RELEVANTE,,CABA,Sí,2026-04-29,-,-,-
NO RELEVANTE,,-,No,2026-04-29,-,-,-
NO RELEVANTE,,-,No,2026-04-29,-,-,-
NO RELEVANTE,,-,No,2026-04-29,-,-,-
NO RELEVANTE,,CABA,Sí,2026-04-29,-,-,Telefe Noticias
NO RELEVANTE,,-,No,2026-04-29,-,Policía de la Ciudad,-
NO RELEVANTE,,-,No,2026-04-29,-,-,-
NO RELEVANTE,,-,No,2026-04-29,-,-,-
NO RELEVANTE,,-,No,2026-04-29,-,-,"Parche Chas, Radio Mitre"
NO RELEVANTE,,-,No,2026-04-29,-,-,Editor Mendoza
NO RELEVANTE,,-,No,2026-04-29,-,-,-
NO RELEVANTE,,-,No,2026-04-29,-,-,-
NO RELEVANTE,,-,No,2026-04-29,-,Policía de la Ciudad,-
NO RELEVANTE,,-,No,2026-04-29,-,-,-
NO RELEVANTE,,-,No,2026-04-29,-,-,-
NO RELEVANTE,2020,-,No,2026-04-29,-,-,-
NO RELEVANTE,,-,No,2026-04-30,-,-,Miguel Uribe Turbay
NO RELEVANTE,,CABA,Sí,2026-04-30,-,-,-
NO RELEVANTE,,-,No,2026-04-30,-,-,-
NO RELEVANTE,,-,No,2026-04-30,-,-,Radio Cafayate
NO RELEVANTE,,-,No,2026-04-30,-,-,-
NO RELEVANTE,,CABA,Sí,2026-04-30,-,-,-
NO RELEVANTE,,CABA,Sí,2026-04-30,-,-,-
NO RELEVANTE,,-,No,2026-04-30,-,-,Capital Federal
NO RELEVANTE,,-,No,2026-04-30,-,-,Telesol Diario
NO RELEVANTE,,-,No,2026-04-30,-,-,Agencia Noticias Argentinas
NO RELEVANTE,,-,Sí,2026-04-30,-,-,"Federico Mochi, Claudia Neira"
NO RELEVANTE,,CABA,Sí,2026-05-01,-,-,-
NO RELEVANTE,,-,No,2026-05-01,-,-,-
NO RELEVANTE,,CABA,Sí,2026-05-01,-,-,-
NO RELEVANTE,,CABA,Sí,2026-05-01,-,-,-
NO RELEVANTE,,CABA,Sí,2026-05-01,-,-,-
NO RELEVANTE,,CABA,Sí,2026-05-01,-,-,-
NO RELEVANTE,,-,No,2026-05-01,-,-,-
NO RELEVANTE,,-,No,2026-05-01,-,-,-
NO RELEVANTE,,-,No,2026-05-01,-,-,-
NO RELEVANTE,,-,No,2026-05-01,-,-,Diario Conurbano
NO RELEVANTE,,-,No,2026-05-01,-,-,-
NO RELEVANTE,,CABA,Sí,2026-05-02,-,-,Perspectiva Sur
NO RELEVANTE,,CABA,Sí,2026-05-02,-,-,-
NO RELEVANTE,,-,No,2026-05-02,-,-,-
NO RELEVANTE,,-,No,2026-05-02,-,-,Diario Hoy En
NO RELEVANTE,,-,No,2026-05-02,-,-,-
NO RELEVANTE,,-,No,2026-05-02,-,-,-
NO RELEVANTE,,-,Sí,2026-05-02,-,-,-
NO RELEVANTE,,CABA,Sí,2026-05-02,-,-,-
NO RELEVANTE,es un comunicado,-,No,2026-05-02,-,-,-
NO RELEVANTE,conferencia de prensa,-,No,2026-05-02,-,-,-
NO RELEVANTE,,-,No,2026-05-02,-,-,-
NO RELEVANTE,,-,No,2026-05-02,-,-,-
NO RELEVANTE,,-,No,2026-05-02,-,-,Red Uno
NO RELEVANTE,,-,No,2026-05-02,-,-,-
NO RELEVANTE,,-,No,2026-05-02,-,-,Radio Kermes
NO RELEVANTE,,CABA,Sí,2026-05-03,-,-,Perspectiva Sur
NO RELEVANTE,,-,No,2026-05-03,-,-,-
NO RELEVANTE,,Villa Crespo,Sí,2026-05-03,-,-,-
NO RELEVANTE,,-,No,2026-05-03,-,-,-
NO RELEVANTE,,CABA,Sí,2026-05-03,-,-,-
NO RELEVANTE,,CABA,Sí,2026-05-03,-,-,-
NO RELEVANTE,,CABA,Sí,2026-05-03,-,-,-
NO RELEVANTE,,-,No,2026-05-03,-,-,Informate Salta
NO RELEVANTE,,-,No,2026-05-03,-,-,Antonio Becerra
NO RELEVANTE,,-,No,2026-05-04,-,-,Conadu Historica
NO RELEVANTE,,-,No,2026-05-04,-,-,-
NO RELEVANTE,,-,No,2026-05-04,-,-,-
NO RELEVANTE,,CABA,Sí,2026-05-04,-,-,Perspectiva Sur
NO RELEVANTE,,CABA,Sí,2026-05-04,-,-,Minuto Uno
NO RELEVANTE,,CABA,Sí,2026-05-04,-,-,-
NO RELEVANTE,,CABA,Sí,2026-05-04,-,-,Perspectiva Sur
NO RELEVANTE,,-,No,2026-05-04,-,-,Capital Federal
NO RELEVANTE,,Belgrano,Sí,2026-05-04,-,-,-
NO RELEVANTE,,-,No,2026-05-04,-,-,Parque Chas
NO RELEVANTE,,-,No,2026-05-04,-,Policía de la Ciudad,Tiempo Argentino
NO RELEVANTE,,Almagro,Sí,2026-05-05,-,-,-
NO RELEVANTE,,CABA,Sí,2026-05-05,-,-,-
NO RELEVANTE,,-,No,2026-05-05,-,-,-
NO RELEVANTE,2024,-,No,2026-05-05,-,-,Sportivo Trinidense
NO RELEVANTE,,-,No,2026-05-05,-,-,-
NO RELEVANTE,,-,No,2026-05-05,-,-,-
NO RELEVANTE,,-,No,2026-05-05,-,-,-
NO RELEVANTE,,-,No,2026-05-06,-,-,-
NO RELEVANTE,,-,No,2026-05-06,-,-,-
NO RELEVANTE,,-,No,2026-05-06,-,-,-
NO RELEVANTE,,-,No,2026-05-06,-,-,-
NO RELEVANTE,,-,No,2026-05-06,-,-,Informe Correpi
NO RELEVANTE,,-,No,2026-05-07,-,-,Agencia Noticias Argentinas
NO RELEVANTE,,Flores,Sí,2026-05-07,-,-,-
NO RELEVANTE,,CABA,Sí,2026-05-08,-,-,Resumen Latinoamericano
NO RELEVANTE,,-,No,2026-05-08,-,-,-
NO RELEVANTE,,-,No,2026-05-08,-,-,Beatriz Blanco
NO RELEVANTE,,-,No,2026-05-08,-,-,-
NO RELEVANTE,,-,No,2026-05-08,-,-,-
NO RELEVANTE,,-,No,2026-05-08,-,-,-
NO RELEVANTE,,CABA,Sí,2026-05-08,-,-,"Anillo Digital, Info Quilmes"
NO RELEVANTE,,-,No,2026-05-08,-,-,-
NO RELEVANTE,,Constitución,Sí,2026-05-08,-,-,-
NO RELEVANTE,2020,CABA,Sí,2026-05-08,-,-,Radio Kermes
NO RELEVANTE,,-,No,2026-05-08,-,-,Capital Federal
NO RELEVANTE,,-,No,2026-05-09,-,-,Diario Huarpe
NO RELEVANTE,,-,No,2026-05-09,-,-,Miguel Uribe Turbay
NO RELEVANTE,,-,No,2026-05-09,-,-,-
NO RELEVANTE,,CABA,Sí,2026-05-09,-,-,-
NO RELEVANTE,,-,No,2026-05-09,-,-,Desde Argentina
NO RELEVANTE,,-,No,2026-05-09,-,-,-
NO RELEVANTE,,-,No,2026-05-09,-,-,-
NO RELEVANTE,,CABA,Sí,2026-05-09,-,-,Agencia Noticias Argentinas
NO RELEVANTE,,-,No,2026-05-09,-,-,-
NO RELEVANTE,,-,No,2026-05-09,-,-,-
NO RELEVANTE,,-,No,2026-05-09,-,-,Diario Jornada
NO RELEVANTE,,-,No,2026-05-09,-,-,-
NO RELEVANTE,,Constitución,Sí,2026-05-09,-,-,-
NO RELEVANTE,,-,No,2026-05-09,-,-,-
NO RELEVANTE,,-,No,2026-05-09,-,-,-
NO RELEVANTE,,-,No,2026-05-09,-,-,Parque Chacabuco
NO RELEVANTE,,-,No,2026-05-10,-,-,-
NO RELEVANTE,,-,No,2026-05-10,-,-,-
NO RELEVANTE,,-,No,2026-05-10,-,-,-
NO RELEVANTE,,-,No,2026-05-10,-,Policía de la Ciudad,-
NO RELEVANTE,,-,No,2026-05-10,-,-,-
NO RELEVANTE,,-,No,2026-05-10,-,-,-
NO RELEVANTE,,-,No,2026-05-10,-,-,-
NO RELEVANTE,,Constitución,Sí,2026-05-11,-,-,-
NO RELEVANTE,,Balvanera,Sí,2026-05-11,-,-,-
NO RELEVANTE,,CABA,Sí,2026-05-11,-,-,-
NO RELEVANTE,,Balvanera,Sí,2026-05-11,-,-,-
NO RELEVANTE,2014,Lugano,Sí,2026-05-11,-,-,Agencia Paco Urondo
NO RELEVANTE,,-,No,2026-05-11,-,-,Agencia Paco Urondo
NO RELEVANTE,,-,No,2026-05-11,-,-,-
NO RELEVANTE,,CABA,Sí,2026-05-11,-,-,-
NO RELEVANTE,,-,No,2026-05-11,-,Policía de la Ciudad,Tiempo Argentino
NO RELEVANTE,,-,No,2026-05-11,-,-,-
NO RELEVANTE,,-,Sí,2026-05-11,-,-,-
NO RELEVANTE,,CABA,Sí,2026-05-11,-,-,-
NO RELEVANTE,,Palermo,Sí,2026-05-11,-,-,-
NO RELEVANTE,,-,No,2026-05-11,-,-,Capital Federal
NO RELEVANTE,,-,No,2026-05-11,-,-,"Malvinas Argentinas, Codigo Baires"
NO RELEVANTE,,-,No,2026-05-11,-,-,Agencia Noticias Argentinas
NO RELEVANTE,,-,No,2026-05-12,-,-,Colombia Miguel Uribe
NO RELEVANTE,,-,No,2026-05-12,-,-,-
NO RELEVANTE,,-,No,2026-05-12,-,-,-
NO RELEVANTE,,-,Sí,2026-05-12,-,-,-
NO RELEVANTE,,-,No,2026-05-12,20 De Diciembre De 2001,-,-
NO RELEVANTE,,-,No,2026-05-12,20 De Diciembre De 2001,-,Carlos Paz Vivo
NO RELEVANTE,,Boedo,Sí,2026-05-12,-,-,-
NO RELEVANTE,,Nueva Pompeya,Sí,2026-05-12,-,-,Nueva Pompeya
NO RELEVANTE,,-,No,2026-05-12,-,-,-
NO RELEVANTE,2019,San Telmo,Sí,2026-05-12,-,-,-
NO RELEVANTE,,-,No,2026-05-12,-,-,Luis Puenzo
NO RELEVANTE,,-,No,2026-05-12,-,-,-
NO RELEVANTE,,-,No,2026-05-12,-,-,Reforma Laboral
NO RELEVANTE,,-,No,2026-05-13,-,-,Agencia Noticias Argentinas
NO RELEVANTE,,CABA,Sí,2026-05-13,-,-,-
NO RELEVANTE,,CABA,Sí,2026-05-13,-,-,Radio Mitre
NO RELEVANTE,,-,No,2026-05-13,-,-,Me Lo Dijo
NO RELEVANTE,,-,No,2026-05-13,-,-,-
NO RELEVANTE,,-,No,2026-05-13,-,-,Telefe Noticias
NO RELEVANTE,2026-02-01 00:00:00,-,No,2026-05-13,-,-,-
NO RELEVANTE,,-,No,2026-05-13,-,-,Human Rights Watch
NO RELEVANTE,,-,No,2026-05-13,-,-,Telefe Noticias
NO RELEVANTE,,-,Sí,2026-05-13,-,-,-
NO RELEVANTE,,Barracas,Sí,2026-05-13,-,-,"Barracas Central, Nueva Rioja"
NO RELEVANTE,,-,No,2026-05-14,-,-,Luck Ra
NO RELEVANTE,,CABA,Sí,2026-05-14,-,-,-
NO RELEVANTE,,-,No,2026-05-14,-,-,General Paz
NO RELEVANTE,,-,No,2026-05-14,-,-,Nueva Rioja
NO RELEVANTE,,-,No,2026-05-14,-,-,-
NO RELEVANTE,,-,No,2026-05-14,-,-,-
NO RELEVANTE,,-,No,2026-05-14,-,-,-
NO RELEVANTE,,-,No,2026-05-14,-,-,-
NO RELEVANTE,,-,No,2026-05-14,-,-,Juan Cruz Leal
VALIDO,,CABA,Sí,2026-05-15,-,-,Tormenta Negra
VALIDO,,CABA,Sí,2026-05-15,-,-,Tormenta Negra
NO RELEVANTE,,CABA,Sí,2026-05-15,-,-,-
NO RELEVANTE,,-,No,2026-05-15,-,-,-
VALIDO,,CABA,Sí,2026-05-15,-,-,-
NO RELEVANTE,,CABA,Sí,2026-05-15,-,Policía de la Ciudad,-
NO RELEVANTE,,CABA,Sí,2026-05-15,-,-,-
NO RELEVANTE,,CABA,Sí,2026-05-15,-,-,"Anillo Digital, Info Quilmes"
VALIDO,,CABA,Sí,2026-05-15,-,-,"Jorge Macri, Agencia Paco Urondo"
VALIDO,,-,No,2026-05-15,-,-,-
NO RELEVANTE,,-,Sí,2026-05-15,-,-,Operativo Tormenta Negra
NO RELEVANTE,,-,No,2026-05-15,-,-,-
NO RELEVANTE,,-,No,2026-05-15,-,-,-
VALIDO,,-,No,2026-05-16,-,-,Tormenta Negra
NO RELEVANTE,,-,No,2026-05-16,-,-,Diario Digital
NO RELEVANTE,,CABA,Sí,2026-05-16,-,-,Noticias Urbanas
NO RELEVANTE,2017,-,No,2026-05-16,9 De Julio,-,-
NO RELEVANTE,,-,No,2026-05-16,-,-,-
NO RELEVANTE,,Lugano,Sí,2026-05-16,-,-,-
NO RELEVANTE,,-,No,2026-05-16,-,-,Tiempo Sur
NO RELEVANTE,,"Belgrano, Recoleta",Sí,2026-05-16,-,-,-
NO RELEVANTE,,Boedo,Sí,2026-05-16,-,-,-
NO RELEVANTE,,CABA,Sí,2026-05-17,-,-,Patricia Bullrich
NO RELEVANTE,,-,No,2026-05-17,-,-,Agencia Noticias Argentinas
NO RELEVANTE,,Flores,Sí,2026-05-17,-,-,Bajo Flores
NO RELEVANTE,,CABA,Sí,2026-05-17,-,-,-
NO RELEVANTE,,-,No,2026-05-17,-,-,-
NO RELEVANTE,,-,No,2026-05-17,-,-,Mirador Provincial
NO RELEVANTE,,CABA,Sí,2026-05-17,-,-,Tormenta Negra
NO RELEVANTE,,CABA,Sí,2026-05-17,-,-,"Jorge Macri, Agencia Paco Urondo"
NO RELEVANTE,,-,No,2026-05-17,-,-,"Ricardo Ragendorfer, Agencia Paco Urondo"
NO RELEVANTE,,Villa Crespo,Sí,2026-05-18,-,-,-
NO RELEVANTE,,-,No,2026-05-18,-,-,-
NO RELEVANTE,,-,No,2026-05-18,-,-,-
NO RELEVANTE,,-,No,2026-05-18,-,-,-
NO RELEVANTE,,-,No,2026-05-18,-,-,-
NO RELEVANTE,,Lugano,Sí,2026-05-18,-,-,-
NO RELEVANTE,,-,No,2026-05-18,-,-,-
NO RELEVANTE,,Saavedra,Sí,2026-05-18,-,-,Saavedra Online
NO RELEVANTE,,Lugano,Sí,2026-05-18,-,-,-
NO RELEVANTE,,-,Sí,2026-05-18,-,-,-
NO RELEVANTE,,-,No,2026-05-18,-,Policía Bonaerense,-
NO RELEVANTE,,-,No,2026-05-19,-,-,-
NO RELEVANTE,,-,No,2026-05-19,-,-,-
NO RELEVANTE,,-,No,2026-05-19,-,-,-
NO RELEVANTE,,-,No,2026-05-19,-,-,-
NO RELEVANTE,,Palermo,Sí,2026-05-19,-,-,-
NO RELEVANTE,,Villa Crespo,Sí,2026-05-19,-,-,Mirador Provincial
NO RELEVANTE,,CABA,Sí,2026-05-19,-,-,-
NO RELEVANTE,,-,No,2026-05-19,-,-,-
PENDIENTE,,-,No,2026-05-19,-,-,Prensa Obrera
NO RELEVANTE,,-,No,2026-05-20,-,-,Agencia Noticias Argentinas
NO RELEVANTE,,CABA,Sí,2026-05-20,-,-,Agencia Paco Urondo
NO RELEVANTE,,Chacarita,Sí,2026-05-20,-,-,-
NO RELEVANTE,,-,No,2026-05-20,-,-,Agencia Paco Urondo
NO RELEVANTE,,-,No,2026-05-20,-,-,Capital Federal
NO RELEVANTE,,-,No,2026-05-20,-,-,Puerto Madryn
NO RELEVANTE,,-,No,2026-05-20,-,-,-
NO RELEVANTE,,-,No,2026-05-20,-,-,Agencia Paco Urondo
NO RELEVANTE,,-,No,2026-05-20,-,-,-
NO RELEVANTE,,Retiro,Sí,2026-05-20,-,-,-
NO RELEVANTE,,-,No,2026-05-20,-,-,-
NO RELEVANTE,,-,No,2026-05-20,-,-,-
NO RELEVANTE,,-,No,2026-05-20,-,-,-
VALIDO,,-,No,2026-05-20,-,-,-
NO RELEVANTE,,Lugano,Sí,2026-05-20,-,-,Agencia Paco Urondo
NO RELEVANTE,,-,No,2026-05-20,-,-,-
NO RELEVANTE,,-,No,2026-05-20,-,-,-
VALIDO,,-,Sí,2026-05-20,-,-,-
VALIDO,,-,No,2026-05-21,-,-,-
NO RELEVANTE,,-,No,2026-05-21,-,-,-
NO RELEVANTE,,-,No,2026-05-21,-,-,Puerto Madryn
NO RELEVANTE,,-,No,2026-05-21,-,-,Puerto Madryn
NO RELEVANTE,,CABA,Sí,2026-05-21,-,-,Noticias Urbanas
NO RELEVANTE,,-,No,2026-05-21,-,-,-
NO RELEVANTE,,CABA,Sí,2026-05-21,-,-,-
NO RELEVANTE,,CABA,Sí,2026-05-21,-,Policía de la Ciudad,Agencia Paco Urondo
NO RELEVANTE,,-,No,2026-05-21,-,-,-
NO RELEVANTE,,-,No,2026-05-21,-,-,Agencia Paco Urondo
NO RELEVANTE,,-,No,2026-05-21,-,-,-
NO RELEVANTE,,-,No,2026-05-21,-,-,Puerto Madryn
NO RELEVANTE,,-,Sí,2026-05-21,-,Policía de la Ciudad,-
NO RELEVANTE,,-,No,2026-05-21,-,-,Agencia Paco Urondo
NO RELEVANTE,,-,No,2026-05-22,-,-,Capital Federal
NO RELEVANTE,,-,No,2026-05-22,-,-,-
NO RELEVANTE,,-,No,2026-05-22,-,-,-
NO RELEVANTE,,-,No,2026-05-22,-,-,-
NO RELEVANTE,,-,No,2026-05-22,-,-,-
NO RELEVANTE,,-,No,2026-05-22,-,-,"Capital Federal, Corrientes Hoy"
NO RELEVANTE,,-,No,2026-05-22,-,-,-
NO RELEVANTE,,-,No,2026-05-22,-,-,-
NO RELEVANTE,,-,No,2026-05-22,-,-,-
NO RELEVANTE,,-,No,2026-05-22,-,-,-
NO RELEVANTE,,-,No,2026-05-23,-,-,-
NO RELEVANTE,,CABA,Sí,2026-05-23,-,-,Mejor Informado
NO RELEVANTE,,-,No,2026-05-23,-,-,-
NO RELEVANTE,,-,No,2026-05-23,-,-,Diario Hoy En
NO RELEVANTE,,-,No,2026-05-23,-,-,-
NO RELEVANTE,,-,No,2026-05-23,-,-,Somos Jujuy
NO RELEVANTE,,-,No,2026-05-23,-,-,Lionel Scaloni
NO RELEVANTE,,-,No,2026-05-23,-,-,-
VALIDO,,-,No,2026-05-23,-,-,-
NO RELEVANTE,,-,No,2026-05-24,-,-,-
NO RELEVANTE,,-,No,2026-05-24,-,-,"Alan Schlenker, Gonzalo Acro"
NO RELEVANTE,,-,No,2026-05-24,-,-,-
NO RELEVANTE,,-,No,2026-05-24,-,-,-
NO RELEVANTE,,CABA,Sí,2026-05-24,-,-,-
NO RELEVANTE,,-,No,2026-05-24,-,-,-
NO RELEVANTE,,-,No,2026-05-24,-,-,-
NO RELEVANTE,,-,No,2026-05-24,-,-,-
NO RELEVANTE,,-,No,2026-05-25,-,-,-
NO RELEVANTE,,-,No,2026-05-25,-,-,-
NO RELEVANTE,,-,No,2026-05-25,-,-,-
NO RELEVANTE,,CABA,Sí,2026-05-25,-,-,-
NO RELEVANTE,,-,No,2026-05-25,-,-,-
VALIDO,,Balvanera,Sí,2026-05-25,-,-,-
VALIDO,,-,No,2026-05-25,-,"Gendarmería Nacional, Policía de la Ciudad",-
NO RELEVANTE,,-,No,2026-05-25,-,-,Capital Federal
NO RELEVANTE,,-,No,2026-05-25,-,-,-
NO RELEVANTE,,-,No,2026-05-25,-,-,"Del Potro, Rosario Nuestro"
NO RELEVANTE,,Balvanera,Sí,2026-05-26,-,-,-
NO RELEVANTE,,-,No,2026-05-26,20 De Diciembre,-,-
VALIDO,,-,No,2026-05-26,-,Policía Federal,-
NO RELEVANTE,,-,No,2026-05-26,-,-,-
NO RELEVANTE,,-,No,2026-05-26,-,-,-
NO RELEVANTE,,CABA,Sí,2026-05-26,-,Policía de la Ciudad,-
NO RELEVANTE,,-,No,2026-05-26,-,-,Capital Federal
NO RELEVANTE,,-,No,2026-05-26,-,-,Rodolfo Barili
NO RELEVANTE,,-,No,2026-05-26,-,-,-
NO RELEVANTE,,-,No,2026-05-26,-,-,Diario Jornada
NO RELEVANTE,,-,No,2026-05-26,-,-,-
NO RELEVANTE,,-,No,2026-05-27,-,-,-
NO RELEVANTE,,CABA,Sí,2026-05-27,-,-,-
NO RELEVANTE,,-,No,2026-05-27,-,-,-
NO RELEVANTE,,-,No,2026-05-27,-,-,"Agostina Vega, Agencia Noticias Argentinas"
NO RELEVANTE,,-,No,2026-05-27,-,-,Tiago Palacios
NO RELEVANTE,,-,No,2026-05-27,-,-,-
NO RELEVANTE,,-,No,2026-05-27,-,-,-
NO RELEVANTE,,-,No,2026-05-27,-,-,-
NO RELEVANTE,,Palermo,Sí,2026-05-27,-,-,-
NO RELEVANTE,,-,No,2026-05-27,-,-,Viviana Canosa
NO RELEVANTE,,-,No,2026-05-28,-,-,-
NO RELEVANTE,,CABA,Sí,2026-05-28,-,-,"Anillo Digital, Info Quilmes"
NO RELEVANTE,,-,No,2026-05-28,-,-,Florencio Varela
NO RELEVANTE,,-,No,2026-05-28,-,-,Florencio Vare
NO RELEVANTE,,-,No,2026-05-28,-,-,-
NO RELEVANTE,,-,No,2026-05-28,-,-,Agencia Paco Urondo
NO RELEVANTE,,-,No,2026-05-28,-,-,-
NO RELEVANTE,,-,No,2026-05-28,-,-,"Agostina Vera, Agencia Noticias Argentinas"
NO RELEVANTE,,-,No,2026-05-28,-,-,"Lionel Scaloni, Mauro Scaloni"
NO RELEVANTE,,-,No,2026-05-28,-,-,-
NO RELEVANTE,,-,No,2026-05-28,-,-,Avenida Corrientes
NO RELEVANTE,,-,No,2026-05-29,-,-,-
NO RELEVANTE,,-,No,2026-05-29,-,-,-
NO RELEVANTE,,-,No,2026-05-29,-,Policía de la Ciudad,-
NO RELEVANTE,,-,No,2026-05-29,-,-,-
NO RELEVANTE,,-,No,2026-05-29,-,-,-
NO RELEVANTE,,CABA,Sí,2026-05-30,-,-,"Facundo Leal, Sitio Andino"
NO RELEVANTE,,-,No,2026-05-30,-,-,-
NO RELEVANTE,,CABA,Sí,2026-05-30,-,-,"Facundo Leal, Sitio Andino"
NO RELEVANTE,,-,No,2026-05-30,-,-,Puerto Madryn
NO RELEVANTE,,-,No,2026-05-30,-,-,-
NO RELEVANTE,,-,No,2026-05-30,-,-,-
NO RELEVANTE,,-,No,2026-05-30,-,-,Globant Tower
NO RELEVANTE,,CABA,Sí,2026-05-30,-,-,-
NO RELEVANTE,,-,No,2026-05-30,-,-,-
NO RELEVANTE,,-,No,2026-05-30,-,-,-
NO RELEVANTE,,Recoleta,Sí,2026-05-30,-,-,-
NO RELEVANTE,,-,No,2026-05-30,-,-,-
NO RELEVANTE,,-,No,2026-05-30,-,-,-
NO RELEVANTE,,-,No,2026-05-30,-,-,Facundo Leal
NO RELEVANTE,,-,No,2026-05-30,-,-,-
NO RELEVANTE,,-,No,2026-05-31,-,-,-
VALIDO,,-,No,2026-05-31,-,-,-
NO RELEVANTE,,-,No,2026-05-31,-,-,-
NO RELEVANTE,,CABA,Sí,2026-05-31,-,-,Radio Mitre
NO RELEVANTE,,Almagro,Sí,2026-05-31,-,-,Nuevo Encuentro
NO RELEVANTE,,-,No,2026-05-31,-,-,Miguel Uribe Turbay
NO RELEVANTE,,-,No,2026-05-31,-,-,-
NO RELEVANTE,,-,No,2026-05-31,-,-,-
NO RELEVANTE,,-,No,2026-06-01,-,-,-
NO RELEVANTE,,CABA,Sí,2026-06-01,-,-,-
NO RELEVANTE,,-,No,2026-06-01,-,-,General Paz
NO RELEVANTE,,-,No,2026-06-01,-,-,Agencia Noticias Argentinas
NO RELEVANTE,,CABA,Sí,2026-06-01,-,-,-
NO RELEVANTE,,CABA,Sí,2026-06-01,-,-,-
NO RELEVANTE,,-,No,2026-06-01,-,-,-
NO RELEVANTE,,-,No,2026-06-01,-,Policía Federal,-
NO RELEVANTE,,-,No,2026-06-01,-,-,-
NO RELEVANTE,,-,No,2026-06-01,-,-,-
NO RELEVANTE,,-,No,2026-06-01,-,-,Prensa Obrera
NO RELEVANTE,,-,No,2026-06-01,-,-,-
NO RELEVANTE,,-,No,2026-06-02,-,-,Facundo Leal
NO RELEVANTE,,-,No,2026-06-02,-,-,-
NO RELEVANTE,,-,No,2026-06-02,-,-,"Lago Puelo, Diario Jornada"
NO RELEVANTE,,-,No,2026-06-02,-,-,-
NO RELEVANTE,,CABA,Sí,2026-06-02,-,-,Canal Abierto
NO RELEVANTE,,-,No,2026-06-02,-,-,Capital Federal
NO RELEVANTE,,CABA,Sí,2026-06-02,-,-,-
NO RELEVANTE,,-,No,2026-06-02,-,-,-
NO RELEVANTE,,CABA,Sí,2026-06-02,-,Policía de la Ciudad,Vive Click
NO RELEVANTE,,-,No,2026-06-02,-,-,Tren Roca
NO RELEVANTE,,-,No,2026-06-02,-,-,Arce Mosqueira
NO RELEVANTE,,CABA,Sí,2026-06-02,-,Policía de la Ciudad,-
NO RELEVANTE,,-,No,2026-06-02,-,-,Capital Federal
NO RELEVANTE,,-,No,2026-06-02,-,-,-
NO RELEVANTE,,-,No,2026-06-02,-,-,-
NO RELEVANTE,,-,No,2026-06-02,-,-,-
NO RELEVANTE,,La Boca,Sí,2026-06-02,-,-,-
NO RELEVANTE,,-,No,2026-06-02,-,Policía de la Ciudad,-
NO RELEVANTE,,-,No,2026-06-03,-,-,-
NO RELEVANTE,,-,No,2026-06-03,-,-,-
NO RELEVANTE,,-,No,2026-06-03,-,-,-
NO RELEVANTE,,CABA,Sí,2026-06-03,-,-,-
NO RELEVANTE,,-,No,2026-06-03,-,-,-
NO RELEVANTE,,-,No,2026-06-03,-,-,-
NO RELEVANTE,,CABA,Sí,2026-06-03,-,-,-
NO RELEVANTE,,-,Sí,2026-06-03,-,-,-
NO RELEVANTE,,-,No,2026-06-03,-,-,-
NO RELEVANTE,,-,No,2026-06-03,-,-,-
NO RELEVANTE,,-,No,2026-06-04,-,-,-
NO RELEVANTE,,-,No,2026-06-04,-,-,-
NO RELEVANTE,,-,No,2026-06-04,-,-,-
NO RELEVANTE,,-,No,2026-06-04,-,-,-
NO RELEVANTE,,-,No,2026-06-04,-,-,-
NO RELEVANTE,,Lugano,Sí,2026-06-04,-,-,-
NO RELEVANTE,,-,No,2026-06-04,-,-,-
NO RELEVANTE,,Palermo,Sí,2026-06-04,-,-,-
NO RELEVANTE,,-,No,2026-06-04,-,-,Tren Roca
NO RELEVANTE,,CABA,Sí,2026-06-04,-,-,Capital Federal
NO RELEVANTE,,-,No,2026-06-04,-,-,Acceso Oeste
NO RELEVANTE,,-,No,2026-06-04,-,-,-
NO RELEVANTE,,CABA,Sí,2026-06-04,-,-,Capital Federal
NO RELEVANTE,,-,No,2026-06-04,-,-,Puerto Madryn
NO RELEVANTE,,-,No,2026-06-04,-,-,Diario Huarpe
NO RELEVANTE,,-,No,2026-06-04,-,-,International Press Agency
NO RELEVANTE,,CABA,Sí,2026-06-04,-,-,-
NO RELEVANTE,,-,No,2026-06-04,-,-,-
NO RELEVANTE,,-,No,2026-06-04,-,-,-
NO RELEVANTE,,-,No,2026-06-04,-,-,-
NO RELEVANTE,,-,No,2026-06-04,-,Policía de la Ciudad,Big Bang
NO RELEVANTE,,CABA,Sí,2026-06-05,-,-,-
NO RELEVANTE,,-,No,2026-06-05,-,-,Zona Roja
NO RELEVANTE,,-,No,2026-06-05,-,-,-
NO RELEVANTE,,-,No,2026-06-05,-,Policía de la Ciudad,-
VALIDO,,CABA,Sí,2026-06-05,-,-,Zona Sur
NO RELEVANTE,,Palermo,Sí,2026-06-05,-,-,-
NO RELEVANTE,,-,No,2026-06-05,-,-,-
NO RELEVANTE,,-,No,2026-06-06,-,-,-
NO RELEVANTE,,-,No,2026-06-06,-,-,-
NO RELEVANTE,,-,No,2026-06-06,-,-,-
VALIDO,,-,No,2026-06-06,-,-,Agencia Noticias Argentinas
NO RELEVANTE,,-,No,2026-06-06,-,-,Capital Federal
NO RELEVANTE,,-,No,2026-06-06,-,-,-
NO RELEVANTE,,-,No,2026-06-06,-,-,-
NO RELEVANTE,,-,No,2026-06-06,-,-,-
VALIDO,,-,No,2026-06-06,-,-,-
NO RELEVANTE,,-,No,2026-06-06,-,-,-
NO RELEVANTE,,-,No,2026-06-06,-,-,-
VALIDO,,CABA,Sí,2026-06-07,-,-,-
VALIDO,,-,No,2026-06-07,-,-,-
NO RELEVANTE,,-,No,2026-06-07,-,-,Capital Federal
NO RELEVANTE,,-,No,2026-06-07,-,-,-
VALIDO,,-,No,2026-06-07,-,-,Indio Solari
NO RELEVANTE,,-,No,2026-06-07,-,-,Uno Entre Rios
NO RELEVANTE,,-,No,2026-06-07,-,-,-
NO RELEVANTE,,-,No,2026-06-08,-,-,-
NO RELEVANTE,,-,No,2026-06-08,-,-,-
NO RELEVANTE,,-,No,2026-06-08,-,-,-
NO RELEVANTE,,CABA,Sí,2026-06-08,-,-,Sol Play
NO RELEVANTE,,-,No,2026-06-08,-,-,-
NO RELEVANTE,,-,No,2026-06-08,-,-,Capital Federal
NO RELEVANTE,,-,No,2026-06-08,-,-,Agencia Noticias Argentinas
NO RELEVANTE,,-,No,2026-06-08,-,-,Agostina Vega
NO RELEVANTE,,-,No,2026-06-08,-,-,-
NO RELEVANTE,,-,No,2026-06-08,-,-,-
NO RELEVANTE,,CABA,Sí,2026-06-09,-,-,-
NO RELEVANTE,,-,No,2026-06-09,-,-,-
NO RELEVANTE,,CABA,Sí,2026-06-09,-,-,"Waldo Wolff, Javier Milei"
NO RELEVANTE,,CABA,Sí,2026-06-09,-,-,-
NO RELEVANTE,,-,No,2026-06-09,-,-,-
NO RELEVANTE,,-,No,2026-06-09,-,-,Patricia Bullrich
NO RELEVANTE,,-,No,2026-06-09,-,-,-
VALIDO,,CABA,Sí,2026-06-09,-,-,-
NO RELEVANTE,,-,No,2026-06-09,-,-,-
NO RELEVANTE,,-,No,2026-06-09,-,-,Campo Santo
NO RELEVANTE,,-,No,2026-06-09,-,-,Primera Fuente
NO RELEVANTE,,-,No,2026-06-10,-,-,Puerto Madryn
VALIDO,,CABA,Sí,2026-06-10,-,-,Jorge Macri
VALIDO,,CABA,Sí,2026-06-10,-,-,Prensa Obrera
NO RELEVANTE,,-,No,2026-06-10,-,-,-
NO RELEVANTE,,-,No,2026-06-10,-,-,-
NO RELEVANTE,,-,No,2026-06-10,-,-,-
NO RELEVANTE,,-,No,2026-06-10,-,-,General Paz
NO RELEVANTE,,-,No,2026-06-11,-,-,-
NO RELEVANTE,,-,No,2026-06-11,-,-,-
NO RELEVANTE,,-,No,2026-06-11,-,-,-
NO RELEVANTE,,-,No,2026-06-11,-,-,-
NO RELEVANTE,,-,No,2026-06-11,-,-,Desde Argentina
NO RELEVANTE,,-,No,2026-06-11,-,-,Rosario Nuestro
NO RELEVANTE,,-,No,2026-06-11,-,-,Plin Acosta
NO RELEVANTE,,-,No,2026-06-11,-,-,-
NO RELEVANTE,,-,No,2026-06-11,-,-,-
NO RELEVANTE,,-,No,2026-06-11,-,-,-
NO RELEVANTE,,-,No,2026-06-11,-,-,-
NO RELEVANTE,,-,No,2026-06-12,-,-,-
NO RELEVANTE,,CABA,Sí,2026-06-12,-,-,"Justicia Federal, Perspectiva Sur"
NO RELEVANTE,,-,No,2026-06-12,-,-,-
NO RELEVANTE,,-,No,2026-06-12,-,-,Indio Solari
NO RELEVANTE,,CABA,Sí,2026-06-12,-,-,Miguel Uribe Turbay
NO RELEVANTE,,CABA,Sí,2026-06-12,-,-,-
NO RELEVANTE,,-,No,2026-06-12,-,-,Facundo Leal
NO RELEVANTE,,-,No,2026-06-12,-,-,-
NO RELEVANTE,,CABA,Sí,2026-06-13,-,-,-
NO RELEVANTE,,CABA,Sí,2026-06-13,-,-,-
NO RELEVANTE,,-,No,2026-06-13,-,-,-
NO RELEVANTE,,-,No,2026-06-13,-,-,"Mafia Pixiu, Agencia Noticias Argentinas"
NO RELEVANTE,,-,No,2026-06-13,-,-,-
NO RELEVANTE,,-,No,2026-06-13,-,-,-
NO RELEVANTE,,-,No,2026-06-13,-,Policía de la Ciudad,Agencia Paco Urondo
NO RELEVANTE,,-,No,2026-06-13,-,-,-
NO RELEVANTE,,-,No,2026-06-13,-,-,-
NO RELEVANTE,,-,No,2026-06-13,-,-,-
NO RELEVANTE,,-,No,2026-06-13,-,-,-
NO RELEVANTE,,-,No,2026-06-13,-,-,-
NO RELEVANTE,,-,No,2026-06-13,-,-,-
NO RELEVANTE,,CABA,Sí,2026-06-14,-,-,-
NO RELEVANTE,,-,No,2026-06-14,-,Policía de la Ciudad,Tiempo Argentino
NO RELEVANTE,,Constitución,Sí,2026-06-14,-,-,Tiempo Argentino
NO RELEVANTE,,-,No,2026-06-14,-,-,-
NO RELEVANTE,,-,No,2026-06-14,-,-,Parque Chas
NO RELEVANTE,,-,No,2026-06-14,-,-,-
NO RELEVANTE,,CABA,Sí,2026-06-14,-,-,"Mariano Barbieri, Diario Mendoza Today"
NO RELEVANTE,,-,No,2026-06-14,-,-,-
NO RELEVANTE,,-,No,2026-06-14,-,-,Tiempo Argentino
NO RELEVANTE,,CABA,Sí,2026-06-15,-,-,Diario Mendoza Today
NO RELEVANTE,,-,No,2026-06-15,-,-,-
NO RELEVANTE,,-,No,2026-06-15,-,-,Luis Novaresio
NO RELEVANTE,,-,No,2026-06-15,-,-,-
NO RELEVANTE,,-,No,2026-06-15,-,-,Romero Feris
NO RELEVANTE,,-,No,2026-06-16,-,-,-
NO RELEVANTE,,CABA,Sí,2026-06-16,-,-,-
NO RELEVANTE,,-,No,2026-06-16,-,-,-
NO RELEVANTE,,-,No,2026-06-16,-,-,-
NO RELEVANTE,,-,No,2026-06-16,-,-,-
NO RELEVANTE,,-,No,2026-06-16,-,-,"Banco Provincia, Zona Norte Hoy"
NO RELEVANTE,,-,No,2026-06-16,-,-,-
NO RELEVANTE,,-,No,2026-06-16,-,-,Zona Norte Hoy
NO RELEVANTE,,-,No,2026-06-16,-,-,Rosario Central
NO RELEVANTE,,-,No,2026-06-16,-,-,Attardo Policiales
NO RELEVANTE,,Lugano,Sí,2026-06-16,-,-,Tiempo Argentino
NO RELEVANTE,,-,No,2026-06-17,-,-,-
NO RELEVANTE,,-,No,2026-06-17,-,-,Monte Grande
NO RELEVANTE,,-,No,2026-06-17,-,-,-
NO RELEVANTE,,-,No,2026-06-17,-,-,-
NO RELEVANTE,,-,No,2026-06-17,-,-,-
NO RELEVANTE,,CABA,Sí,2026-06-17,-,-,-
NO RELEVANTE,,-,No,2026-06-17,-,-,-
NO RELEVANTE,,-,No,2026-06-17,-,-,Tiempo Argentino
NO RELEVANTE,,-,No,2026-06-18,-,-,-
NO RELEVANTE,,-,No,2026-06-18,-,-,-
NO RELEVANTE,,-,No,2026-06-18,-,-,Al Qaeda
NO RELEVANTE,,Balvanera,Sí,2026-06-18,-,-,-
NO RELEVANTE,,CABA,Sí,2026-06-18,-,-,-
NO RELEVANTE,,CABA,Sí,2026-06-18,-,-,-
NO RELEVANTE,,-,No,2026-06-18,-,-,-
NO RELEVANTE,,-,No,2026-06-18,-,-,-
NO RELEVANTE,,-,No,2026-06-18,-,-,-
NO RELEVANTE,,-,No,2026-06-18,20 De Diciembre,-,Tiempo Argentino
VALIDO,,CABA,Sí,2026-06-19,-,-,-
NO RELEVANTE,,-,No,2026-06-19,-,-,-
NO RELEVANTE,,-,No,2026-06-19,-,-,-
NO RELEVANTE,,CABA,Sí,2026-06-19,-,-,-
NO RELEVANTE,,-,No,2026-06-19,-,-,-
NO RELEVANTE,,CABA,Sí,2026-06-19,-,-,-
NO RELEVANTE,,San Cristóbal,Sí,2026-06-19,-,-,-
NO RELEVANTE,,-,No,2026-06-19,-,-,-
NO RELEVANTE,,-,No,2026-06-19,-,-,Tren Roca
NO RELEVANTE,,San Cristóbal,Sí,2026-06-19,-,-,-
NO RELEVANTE,,-,No,2026-06-19,-,-,-
NO RELEVANTE,,Boedo,Sí,2026-06-20,-,-,-
NO RELEVANTE,,Belgrano,Sí,2026-06-20,-,-,-
NO RELEVANTE,,Palermo,Sí,2026-06-20,-,-,-
NO RELEVANTE,,-,No,2026-06-20,-,-,Alex Caniggia
NO RELEVANTE,,CABA,Sí,2026-06-20,-,-,-
NO RELEVANTE,,CABA,Sí,2026-06-20,-,-,-
NO RELEVANTE,,-,No,2026-06-20,-,-,-
NO RELEVANTE,,-,No,2026-06-20,-,-,-
NO RELEVANTE,,-,No,2026-06-20,-,-,-
NO RELEVANTE,,-,No,2026-06-20,-,-,-
NO RELEVANTE,,-,No,2026-06-20,-,-,-
NO RELEVANTE,,-,No,2026-06-20,-,-,-
NO RELEVANTE,,-,No,2026-06-20,-,-,-
NO RELEVANTE,,-,No,2026-06-20,-,-,-
NO RELEVANTE,,CABA,Sí,2026-06-21,-,-,Carlos Paz
NO RELEVANTE,,-,No,2026-06-21,-,-,"Capital Federal, Semanario Actualidad"
NO RELEVANTE,,-,No,2026-06-21,-,-,-
NO RELEVANTE,,-,No,2026-06-22,-,-,-
NO RELEVANTE,,-,No,2026-06-22,-,-,Juan Cruz Leal
NO RELEVANTE,,-,No,2026-06-22,-,-,-
NO RELEVANTE,,-,No,2026-06-23,-,-,Caso Agostina Vega
VALIDO,,-,No,2026-06-24,-,-,-
NO RELEVANTE,,-,No,2026-06-24,-,-,Sierra Chica
NO RELEVANTE,,-,No,2026-06-24,-,-,"Sierra Chica, En Linea Noticias"
NO RELEVANTE,,-,No,2026-06-24,-,-,Agostina Vega
NO RELEVANTE,,-,No,2026-06-24,-,-,-
VALIDO,,-,No,2026-06-24,-,-,Zona Norte Hoy
NO RELEVANTE,,-,No,2026-06-24,-,-,Somos Jujuy
NO RELEVANTE,,-,No,2026-06-24,-,-,Esperanza Dia
NO RELEVANTE,,Recoleta,Sí,2026-06-24,-,-,-
NO RELEVANTE,,-,No,2026-06-24,-,Policía de la Ciudad,-
NO RELEVANTE,,CABA,Sí,2026-06-25,-,-,-
NO RELEVANTE,,-,No,2026-06-25,-,-,-
NO RELEVANTE,,Palermo,Sí,2026-06-25,-,-,-
NO RELEVANTE,,CABA,Sí,2026-06-25,-,-,-
NO RELEVANTE,,-,No,2026-06-25,-,-,-
NO RELEVANTE,,-,No,2026-06-25,-,-,-
NO RELEVANTE,,-,No,2026-06-26,-,-,-
NO RELEVANTE,,-,No,2026-06-26,-,-,Mario Giannobile
NO RELEVANTE,,-,No,2026-06-26,-,-,-
NO RELEVANTE,,CABA,Sí,2026-06-26,-,-,-
NO RELEVANTE,,-,No,2026-06-26,-,-,Diario Mendoza Today
NO RELEVANTE,,-,No,2026-06-26,-,-,-
NO RELEVANTE,,-,No,2026-06-26,-,-,Agencia Paco Urondo
NO RELEVANTE,,-,No,2026-06-27,-,-,-
NO RELEVANTE,,CABA,Sí,2026-06-27,-,-,-
NO RELEVANTE,,-,No,2026-06-27,-,-,-
NO RELEVANTE,,CABA,Sí,2026-06-27,-,-,-
NO RELEVANTE,,-,No,2026-06-27,-,-,-
NO RELEVANTE,,-,No,2026-06-27,-,-,-
NO RELEVANTE,,-,No,2026-06-27,-,-,-
NO RELEVANTE,,-,No,2026-06-27,-,-,-
NO RELEVANTE,,-,No,2026-06-27,-,-,-
NO RELEVANTE,,-,No,2026-06-28,-,-,Que Pasa Salta
NO RELEVANTE,,-,No,2026-06-28,-,-,-
NO RELEVANTE,,CABA,Sí,2026-06-28,-,-,-
NO RELEVANTE,,-,No,2026-06-28,-,-,-
NO RELEVANTE,,-,No,2026-06-29,-,-,-
NO RELEVANTE,,-,No,2026-06-29,-,-,-
VALIDO,,-,No,2026-06-29,-,-,-
NO RELEVANTE,,-,No,2026-06-29,-,-,-
NO RELEVANTE,,-,No,2026-06-29,-,-,-
NO RELEVANTE,,-,No,2026-06-30,-,-,-
NO RELEVANTE,,-,No,2026-06-30,-,-,-
NO RELEVANTE,,CABA,Sí,2026-06-30,-,-,Viuda Negra
NO RELEVANTE,,-,No,2026-06-30,-,-,-
NO RELEVANTE,,-,No,2026-06-30,-,-,-
VALIDO,,-,No,2026-06-30,-,-,-
NO RELEVANTE,,-,No,2026-06-30,-,-,-
VALIDO,,-,No,2026-07-01,-,-,Indio Solari
NO RELEVANTE,,-,No,2026-07-01,-,-,Parque Chas
NO RELEVANTE,,-,No,2026-07-01,-,-,-
NO RELEVANTE,,-,No,2026-07-01,-,-,-
NO RELEVANTE,,-,No,2026-07-01,-,-,-
NO RELEVANTE,,-,No,2026-07-01,-,-,"Rosario Central, Vive Click"
NO RELEVANTE,,-,No,2026-07-01,-,-,Parque Chacabuco
NO RELEVANTE,,-,No,2026-07-01,-,-,-
NO RELEVANTE,,-,No,2026-07-01,-,-,-
NO RELEVANTE,,-,No,2026-07-01,-,-,-
VALIDO,,-,No,2026-07-01,-,Policía de la Ciudad,-
NO RELEVANTE,,CABA,Sí,2026-07-02,-,-,-
NO RELEVANTE,,-,No,2026-07-02,-,-,-
NO RELEVANTE,,-,No,2026-07-02,-,-,-
NO RELEVANTE,,-,No,2026-07-02,-,-,-
NO RELEVANTE,,-,No,2026-07-02,-,Gendarmería Nacional,Carlos Paz
NO RELEVANTE,,CABA,Sí,2026-07-02,-,-,"Justicia Federal, Perspectiva Sur"
NO RELEVANTE,,-,No,2026-07-02,-,-,-
NO RELEVANTE,,-,No,2026-07-02,-,-,Nuevo Diario Web
NO RELEVANTE,,-,No,2026-07-02,-,-,-
NO RELEVANTE,,-,No,2026-07-02,-,-,-
NO RELEVANTE,,-,No,2026-07-03,-,-,-
VALIDO,,-,No,2026-07-03,-,-,-
NO RELEVANTE,,-,No,2026-07-03,-,-,-
NO RELEVANTE,,Caballito,Sí,2026-07-03,-,-,-
VALIDO,,-,No,2026-07-03,5 De Mayo,-,-
PENDIENTE,,-,No,2026-07-03,-,-,Big Bang
PENDIENTE,,-,No,2026-07-03,-,-,Big Bang
PENDIENTE,,-,No,2026-07-03,-,Policía de la Ciudad,-
PENDIENTE,,-,No,2026-07-03,-,Policía de la Ciudad,Tiempo Argentino
PENDIENTE,,Caballito,Sí,2026-07-04,-,-,-
PENDIENTE,,-,No,2026-07-04,-,-,Luciano Olivera
PENDIENTE,,-,No,2026-07-04,-,-,-
PENDIENTE,,-,No,2026-07-04,-,-,-
PENDIENTE,,-,No,2026-07-04,-,-,Ingenio Ledesma
PENDIENTE,,-,No,2026-07-05,-,-,-
PENDIENTE,,-,No,2026-07-05,-,-,Data Diario
PENDIENTE,,CABA,Sí,2026-07-05,-,-,-
PENDIENTE,,-,No,2026-07-05,-,-,-
PENDIENTE,,-,No,2026-07-05,-,-,-
PENDIENTE,,-,No,2026-07-06,-,-,Diario Hoy En
PENDIENTE,,-,No,2026-07-06,-,-,-
PENDIENTE,,-,No,2026-07-06,-,-,-
PENDIENTE,,-,No,2026-07-06,-,-,Jorge Macri
PENDIENTE,,-,No,2026-07-06,-,-,-
PENDIENTE,,-,Sí,2026-07-06,-,-,-
PENDIENTE,,-,No,2026-07-06,-,-,Red Uno
PENDIENTE,,-,No,2026-07-06,-,-,Big Bang
PENDIENTE,,-,No,2026-07-07,-,Policía de la Ciudad,-
PENDIENTE,,CABA,Sí,2026-07-07,-,-,"Gordo Tin, Agencia Noticias Argentinas"
PENDIENTE,,-,No,2026-07-07,-,-,-
PENDIENTE,,-,No,2026-07-07,-,-,-
PENDIENTE,,-,No,2026-07-07,-,-,Estados Unidos
PENDIENTE,,-,No,2026-07-07,-,-,-
PENDIENTE,,-,No,2026-07-08,-,-,-
PENDIENTE,,-,No,2026-07-08,-,-,-
PENDIENTE,,-,No,2026-07-08,-,-,-
PENDIENTE,,-,No,2026-07-08,-,-,-
PENDIENTE,,-,No,2026-07-08,-,-,-
PENDIENTE,,-,No,2026-07-08,-,-,-
PENDIENTE,,CABA,Sí,2026-07-08,-,-,Diario Hoy En
PENDIENTE,,-,No,2026-07-08,-,-,-
PENDIENTE,,-,No,2026-07-08,-,-,-
PENDIENTE,,-,No,2026-07-08,-,-,-
PENDIENTE,,-,No,2026-07-08,-,-,-
PENDIENTE,,-,No,2026-07-09,-,-,-
PENDIENTE,,-,No,2026-07-09,-,-,-
PENDIENTE,,CABA,Sí,2026-07-09,-,-,-
PENDIENTE,,-,No,2026-07-09,-,-,-
PENDIENTE,,-,No,2026-07-09,-,-,-
PENDIENTE,,-,No,2026-07-09,-,-,-
PENDIENTE,,CABA,Sí,2026-07-09,-,-,-
PENDIENTE,,-,No,2026-07-10,-,-,Diario Primera Linea
PENDIENTE,,-,No,2026-07-10,-,-,-
PENDIENTE,,-,No,2026-07-10,-,-,-
PENDIENTE,,-,No,2026-07-10,-,Policía de la Ciudad,-
PENDIENTE,,-,No,2026-07-10,-,-,-
PENDIENTE,,-,No,2026-07-10,-,-,Prieto Fasano
PENDIENTE,,-,No,2026-07-10,-,-,-
PENDIENTE,,-,No,2026-07-10,-,-,Agencia Noticias Argentinas
PENDIENTE,,-,No,2026-07-10,-,-,-
PENDIENTE,,-,No,2026-07-11,-,-,Alejandra Monteoliva
PENDIENTE,,CABA,Sí,2026-07-11,-,-,"Justicia Federal, Perspectiva Sur"
PENDIENTE,,-,No,2026-07-11,-,-,-
PENDIENTE,,-,No,2026-07-11,-,-,Agencia Noticias Argentinas
PENDIENTE,,CABA,Sí,2026-07-11,-,-,"Facundo Molares, Ciencias Sociales"
PENDIENTE,,-,No,2026-07-11,-,-,Diario Nuevo
PENDIENTE,,-,No,2026-07-11,-,-,Agencia Paco Urondo
PENDIENTE,,-,No,2026-07-11,-,-,-
PENDIENTE,,-,No,2026-07-11,-,-,-
PENDIENTE,,-,No,2026-07-11,-,-,-
PENDIENTE,,-,No,2026-07-11,-,-,Puerto Madero
PENDIENTE,,-,No,2026-07-11,-,-,Puerto Madero
PENDIENTE,,-,No,2026-07-11,-,-,General Paz
PENDIENTE,,-,No,2026-07-11,-,-,Rodolfo Junior
PENDIENTE,,CABA,Sí,2026-07-12,-,-,-
PENDIENTE,,CABA,Sí,2026-07-12,-,-,-
PENDIENTE,,-,No,2026-07-12,-,-,-
PENDIENTE,,-,No,2026-07-12,-,-,-
PENDIENTE,,-,No,2026-07-12,-,-,-
PENDIENTE,,-,No,2026-07-12,-,-,-
PENDIENTE,,-,No,2026-07-12,-,-,Prensa Latina
PENDIENTE,,CABA,Sí,2026-07-13,-,-,-
PENDIENTE,,-,No,2026-07-13,-,-,-
PENDIENTE,,-,No,2026-07-13,-,-,Jorge Macri
PENDIENTE,,-,No,2026-07-13,-,-,Puerto Madero
PENDIENTE,,-,No,2026-07-13,-,-,General Paz
PENDIENTE,,-,No,2026-07-14,-,-,-
PENDIENTE,,CABA,Sí,2026-07-14,-,-,-
PENDIENTE,,-,No,2026-07-14,-,Gendarmería Nacional,"Capital Federal, Telesol Diario"
PENDIENTE,,-,No,2026-07-14,-,-,-
PENDIENTE,,-,No,2026-07-14,-,-,-
PENDIENTE,,-,No,2026-07-14,-,-,-
PENDIENTE,,-,No,2026-07-14,-,-,-
PENDIENTE,,-,No,2026-07-14,-,-,Diario Democracia
PENDIENTE,,-,No,2026-07-15,-,-,Telefe Noticias
PENDIENTE,,-,No,2026-07-15,-,-,-
PENDIENTE,,-,No,2026-07-15,-,-,Juan Carlos Pagotto
PENDIENTE,,-,No,2026-07-15,-,-,-
PENDIENTE,,-,No,2026-07-15,-,-,-
PENDIENTE,,-,No,2026-07-15,-,-,Diario Democracia
PENDIENTE,,-,No,2026-07-15,-,-,-
PENDIENTE,,-,No,2026-07-15,-,-,Diario Democracia
PENDIENTE,,-,No,2026-07-15,-,-,-
PENDIENTE,,-,No,2026-07-15,-,-,-
PENDIENTE,,-,No,2026-07-15,-,-,-
PENDIENTE,,-,No,2026-07-16,-,-,-
PENDIENTE,,-,No,2026-07-16,-,-,Facundo Leal
PENDIENTE,,-,No,2026-07-16,-,-,-
PENDIENTE,,-,No,2026-07-16,-,-,-
PENDIENTE,,-,No,2026-07-16,-,-,-
PENDIENTE,,-,No,2026-07-16,-,-,-
PENDIENTE,,-,No,2026-07-17,-,-,-
PENDIENTE,,-,No,2026-07-17,-,-,-
PENDIENTE,,-,No,2026-07-17,-,-,-
PENDIENTE,,-,No,2026-07-17,-,-,"Jorge Macri, Tiempo Argentino"
PENDIENTE,,-,No,2026-07-17,-,-,-
PENDIENTE,,CABA,Sí,2026-07-17,-,-,"Pedido De Captura, Fue Demorado"
PENDIENTE,,CABA,Sí,2026-07-18,-,-,-
PENDIENTE,,-,No,2026-07-18,-,-,Comodoro Py
PENDIENTE,,CABA,Sí,2026-07-19,-,-,-
PENDIENTE,,-,No,2026-07-19,-,-,Ley Bases
PENDIENTE,,-,No,2026-07-19,-,-,-
PENDIENTE,,-,No,2026-07-19,-,-,-
PENDIENTE,,-,No,2026-07-19,-,-,-
PENDIENTE,,-,No,2026-07-20,-,-,Sin Mordaza
PENDIENTE,,-,No,2026-07-20,-,-,-
PENDIENTE,,-,No,2026-07-20,-,-,-
PENDIENTE,,-,No,2026-07-20,-,-,Doble Amarilla
PENDIENTE,,-,No,2026-07-20,-,-,-
PENDIENTE,,-,No,2026-07-20,-,-,-
PENDIENTE,,-,No,2026-07-20,-,-,-
PENDIENTE,,-,No,2026-07-20,-,-,Primera Fuente
PENDIENTE,,-,No,2026-07-21,-,-,-
PENDIENTE,,CABA,Sí,2026-07-21,-,-,-
PENDIENTE,,-,No,2026-07-21,-,-,-
PENDIENTE,,-,No,2026-07-21,-,-,-
PENDIENTE,,-,No,2026-07-21,-,-,-
PENDIENTE,,-,No,2026-07-21,-,-,-
PENDIENTE,,-,No,2026-07-21,-,Gendarmería Nacional,-
PENDIENTE,,-,No,2026-07-21,-,-,-
PENDIENTE,,-,No,2026-07-21,-,-,Neuquen Post
PENDIENTE,,-,No,2026-07-21,-,-,-
PENDIENTE,,-,No,2026-07-21,-,-,-
PENDIENTE,,-,No,2026-07-22,-,-,-
